:020000040800F2
:10000000F0D00020450100082D0400082F0400084E
:1000100037040008390400083B0400080000000011
:100020000000000000000000000000003D04000887
:100030003F040008000000004104000843040008D9
:100040005F0100085F0100085F0100085F01000810
:100050005F0100085F0100085F0100085F01000800
:100060005F0100085F0100085F0100085F010008F0
:100070005F0100085F0100085F0100085F010008E0
:100080005F0100085F0100085F0100085F010008D0
:100090005F0100085F0100085F0100085F010008C0
:1000A0005F0100085F0100085F0100085F010008B0
:1000B0005F0100085F0100085F0100085F010008A0
:1000C0005F0100085F0100085F0100085F01000890
:1000D0005F0100085F0100085F0100085F01000880
:1000E0005F0100085F0100085F0100085F01000870
:1000F0005F0100085F0100085F0100085F01000860
:100100005F0100085F0100085F0100085F0100084F
:100110005F0100085F0100085F0100085F0100083F
:100120005F0100085F0100085F0100085F0100082F
:10013000DFF80CD006F064FA00480047C901000857
:10014000F0D000200648804706480047FEE7FEE75B
:10015000FEE7FEE7FEE7FEE7FEE7FEE7FEE7FEE777
:10016000D11E00083101000820A006F05BFAFBE771
:1001700030B58FB02821684606F02DF814210AA862
:1001800006F029F801210804CDE9001000240294AA
:1001900002250491CDE907504FF4E010099068461C
:1001A00003F03DFB60B90F20CDE90A056802CDE9F7
:1001B0000C4002210AA80E9403F079FD002801D01A
:1001C000FFF7D2FF0FB030BD03F0F6F9FFF7D0FF15
:1001D00000F016F800F0BEF800F05EF800F05CF9F0
:1001E00042F21074204603F023FAFBE75F45727277
:1001F0006F725F48616E646C65720D0A00000000EA
:100200002DE9F04186B00024204800940194029426
:100210000394816941F004018161816901F0040165
:100220000491816941F0100181618069184F00F0EB
:100230001000049000225621384604F074F8DFF8CC
:10024000548000221021404604F06DF8562001250C
:100250000226CDE90005CDE902466946384603F09D
:10026000B5FE0820CDE9000469463846029403F043
:10027000ADFE1020CDE90005CDE9024669464046B5
:1002800003F0A4FE06B0BDE8F081000000100240BB
:1002900000080140001001402B4810B529490160B9
:1002A0004FF48271416000218160C1604FF400729F
:1002B0000161C0E905122822C0E90721416281627B
:1002C0000A21C16201F067FE002803D0BDE810409A
:1002D000FFF74ABF10BD00B585B000210091019124
:1002E000029103910068174988421AD11748816921
:1002F00041F480518161816901F4805104918169E7
:1003000041F0040181618069694600F004000490B5
:10031000A020009002200190032003900C4803F0DD
:1003200055FE05B000BD00680649884208D107485F
:10033000816921F480518161A021054803F04CBFFF
:1003400070470000003001404000002000100240D3
:1003500000080140324810B5304901604FF4E131E6
:100360004160002181600C22C160C0E904128161FA
:10037000C16104F0ADFF002803D0BDE81040FFF7D5
:10038000F3BE10BD30B585B00024009401940294F2
:10039000039400682149884224D12248816941F4AC
:1003A00080418161816901F480410491816941F05A
:1003B0000401816180691C4D00F0040004904FF439
:1003C00000700090022001900320039069462846A7
:1003D00003F0FCFD2815CDE9000469462846029487
:1003E00003F0F4FD05B030BD00680C49884209D126
:1003F0000C48816921F4804181614FF4C0610A4851
:1004000003F0EABE704713B54FF6FF730122694649
:10041000034805F0A7F800981CBD00000038014013
:10042000980000200010024000080140704706A01C
:1004300006F0F8F8FEE7FEE7FEE7FEE770477047D4
:10044000704703F0D7B80000486172644661756C6C
:10045000745F48616E646C65720000000C4808B5FA
:10046000816941F001018161816901F0010100911F
:10047000C16941F08051C161C06900F080500090B5
:100480000448416821F0E06141F00071416008BD1D
:1004900000100240000001402DE9FE4376A006F066
:1004A000C1F800F0F5FC4FF0FF3410B12046BDE874
:1004B000FE8379A006F0B6F800F029FA012000F0DA
:1004C00084FB49F6607006F0D1F95FEA00087DD040
:1004D0007AA006F0A7F8FF2000900023F0224FF446
:1004E0002A71404600F014FD042000F046FD79A07A
:1004F00006F098F800F0B0FA7E4800F0B8FB4FF430
:10050000FA69484603F094F87BA006F08BF800F0F7
:10051000FEF9404600F018FD012000F0F0FD7DA03E
:1005200006F080F801242346032250210A2000947B
:1005300000F04FFE02231A465A210A20009400F0D0
:1005400048FE0323002264210A20009400F041FEAB
:100550000325CDE9005400264622782311461420B5
:10056000029600F090FECDE9005446217823142233
:100570000846029600F087FE02270097CDE9014663
:10058000462278231146142000F0C5FFCDE90074FF
:100590007823822246215020029400F0BCFFCDE94E
:1005A0000046002314225F212D2001F009F8009459
:1005B000002314225F216920019401F001F8CDE9A4
:1005C00000545F237D221946552000E04FE002943D
:1005D00000F059FECDE90074692273234B211046C7
:1005E000029400F050FECDE900574E4B4EA2002180
:1005F0000A2001F046F9CDE90076534B53A21E21A3
:100600000A2001F03EF9CDE90054554B55A27D2159
:100610000A2001F070F9CDE90054554B554A3221BA
:100620000A2001F06BFA54A005F0FCFF404600F0F0
:1006300051FB40F6B83002F0FBFF53A005F0F2FF8B
:1006400000F065F9012000F0C0FA54A005F0EAFFBF
:1006500000F08DFB404606F0E1F8484602F0E8FF66
:1006600054A005F0DFFF00F030FC00201FE760A081
:1006700005F0D8FF1AE7000044656275673A204527
:1006800050445F3130696E3835675F74657374202C
:1006900044656D6F0D0A000044656275673A206518
:1006A0002D506170657220496E697420616E6420FE
:1006B000436C6561722E2E2E0D0A00004465627532
:1006C000673A205061696E745F4E6577496D616766
:1006D000650D0A0044656275673A2073686F77207C
:1006E000696D61676520666F722061727261790D54
:1006F0000A000000D868000853656C656374496D92
:100700006167653A426C61636B496D6167650D0AAB
:100710000000000044726177696E673A496D616755
:10072000650D0A00100000205265642C2079656C6C
:100730006C6F772C20776869746520616E64206225
:100740006C61636B0000000008000020466F75724A
:1007500020636F6C6F7220652D50617065720000B0
:1007600018000020CEA2D1A9B5E7D7D30000000021
:100770000000002040E201004550445F446973706E
:100780006C61790D0A00000044656275673A204388
:100790006C6561722E2E2E0D0A0000004465627594
:1007A000673A20476F746F20536C6565702E2E2E4C
:1007B0000D0A000044656275673A20636C6F7365CB
:1007C0002035562C204D6F64756C6520656E746500
:1007D0007273203020706F77657220636F6E73754F
:1007E0006D7074696F6E202E2E2E0D0A00000000B1
:1007F00044656275673A204661696C656420746F70
:10080000206170706C7920666F7220626C61636B1E
:10081000206D656D6F72792E2E2E0D0A000000007E
:1008200010B5FF4C01220221204603F07CFD14206C
:1008300002F0FEFE00220221204603F074FD0A2091
:1008400002F0F6FE01220221204603F06CFDBDE815
:100850001040142002F0ECBE70B5F14C06460022A8
:100860000421204603F05FFD00221021204603F002
:100870005AFDEC4D00221021284603F054FD30466D
:1008800000F0F6FA01221021204603F04CFD284624
:10089000BDE870400122102103F045BD70B5E04C69
:1008A000064601220421204603F03DFD00221021CE
:1008B000204603F038FDDB4D00221021284603F0CE
:1008C00032FD304600F0D4FA01221021204603F018
:1008D0002AFD2846BDE870400122102103F023BD07
:1008E00010B5D1A005F09EFECD4C0821204603F0A6
:1008F00013FD01284FF00A0002D002F099FEF4E740
:1009000002F096FEBDE81040CDA005F08BBE10B5FC
:10091000FFF786FFFFF7E4FF4D20FFF79DFF7820EC
:10092000FFF7BCFFE020FFF797FF0120FFF7B6FFBE
:10093000E520FFF791FF0820FFF7B0FFA220FFF7A7
:100940008BFF0120FFF7AAFF0020FFF785FF2F2074
:10095000FFF7A4FF2120FFF7A1FFA220FFF77CFFF4
:100960000220FFF79BFF0020FFF776FF2F20FFF705
:1009700095FF2120FFF792FFA220FFF76DFF0020D7
:10098000FFF78CFF0120FFF767FF0720FFF786FFC7
:100990000020FFF783FF0620FFF75EFF0D20FFF723
:1009A0007DFF1220FFF77AFF3020FFF777FF20202E
:1009B000FFF774FF1920FFF771FF3D20FFF76EFF6F
:1009C0000C20FFF76BFF3020FFF746FF0820FFF7F2
:1009D00065FF5020FFF740FF3720FFF75FFF6120E2
:1009E000FFF73AFF0220FFF759FFA820FFF756FF55
:1009F0000120FFF753FFE020FFF750FF6520FFF7CE
:100A00002BFF0020FFF74AFF0020FFF747FF0020E1
:100A1000FFF744FF0020FFF741FFE320FFF71CFF33
:100A20008820FFF73BFFE920FFF716FF0120FFF7C3
:100A300035FFB820FFF710FFB520FFF72FFFC820C4
:100A400002F0F6FD0420FFF707FF4FF4FA7002F002
:100A5000EFFDBDE8104043E710B5FFF7E1FEFFF7FB
:100A60003FFF4D20FFF7F8FE7820FFF717FFE0204B
:100A7000FFF7F2FE0120FFF711FFE520FFF7ECFE84
:100A80000820FFF70BFFA220FFF7E6FE0120FFF78B
:100A900005FF0020FFF7E0FE2F20FFF7FFFE2120DB
:100AA000FFF7FCFEA220FFF7D7FE0220FFF7F6FEBD
:100AB0000020FFF7D1FE2F20FFF7F0FE2120FFF7E7
:100AC000EDFEA220FFF7C8FE0020FFF7E7FE0120A1
:100AD000FFF7C2FE0720FFF7E1FE0020FFF7DEFE72
:100AE0000620FFF7B9FE0D20FFF7D8FE1220FFF712
:100AF000D5FE3020FFF7D2FE2020FFF7CFFE1920D1
:100B0000FFF7CCFE3D20FFF7C9FE0C20FFF7C6FE25
:100B10003020FFF7A1FE0820FFF7C0FE5020FFF7AE
:100B20009BFE3720FFF7BAFE6120FFF795FE0220FB
:100B3000FFF7B4FEA820FFF7B1FE0120FFF7AEFEDD
:100B4000E020FFF7ABFE6520FFF786FE0020FFF7F1
:100B5000A5FE0020FFF7A2FE0020FFF79FFE002069
:100B6000FFF79CFEE320FFF777FE8820FFF796FE55
:100B7000E920FFF771FE0120FFF790FEB820FFF794
:100B80006BFEB520FFF78AFEC82002F051FD04205D
:100B9000FFF762FE4FF4FA7002F04AFDFFF7A0FE85
:100BA000E020FFF759FE0320FFF778FEE620FFF76D
:100BB00053FE5C20FFF772FEA520FFF74DFE0020DC
:100BC000FFF76CFEBDE810408AE62DE9F041810197
:100BD00041EA001141EA80010143AA274FF4F0766F
:100BE00001F0FF08102000F0D9F80025002440464D
:100BF00000F002F9641CA4B2BC42F8D36D1CADB283
:100C0000B542F3D3102000F0E0F800250024404660
:100C100000F009F9641CA4B2BC42F8D36D1C1FE0BB
:100C2000000801400010014044656275673A206584
:100C30002D506170657220627573790D0A00000095
:100C400044656275673A20652D5061706572206257
:100C50007573792072656C656173650D0A0000001B
:100C6000ADB2B542D2D3BDE8F04100F0F3B82DE902
:100C7000F0470646AA254FF4F079102000F08EF8D0
:100C80000024002704FB05F807EB4800305C00F067
:100C9000B3F87F1CBFB2AF42F6D3641CA4B24C457C
:100CA000EFD3102000F091F80024002704FB05F892
:100CB00007EB48002844305C00F0B5F87F1CBFB259
:100CC000AF42F5D3641CA4B24C45EED3BDE8F04767
:100CD00000F0C0B82DE9F0478046AA25F026102084
:100CE00000F05CF80024002704FB05F908EB07017D
:100CF00019F8010000F080F87F1CBFB2AF42F5D3B5
:100D0000641CA4B2B442EED300270024552000F0A6
:100D100073F8641CA4B2AC42F8D37F1CBFB2B742D4
:100D2000F3D3102000F051F80024002704FB05F94C
:100D300008EB070119F8010000F075F87F1CBFB23D
:100D4000AF42F5D3641CA4B2B442EED30027002412
:100D5000552000F068F8641CA4B2AC42F8D37F1CA4
:100D6000BFB2B742F3D3BDE8F04700F073B810B597
:100D70000220FFF771FD0020FFF790FD642002F0D4
:100D800057FCFFF7ADFD0720FFF766FDA520FFF735
:100D900085FDBDE81040642002F04ABC70B5324CBD
:100DA000054600220421204603F0BDFA002210214E
:100DB000204603F0B8FA284600F05AF82046BDE86D
:100DC00070400122102103F0AEBA70B50546002232
:100DD0000421254803F0A7FA244C002210212046C4
:100DE00003F0A1FA284600F043F82046BDE8704021
:100DF0000122102103F097BA70B51B4C0546012261
:100E00000421204603F08FFA00221021204603F02F
:100E10008AFA284600F02CF82046BDE870400122EE
:100E2000102103F080BA70B50546012204210E4856
:100E300003F079FA0D4C00221021204603F073FADA
:100E4000284600F015F82046BDE870400122102128
:100E500003F069BA10B51220FFF7FEFC0020FFF77F
:100E60001DFDBDE810403BE50008014000100140B9
:100E700001B54FF47A7301226946224801F079F9ED
:100E800008BD8AB201464FF47A731E4801F071B969
:100E900010B51D4C00220421204603F044FA002224
:100EA0001021204603F03FFA00221021174803F0DA
:100EB0003AFA01224021204603F035FA01220221AC
:100EC000204603F030FA002010BD10B50E4C002271
:100ED0000421204603F027FA00221021204603F0C7
:100EE00022FA00221021094803F01DFA00224021B5
:100EF000204603F018FA20460022BDE810400221E7
:100F000003F011BA40000020000801400010014029
:100F100070B5FE4C049E0025206021816281A6816F
:100F20000220E0824E074FEAD10000D0401C6082D0
:100F3000A282E381258223B1B42B02D0A280E1807A
:100F400070BDA180E28070BDF0490860704710B5A7
:100F500004000BD05A2C09D0B42C07D0B4F5877FED
:100F600004D0BDE81040EAA005F05CBB0146F1A04A
:100F700005F058FBE548C48110BDE44910B50A8965
:100F800002280DD0042813D0062817D0072815D022
:100F9000F0A005F047FBBDE81040F9A005F042BB0A
:100FA000C882DA4852070089C0080CE0488210BDA8
:100FB000C882D64892070089800804E0C882D348D6
:100FC000D20700894008002AF0D0401CEEE710B597
:100FD00004000AD0012C08D0022C06D0032C04D027
:100FE000BDE81040EF4805F01DBB6008C00701D008
:100FF000EDA200E0EEA2E00701D0EBA100E0ECA141
:10100000EDA005F00FFBC148048210BDF0B4BF4C49
:10101000A388834234D3E3888B4231D32346E789C4
:101020001E895D89CFB15A2F1AD0B42F1CD0B7F5C5
:10103000877F42D10B46281A401E80B2218AD9B13F
:10104000012916D0022904D0032936D1F11A491EEC
:101050008BB2281A401E80B20EE003460846EDE728
:10106000711A491E8BB2E9E7301A401E83B2681A22
:10107000E2E7F11A491E8BB29E4201D3854203D2A8
:10108000F0BCD6A005F0CEBAA049E58A4C8A096822
:10109000022D14D0042D23D0062D01D0072D0CD104
:1010A000444304EB5300DB075B0FF025DD400C5C91
:1010B0001201AC43DA4022430A54F0BC7047444367
:1010C00004EBD3058024002A485D03F0070224FACC
:1010D00002F402D004434C55EFE7A0434855ECE737
:1010E000444304EB930094079B075D0F0A5CC02305
:1010F000EB409A43230EEB4013430B54DDE730B52E
:101100008249CA8A022A0AD0042A1CD0062A01D09F
:10111000072A17D140EA00100022C3B23BE00022A8
:10112000C3B20CE0002005E002FB04040D68401C83
:1011300080B22B554C8A8442F6D8521C92B2888ACF
:101140009042EFD830BD830143EA0013002243EA06
:1011500080030343DBB20CE0002005E002FB040443
:101160000D68401C80B22B554C8A8442F6D8521C24
:1011700092B2888A9042EFD830BD002006E000BFCE
:1011800002FB04040D68401C80B22B554C8A84423B
:10119000F6D8521C92B2888A9042EED830BD2DE922
:1011A000F0471F4616460D468046DDF820900CE0BD
:1011B000444606E04A4629462046FFF727FF641CBE
:1011C000A4B2B442F6D36D1CADB2BD42F0D3BDE8BB
:1011D000F0872DE9F05F4D4D93468146AA880A9825
:1011E0001C4688464A4502D3EA8842450ED285A06D
:1011F00005F018FAAA88494692A005F013FAEA8881
:101200004146BDE8F05F98A005F00CBA012801D076
:10121000002635E00025681E00EB440719E009EBC5
:1012200005000026A0EB040A0FE000BFBAF1000F92
:101230000DD408EB0600001B09D481B21FFA8AF016
:101240005A46FFF7E3FE761C36B2B742EEDC6D1C61
:101250002DB2AF42E3DCBDE8F09F002509EB0607A5
:101260007F1E09E008EB0500401E81B2B8B25A4665
:10127000FFF7CCFE6D1C2DB2A542F3DB761C36B217
:10128000A642EADBE7E72DE9FE4F1D461F4B164657
:101290009A88824206D3DB888B4203D3B24201D3C1
:1012A000AB4204D2BDE8FE4F79A005F0BBB983463E
:1012B0008A46321A00D5821B91466A1A002A00DD3E
:1012C0004A1B90464FF0FF32B34501D2012000E0A7
:1012D00010460290AA4500D2012209EB080400271B
:1012E00001927F1C0E98FFB2012805D10320B7FBA5
:1012F000F0F100FB117040B10120DDE90C230090FA
:1013000051465846FFF765FFE2E0F8E0D8000020BC
:1013100044656275673A20726F74617465203D2080
:10132000302C2039302C203138302C203237300D01
:101330000A00000044656275673A205365742069AD
:101340006D61676520526F746174652025640D0AB4
:101350000000000044656275673A205365742053AD
:1013600063616C6520496E70757420706172616D87
:1013700065746572206572726F720D0A000000005C
:1013800044656275673A205363616C65204F6E6CEB
:101390007920737570706F72743A20322034203760
:1013A0000D0A0000002303086D6972726F7200005D
:1013B0006E6F6E650000000044656275673A206DCF
:1013C0006972726F7220696D61676520783A257362
:1013D0002C20793A25730D0A0000000044656275DF
:1013E000673A20457863656564696E672064697350
:1013F000706C617920626F756E6461726965730DDE
:101400000A00000044656275673A205061696E7495
:101410005F44726177506F696E7420496E707574A5
:10142000206578636565647320746865206E6F72EB
:101430006D616C20646973706C61792072616E6794
:10144000650D0A0058706F696E74203D2025642078
:101450002C205061696E742E5769647468203D2099
:10146000256420200D0A200059706F696E74203D9C
:10147000202564202C205061696E742E48656967B0
:101480006874203D20256420200D0A200000000003
:1014900044656275673A205061696E745F44726199
:1014A000774C696E6520496E707574206578636548
:1014B00065647320746865206E6F726D616C206462
:1014C0006973706C61792072616E67650D0A000046
:1014D000B8EB440F07DCB3451BD0029944440BEB37
:1014E00001001FFA80FBB9EB440FFFF6FAAEAA45E4
:1014F0000FD001984C4450441FFA80FAF1E60120C5
:101500000090FF22514658460D9BFFF762FE0027D0
:10151000FAE6BDE8FE8F2DE9FE4F8246FA48914675
:101520000C46DDE90D5281880C9E1F46514506D3BD
:10153000C088A04203D3494501D3B84204D2BDE8D4
:10154000FE4FF2A005F06EB80020804662B90EE0B2
:10155000CDE9006523464A4619465046CDF8088035
:10156000FFF791FE641CA4B2BC42F1D3D1E7CDE9F0
:10157000006523464A4619465046CDF80880FFF7D5
:1015800082FECDE9006552463B4621461046CDF825
:101590000880FFF778FECDE900654A4623463946C4
:1015A0001046CDF80880FFF76EFECDE900653B469A
:1015B000524619464846CDF80880FFF764FEA8E772
:1015C0002DE9FF4F8046D04885B00F468488139997
:1015D000444502D3C088B84205D809B0D748BDE811
:1015E000F04F05F01FB803200024A0EB420015B215
:1015F0000FFA80FA01297AD0E9E0264661E000BFBF
:101600004FF0010908EB040007EB060B02901FFAEC
:101610008BF1CDF8009080B24B46089AFFF7D9FDC8
:10162000A8EB040004901FFA8BF1CDF8009080B273
:101630000123089AFFF7CDFD3819CDE9009081B25A
:10164000A8EB060B1FFA8BF00123089AFFF7C1FDE8
:10165000381B039081B2CDF800901FFA8BF0012364
:10166000089AFFF7B6FD0498A7EB060B1FFA8BF15B
:10167000CDF8009080B20123089AFFF7AAFD0298E6
:101680001FFA8BF1CDF8009080B20123089AFFF782
:10169000A0FD039808EB060B81B2CDF800901FFA6D
:1016A0008BF00123089AFFF794FD0198CDF8009084
:1016B00081B21FFA8BF00123089AFFF78AFD761C8E
:1016C00036B2AE429CDDBAF1000F06DA0AEB8400B6
:1016D000801D0FFA80FA08E009E0611B0AEB810027
:1016E0000A306D1E0FFA80FA2DB2641C24B2AC428F
:1016F00083DD09B0BDE8F08F08EB0400012607EB9D
:10170000050902901FFA89F1009680B2129B089A8F
:10171000FFF75FFDA8EB040003901FFA89F1009624
:1017200080B2129B089AFFF754FD3819CDE900608A
:1017300081B2A8EB05091FFA89F0129B089AFFF7FE
:1017400048FDA7EB040B1FFA8BF11FFA89F00096F6
:10175000129B089AFFF73DFD0398A7EB05091FFAB6
:1017600089F1009680B2129B089AFFF732FD029829
:101770001FFA89F1009680B2129B089AFFF729FDA3
:1017800008EB05091FFA8BF11FFA89F00096129BEE
:10179000089AFFF71EFD0198009681B21FFA89F0A2
:1017A000129B089AFFF715FDBAF1000F05DA0AEB54
:1017B0008400801D0FFA80FA07E0611B0AEB8100AC
:1017C0000A306D1E0FFA80FA2DB2641C24B2AC42AE
:1017D00092DD8EE72DE9F05F81464B481E46DDF82D
:1017E0002CB0838888464B4502D3C188414504D23A
:1017F000BDE8F05F52A004F015BFB088410700D0EB
:10180000012101EBD000203AF18850434843316870
:101810004FF0800A0F1800252FE0002424E000BFBD
:10182000BBF1FF0F3A7804F007012AFA01F002EA4F
:10183000000201D00AB908E082B108EB050081B2CC
:1018400009EB040080B20A9A06E008EB050081B2B9
:1018500009EB040080B25A46FFF7D8FBE04340078B
:1018600000D17F1C641CA4B2B088A042D8D83079C3
:10187000400700D07F1C6D1CADB2F088A842CCD8C8
:10188000E9E42DE9FC5F80461F4889460D468188C2
:101890004446DDF834B01E461746A14203D3C18842
:1018A0008246A94222D2BDE8FC5F354804F0BABEA8
:1018B000B088BAF804300119994203D9F188444636
:1018C00029448DB2F188BAF806002944814201D931
:1018D00044464D460C983346CDE900B02946204693
:1018E000FFF778FFB0887F1C204484B23A78002A42
:1018F000DED1BDE8FC9F2DE9F05F1D46904606460F
:101900008A46DDF82CB0F3E0D8000020446562750B
:10191000673A20496E7075742065786365656473F5
:1019200020746865206E6F726D616C2064697370DD
:101930006C61792072616E67650D0A00A823030847
:1019400044656275673A205061696E745F447261E4
:10195000774368617220496E70757420657863659D
:1019600065647320746865206E6F726D616C2064AD
:101970006973706C61792072616E67650D0A000091
:10198000642303087F294FF0000053D8AA884BE056
:1019900053232C68434314F813308B4243D1532113
:1019A0004843022101EB400004EB0009002736E028
:1019B00000242BE04FEAE47004EB507020F00700A5
:1019C000A4EB0002BBF1FF0F99F800104FF080006C
:1019D00020FA02F001EA000101D009B907E071B173
:1019E0000AEB070081B2301980B20A9A05E00AEBCF
:1019F000070081B2301980B25A46FFF707FBFB4857
:101A00002040072801D109F10109641C2889A0425E
:101A1000D0DC287A400701D009F101097F1C6889D0
:101A2000B842C5DC02E0401C8242B1DC08F101088A
:101A3000E8885CE00127AB8854E053222C684243DD
:101A400014F812C08C454CD107EB4202A45C98F804
:101A50000120944245D1532250430222296802EBCF
:101A6000400001EB0009002737E000242CE000BF14
:101A70004FEAE47004EB507020F00700A4EB000282
:101A8000BBF1FF0F99F800104FF0800020FA02F030
:101A900001EA000101D009B907E071B10AEB0700C2
:101AA00081B2301980B20A9A05E00AEB070081B2D0
:101AB000301980B25A46FFF7A9FACC4820400728CF
:101AC00001D109F10109641C2889A042D0DC287ADF
:101AD000400701D009F101097F1C6889B842C4DCC4
:101AE00002E0401C8342A8DC288908F10208064471
:101AF00098F8001000297FF445AFC1E62DE9FF4FAB
:101B0000ADF5037D8846DDE990AB814600244FF4B6
:101B1000807715462646394642A804F05CFB3946D4
:101B200002A804F058FBB24842AA83884B4502D36E
:101B3000C188414505D2AFA004F074FD0DF5077DC5
:101B4000D8E50A210DF1080095FBF1F301FB1353D1
:101B500095FBF1F530330355641C24B2002DF3D10D
:101B60001146002C08DD031913F8013C8B55761C37
:101B7000641E36B224B2F4E7CDE900BA41464846C5
:101B8000869BFFF77EFED9E72DE9FF5FADF5067D69
:101B900000244FF48079164698462546494642A8C7
:101BA000959F04F018FB494602A804F014FB42A8D4
:101BB00083903046414604F01CFC8D49869A83464A
:101BC0008B88934203D3CA8887998A4205D289A019
:101BD00004F028FD0DF50A7D52E64FF00A090DF1DB
:101BE000080A67B304F0DBFB3246434604F0D4FB3B
:101BF00004F01EFCFEB2DFF83C8204E0414604F033
:101C0000F5FA761EF6B2002EF8D104F0D9FBF9B23F
:101C10004A4653460CE000BF90FBF2F602FB160664
:101C2000303690FBF2F01E55641C491E24B2C9B236
:101C30000029F1D12E200AF80400641C24B2584671
:101C40004A46514690FBF2F302FB130390FBF2F07D
:101C500030330B55641C24B20028F3D142A8002C69
:101C600008DD0A1912F8012C42556D1C641E2DB2B4
:101C700024B2F4E7DDE99610CDE90001DDE9860143
:101C8000949B839AFFF7FDFDA4E72DE9FF4F85B0F4
:101C900069A117468046DDE9126507C902AB4FF01E
:101CA0000A0983E8070039790898B1FBF9F19A46E7
:101CB00084881AF80120CDE900564046089B069911
:101CC000FFF788FD397908EB040BB1FBF9F209FB4A
:101CD00012111FFA8BF01AF80120CDE90056089B6B
:101CE0000699FFF777FDCDE900560BEB940000EB6A
:101CF000540080B23A22089B0699FFF76BFD797970
:101D000008EB4400B1FBF9F100EB54001AF8012094
:101D1000CDE9005680B2089B0699FFF75BFD797903
:101D200004EB440BB1FBF9F209FB12110BEB0800B9
:101D30001AF80120CDE9005600EB540080B2089B50
:101D40000699FFF747FD08EB8400CDE9005600EB4C
:101D50005400A0EB940080B23A22089B0699FFF74A
:101D600039FDB979089BB1FBF9F11AF8012004EBB0
:101D70008401CDE9005601EB080080B20699FFF717
:101D800029FDBA7908EB4B00B2FBF9F109FB1121EF
:101D900080B21AF80120CDE90056089B0699FFF79A
:101DA00019FDA6E470B50022114B0DE0002106E0FC
:101DB00002FB04141E68055D491C355589B25C8A16
:101DC0008C42F5D8521C92B2998A9142EED870BDDD
:101DD0002DE9FF5F8B46DDF838A01E4659074FEA14
:101DE000D30000D0401C8146002450E00700008052
:101DF000D800002044656275673A205061696E74AE
:101E00005F4469734E756D20496E707574206578F6
:101E1000636565647320746865206E6F726D616CB4
:101E200020646973706C61792072616E67650D0A58
:101E300000000000000020413031323334353637A5
:101E4000383900000298002504FB09F704EB00086C
:101E500019E000980F9900EBD5000029385C05F0D7
:101E6000070100FA01F003D040F3C012521C01E058
:101E7000C0F3C01205EB0B001FFA88F180B2FFF728
:101E8000C5F86D1CADB2B542E3D3641CA4B2544591
:101E9000D8D3BDE8FF9FF0B500230C4A491E11E0DE
:101EA00000240AE0978A03FB05466F434F438519D8
:101EB000641C7D5D1768A4B2BD55558AA542F1D852
:101EC0005B1C9BB2948A9C42EAD8F0BDD8000020EB
:101ED0002948016841F0010101604168274A114029
:101EE0004160016821F4102121F0807101600168D6
:101EF00021F480210160416821F4FE0141604FF42A
:101F00001F0181601E49C003086070471A4B586862
:101F100000F00C001B4A1C4900280ED004280ED0EB
:101F200008280ED00A605868184AC0F30310105CE5
:101F30000A6822FA00F0086070470A60F3E70A6056
:101F4000F1E7586800F470105A6802F480324FF0DC
:101F5000020C0CEB90403AB15A6812F4003F07D0E3
:101F60000B4A50430860DEE7094A50430860DAE74D
:101F7000044A50430860D6E7001002400000FFF812
:101F800008ED00E000127A0024000020E622030899
:101F900000093D00704770B50446002C09D0606A06
:101FA000002540B125616561A56294F8510040B1FA
:101FB0000CE0012070BD6068B0F5827FF4D0E5616F
:101FC000F2E784F850502046FEF785F9022084F8A5
:101FD00051002068016821F040010160A08821893A
:101FE00000F4827001F404410843A18901F4006106
:101FF0000843217C01F002010843217D01F0010129
:102000000843218B01F400710843217F01F038015E
:10201000084394F8201001F080010843218D01F459
:102020000051084321680860A169042000EA1140BA
:10203000216848602068C16921F40061C16165655B
:10204000012084F85100002070BD704710B504468F
:10205000002C11D0022084F851002068016821F082
:10206000400101602046FEF75EF90020606584F8BB
:10207000510084F8500010BD012010BD2DE9F84337
:1020800004460F4690469946089D01F0B9FA401B58
:10209000A9EB000501F0B4FA0646FE480068C0F35B
:1020A000CB30684300902068806837EA00000ED08B
:1020B0000020404546D0B9F1FF3F3BD001F0A0FAE7
:1020C000801BA84205D225B1009870B32FE00120F3
:1020D000EFE72068416821F0E00141606068B0F5F9
:1020E000827F0BD1A068B0F5004F02D0B0F5806FB1
:1020F00004D12068016821F040010160A06AB0F5B8
:10210000005F09D12068016821F400510160206856
:10211000016841F400510160012084F85100002061
:1021200084F850000320BDE8F883FFE700250098FD
:10213000401E00902068806837EA000005D000202B
:102140004045B8D10020BDE8F8830120F8E738B554
:1021500004460B460092002280212046FFF78EFFA6
:1021600028B1606D40F020006065032038BD00207C
:1021700038BD2DE9F84F04468B4692461D46002691
:1021800094F8500001280DD04FF0010984F85090C8
:1021900001F036FA074694F85100B046012804D001
:1021A0000226ADE00220BDE8F88FBBF1000F1CD085
:1021B0005FEA0A0019D0032084F85100C4F8548063
:1021C000C4F830B0A4F834A0A4F836A0C4F838801D
:1021D000A4F83C80A4F83E80C4F84480C4F8408051
:1021E000A068B0F5004F02D00BE0012688E020681F
:1021F000016821F0400101602068016841F48041DC
:1022000001602068016811F0400F03D1016841F0BE
:1022100040010160E068B0F5006F05D0606888B3E8
:10222000BAF1010F31D03AE0606810B1BAF1010F94
:1022300009D1206B21680088C860206B801C206356
:10224000E08E401EE086E08E002845D02068816840
:1022500011F0020F09D0216B0988C160206B801C2E
:102260002063E08E401EE08608E001F0C9F9C01B43
:10227000A84202D3B5F1FF3F05D125B1E08E002879
:10228000E4D129E001E003263AE0206B21680078E0
:102290000873206B401C2063E08E401EE086E08EB9
:1022A000D0B12068816811F0020F09D0216B097844
:1022B0000173206B401C2063E08E401EE08608E026
:1022C00001F09EF9C01BA84202D3B5F1FF3F0ED129
:1022D0006DB1E08E0028E4D13A4629462046FFF74A
:1022E00036FF08B120206065A06810B105E0032624
:1022F00006E02068C16880680090606D00B101262A
:1023000084F8519084F850803046BDE8F88F38B595
:1023100004466068B0F5827F0BD1A068B0F5004F2D
:1023200002D0B0F5806F04D12068036823F0400329
:1023300003606068B0F5827F03D1A068B0F5806F5C
:102340000DD00B460092002280212046FFF796FE1A
:1023500098B1606D40F020006065032038BD0B46E9
:102360000092002201212046FFF788FE28B1606D0F
:1023700040F020006065032038BD002038BD2DE905
:10238000F84F04460A9E8A4693461F4601254FF0A1
:10239000000894F8500001280ED0012084F8500065
:1023A00001F02EF9814694F85100616801280ED0A1
:1023B000B1F5827F07D102E00220BDE8F88FA16865
:1023C00009B9042803D04FF0020800F0CEB8BAF1E2
:1023D000000F1DD0BBF1000F1AD0380018D094F8B0
:1023E0005100042802D0052084F8510000206065C7
:1023F000C4F838B0E787A787C4F830A0E786A78677
:10240000206460642068016811F0400F03D006E08A
:102410004FF00108A9E0016841F040010160E06867
:10242000B0F5006F05D0606800284BD0012F49D06F
:1024300081E0606808B1012F3DD1206B21680088E0
:10244000C860206B801C2063E08E401EE08632E076
:102450002068816811F0020F0DD0E18E59B1012D75
:1024600009D1216B0988C160206B801C2063E08E3C
:10247000401EE08600252068816811F0010F0ED013
:10248000E18F61B1C068A16B0880A06B801CA06364
:10249000E08F01E024000020401EE087012501F0CC
:1024A000AFF8A0EB0900B04205D3B6F1FF3F02D070
:1024B0004FF0030859E0E08E0028C9D1E08F0028D2
:1024C000C6D13EE0206B216800780873206B401C69
:1024D0002063E08E401EE0862DE02068816811F0C8
:1024E000020F0DD0E18E59B1012D09D1216B097870
:1024F0000173206B401C2063E08E401EE0860025A7
:102500002068816811F0010F0BD0E18F49B1C068DC
:10251000A16B0870A06B401CA063E08F401EE08799
:10252000012501F06DF8A0EB0900B04202D3B6F12D
:10253000FF3F11D186B1E08E0028CED1E08F002878
:10254000CBD14A4631462046FFF701FE38B14FF065
:1025500001082020606508E04FF0030805E0A0684E
:1025600018B92068C16880680090012084F8510083
:10257000002084F850004046BDE8F88F2DE9F84F60
:1025800004468A4691461D46002660684FF0040BBB
:10259000B0F5827F01D1A06888B194F8500001287D
:1025A00018D0012084F8500001F02AF8074694F86A
:1025B00051004FF0000801280FD002268BE084F86C
:1025C00051B04B465246514620460095FFF7D7FE84
:1025D000BDE8F88F0220BDE8F88FBAF1000F1BD0DC
:1025E000B9F1000F18D084F851B0C4F85480C4F881
:1025F00038A0A4F83C90A4F83E90C4F83080A4F829
:102600003480A4F83680C4F84080C4F84480A068C0
:10261000B0F5004F02D00BE001265CE020680168B5
:1026200021F0400101602068016821F480410160CF
:102630002068016811F0400F03D1016841F04001AA
:102640000160E06880B1E08F58B32068816811F0C4
:10265000010F29D0C068A16B0880A06B801CA0630B
:10266000E08F401EE08728E0E08FD0B120688168CD
:1026700011F0010F09D0007BA16B0870A06B401C0A
:10268000A063E08F401EE08708E000F0B9FFC01BA8
:10269000A84202D3B5F1FF3F04D11DB1E08F00285D
:1026A000E4D10DE0032616E000F0AAFFC01BA8420B
:1026B00002D3B5F1FF3F16D1ADB1E08F0028C4D1F0
:1026C0003A4629462046FFF722FE08B120206065E1
:1026D000606D00B10126012084F8510084F850801B
:1026E0003046BDE8F88F0326F5E77047704710B510
:1026F00082B00446F64845F6C0510068B0FBF1F0E0
:1027000064214843019000F07BFF02462068019954
:10271000B1B10199491E0191816811F0020FF6D003
:10272000416821F0A001416064212046FFF70FFDC0
:1027300018B1606D40F020006065A06828B108E025
:10274000616D41F020016165EAE72068C168806839
:102750000090012084F85100606D20B12046FFF701
:10276000C5FF02B010BD2046FFF7BFFF02B010BD8D
:10277000016B026809781173016B491C0163C18EFA
:10278000491EC186C18E002900D1B0E77047016B98
:1027900002680988D160016B891C0163C18E491EE2
:1027A000C186C18E002900D1A1E7704710B4002373
:1027B00090F850C0BCF1010F0CD04FF0010C80F824
:1027C00050C09C4649B142B190F85140012C06D00E
:1027D000022337E010BC02207047012332E00324BB
:1027E00080F85140C0F854C001638286C286C0F8A8
:1027F00038C0A0F83CC0A0F83EC0C0F840C0C168D6
:1028000011B1B449416401E0B34941648168B1F553
:10281000004F09D101680A6822F040020A6001688D
:102820000A6842F480420A6001684A6842F0A002E5
:102830004A6001680A6812F0400F03D10A6842F04A
:1028400040020A6080F850C010BC184670477047BC
:1028500038B504462068416821F06001416000F00D
:10286000CFFE024664212046FFF751FD18B1606D8E
:1028700040F020006065A06818B92068C1688068D1
:102880000090012084F85100606D18B12046FFF7D8
:102890002DFF38BD2046FFF7DAFF38BD0168097B00
:1028A000826B1170816B491C8163C18F491EC18786
:1028B000C18F002900D1CBE770470168C968826BDE
:1028C0001180816B891C8163C18F491EC187C18FB3
:1028D000002900D1BCE77047704710B582B00446AC
:1028E0007B4845F6C0510068B0FBF1F064214843D5
:1028F000019000F085FE02462068416821F0200129
:102900004160019898B10198401E0190206880684C
:1029100010F0020FF5D064212046FFF718FC18B123
:10292000606D40F020006065A06828B108E0606D2F
:1029300040F020006065EEE72068C1688068009084
:10294000616D012031B184F851002046FFF7CEFEC1
:1029500002B010BD94F85110042906D084F851003B
:102960002046FFF7B9FF02B010BD84F851002046A1
:10297000FFF76DFF02B010BD016B0268097811739B
:10298000016B491C0163C18E491EC186C18E00299D
:1029900008D101684A6822F080024A60C18F00298C
:1029A00000D19AE770470168097B826B1170816BD7
:1029B000491C8163C18F491EC187C18F002908D17D
:1029C00001684A6822F060024A60C18E002900D185
:1029D00083E77047016B02680988D160016B891C2D
:1029E0000163C18E491EC186C18E002908D10168CC
:1029F0004A6822F080024A60C18F002900D16CE74A
:102A000070470168C968826B1180816B891C816382
:102A1000C18F491EC187C18F002908D101684A684A
:102A200022F040024A60C18E002900D155E770476C
:102A300070B44FF0000C90F85040012C0CD00124E1
:102A400080F8504090F8514045680026012C0DD088
:102A5000B5F5827F07D102E070BC0220704785681F
:102A60000DB9042C02D04FF0020C2CE0B1B1AAB188
:102A7000A3B190F85140042C02D0052480F85140B5
:102A8000466501638386C38682638387C387C16883
:102A900039B1124901641249416406E04FF0010C5A
:102AA00011E0104901641049416401684A6842F02C
:102AB000E0024A6001680A6812F0400F03D10A6818
:102AC00042F040020A6080F8506070BC6046704777
:102AD000240000208F27000871270008032A00081F
:102AE000D5290008A72900087929000870B4002317
:102AF000D0F808C00425BCF1000F03D14468B4F538
:102B0000827F0DD090F85040012C0FD0012480F826
:102B1000504090F851600024012E0AD0022338E082
:102B200080F8515070BC13460A4681E770BC022001
:102B3000704779B172B180F85150446581638287E2
:102B4000C28704638486C4864464C16821B1FE4997
:102B5000016403E001231CE0FC490164BCF5004F63
:102B600009D101680A6822F040020A6001680A6817
:102B700022F480420A6001684A6842F060024A60BA
:102B800001680A6812F0400F03D10A6842F040025F
:102B90000A6080F8504070BC1846704710B5406A13
:102BA00001684A6822F003024A60416D41F0100159
:102BB0004165012180F85110FFF798FD10BD38B52F
:102BC00005466C6A00F01CFD02462868006810F09B
:102BD000200F23D12068416821F020014160206846
:102BE000416821F00201416064212046FFF7AFFAFD
:102BF00018B1606D40F020006065A068002118B930
:102C00002068C26880680090E186012084F8510045
:102C1000606D18B12046FFF769FD38BD2046FFF70B
:102C200064FD38BD704710B5406AFFF7FBFF10BD6B
:102C30002DE9F0410446002594F85000012809D000
:102C4000012784F8507094F851000026012804D020
:102C5000022550E00220BDE8F08189B182B1032055
:102C600084F8510066652163A286E286A6636664E5
:102C70002664A687E687A068B0F5004F02D00BE077
:102C8000012538E02068016821F0400101602068DA
:102C9000016841F480410160A16CAD48C862A16C3B
:102CA000AC488862A16CAC480863A06C4663E38EB4
:102CB0002068216B00F10C02A06C01F040FC38B1DF
:102CC000606D40F010006065012584F8517012E0DD
:102CD0002068016811F0400F03D1016841F0400104
:102CE00001602068416841F020014160206841682E
:102CF00041F00201416084F850602846BDE8F0814F
:102D000070B505466C6A00F07BFC024628680068D6
:102D100010F0200F27D12068416821F02001416088
:102D2000A06818B96068B0F5827F16D02068416845
:102D300021F00101416064212046FFF7E8FA08B163
:102D4000202060650020E087012084F85100606D3C
:102D500048B12046FFF7CAFC70BD2068416821F0E9
:102D600003014160E7E72046FFF771FD70BD704742
:102D700010B5406AFFF7FBFF10BD70B505466C6AE1
:102D800000F03EFC02462868006810F0200F1ED1BB
:102D90002068416821F02001416064212046FFF74E
:102DA000D6F918B1606D40F0200060652068416878
:102DB00021F0030141600020E086E087012084F8D3
:102DC0005100606D18B12046FFF790FC70BD2046A1
:102DD000FFF782FD70BD704710B5406AFFF7FBFF3B
:102DE00010BD2DE9F0410446002594F8500001285B
:102DF0000DD0012784F8507094F85100D4F804C025
:102E0000002601280FD0BCF5827F0AD102E0022003
:102E1000BDE8F081D4F808C0BCF1000F01D104284E
:102E200001D002256FE0002933D0002A31D07BB3D6
:102E300094F85100042802D0052084F851006665FA
:102E40002163A386E386A263A387E387266466647F
:102E500094F8510004281ED0E16C4048C862E16C2F
:102E60003F488862E16C3C480863E06C4663E38F4E
:102E70002068A26B00F10C01E06C01F060FB88B1EE
:102E8000606D40F010006065012584F851703AE0F3
:102E9000FFE7012537E0E16C3248C862E16C324857
:102EA0008862DFE72068416841F001014160A06C61
:102EB000C662A06C8662A06C0663A06C4663E38E5B
:102EC0002068216B00F10C02A06C01F038FB38B1D6
:102ED000606D40F010006065012584F8517012E0CB
:102EE0002068016811F0400F03D1016841F04001F2
:102EF00001602068416841F020014160206841681C
:102F000041F00201416084F850602846BDE8F0813C
:102F10002DE9F04104460025A0680423002804D1CF
:102F2000D4F804C0BCF5827F22D094F850C0BCF124
:102F3000010F25D0012784F8507094F851C0002665
:102F4000BCF1010F1FD011E0BB2800089D2800082C
:102F5000272C0008BF2B00089D2B0008D92D000846
:102F60007B2D0008712D0008012D0008022555E079
:102F700084F851302046BDE8F04113460A4630E758
:102F80000220BDE8F08171B16AB184F85130666504
:102F9000A163A287E28726646664A686E686B0F50A
:102FA000004F02D00BE0012538E02068016821F0D5
:102FB000400101602068016821F480410160E16CFA
:102FC000FB48C862E16CFB488862E16CFA48086320
:102FD000E06C4663E38F2068A26B00F10C01E06CAB
:102FE00001F0ADFA38B1606D40F010006065012568
:102FF00084F8517012E02068016811F0400F03D18D
:10300000016841F0400101602068416841F0200101
:1030100041602068416841F00101416084F85060DE
:103020002846BDE8F08181B0E44945F6C052096800
:10303000B1FBF2F16422514300910168009AB2B1F0
:10304000009A521E00928A6812F0020FF6D00A68A7
:1030500022F040020A6001684A6822F0E0024A60F9
:103060000168C968072180F8511001B07047426DAE
:1030700042F040024265EAE701684A6822F08002B5
:103080004A6001680A6822F040020A60072180F85D
:1030900051107047F0B583B004460025C74845F687
:1030A000C0510068B0FBF1F06421484301900198E1
:1030B00002902068416821F0200141602168486841
:1030C00010F0800F0DD0BE4860640298002860D0D8
:1030D0000298401E029094F851000728F5D10198FB
:1030E0000290486810F0400F0DD0B6482064029856
:1030F000002854D00298401E029094F851000728EE
:10310000F5D10198029048684FF0400710F0020F87
:103110004FF0000616D0A06CA0B14663A06C01F081
:103120004CFA00B167652068416821F002014160F6
:103130002068029991B30299491E0291816811F0A9
:10314000020FF6D02068406810F0010F11D0E06C3B
:1031500078B14663E06C01F030FA00B16765206831
:10316000016821F0400101602068416821F00101FF
:103170004160E687E686606D40281AD06665206863
:10318000C16880680090012084F8510003B028468F
:10319000F0BD606D40F040006065A0E704E0606D48
:1031A00040F040006065ACE7606D40F04000606555
:1031B000C8E70125E3E7704738B5446A206801682D
:1031C00021F040010160E06C002545632068416802
:1031D00021F00101416000F013FA0246642120460B
:1031E000FEF7B5FF18B1606D40F040006065A06C5F
:1031F00010B1406B00280FD1E587E586606D40284F
:1032000000D065652068C16880680090012084F85E
:1032100051002046FFF7CFFF38BD00B583B0406AAC
:103220000022816C4A6365490B6845F6C051B3FBC7
:10323000F1F164235943029101684B6823F00203C2
:103240004B600299E9B10299491E029101688968AF
:1032500011F0020FF5D0C16C11B1496B00290ED1EC
:10326000C287C286416D402900D042650168CA68A4
:1032700089680191012180F85110FFF79CFF03B08C
:1032800000BD416D41F040014165E4E72DE9F041A9
:1032900084B0044600260125484845F6C051006820
:1032A000B0FBF1F06421484302900298039020683B
:1032B000416821F0200141602168486810F0800FCA
:1032C0000CD03F486064039818B30398401E0390E5
:1032D00094F851000728F6D102980390486810F03E
:1032E000400F0CD0374820640398B8B10398401EB3
:1032F000039094F851000728F6D102980390A06C2F
:10330000002788B1496811F0020F0CD02E494163A3
:103310000AE0606D40F040006065DDE7606D40F000
:1033200040006065E9E74763E06C40B121684968A7
:1033300011F0010F02D02549416300E04763206886
:1033400040684FF0400810F0020F0AD0A06C40B166
:1033500001F057F920B1A06C4763C4F8548000E035
:1033600000252068406810F0010F0AD0E06C40B1E1
:1033700001F047F920B1E06C4763C4F8548000E0E5
:103380000025012D0FD1E787E786606D40281FD00B
:1033900067652068C16880680190012084F8510049
:1033A0002046FFF708FF04B03046BDE8F08100007A
:1033B000712D0008012D00089D2B0008240000201D
:1033C00079300008273000081B320008B9310008A6
:1033D0000126DEE790F8501001290CD0012180F879
:1033E000501001684A6822F003024A60002180F808
:1033F0005010002070470220704790F850100129AB
:103400000CD0012180F8501001684A6842F0030294
:103410004A60002180F85010002070470220704759
:1034200070B504460025A06C002807D001F0C5F84F
:1034300020B1606D40F0100060650125E06C38B18E
:1034400001F0BBF820B1606D40F01000606501250F
:103450002068416821F003014160012084F8510097
:10346000284670BD10B5406A0021C187C186FFF7AC
:103470003DF910BD38B5044620684268816811F0F6
:10348000400F0BD111F0010F08D012F0400F05D002
:10349000216C01B02046BDE83040084711F0020F12
:1034A00008D012F0800F05D0616C01B02046BDE855
:1034B0003040084701F0200301F0400C53EA0C03B0
:1034C0004CD012F0200F49D011F0400F0AD094F8E0
:1034D0005130032B43D0636D43F004036365C3682D
:1034E0008368009311F0200F09D0616D41F0010154
:1034F000616581680091016821F040010160606DA3
:1035000000282BD02068416821F0E00141600120B3
:1035100084F8510002F0020002F00101084322D0B9
:103520002068416821F003014160134DE06C40B117
:103530004563E06C01F065F818B1606D40F0400043
:103540006065A06C002809D04563A06C01F059F8B3
:10355000002803D0606D40F04000606538BDC16850
:103560008068009038BD2046FFF7C0F838BD90F85D
:1035700051007047406D704765340008704770B562
:103580000446574D4FF47A712878B1FBF0F0554955
:103590000968B1FBF0F001F094FD08B1012070BDA5
:1035A000102C07D200222146501E01F02CFD6C6029
:1035B000002070BD012070BD10B54B48016841F07E
:1035C00010010160032001F00FFD0020FFF7D7FF7D
:1035D000FCF744FF002010BD704710B543484FF082
:1035E000FF31C16000220261C160C260FFF7F4FFD9
:1035F000002010BD3A48816802781144816070470C
:1036000037488068704736484068704770B5002179
:10361000334D2C78844206D028706868FFF7AFFFDE
:10362000014601B12C70084670BD2D4800787047E6
:1036300070B50446FFF7E4FF0546B4F1FF3F02D042
:10364000274800780444FFF7DBFF401BA042FAD371
:1036500070BD4FF0E020016921F002010161704767
:103660004FF0E020016941F00201016170472048FC
:10367000704720480068000C70471E480068C0F37F
:103680000B0070471C48006870471C480068704772
:103690001B48006870471748416841F001014160CC
:1036A00070471448416821F001014160704711489A
:1036B000416841F00201416070470E48416821F0C5
:1036C0000201416070470B48416841F004014160CC
:1036D00070470848416821F00401416070470000CC
:1036E000280000202400002000200240001002409A
:1036F00000070101002004E0E8F7FF1FECF7FF1FBF
:10370000F0F7FF1F2DE9F041FFF77AFF0546F74C70
:10371000206840F001002060206810F0020F0BD1FB
:10372000FFF76EFF401B022802D90320BDE8F0819D
:10373000206810F0020FF3D0206820F0F80040F06D
:1037400080002060FFF75CFF054600266660606829
:1037500010F00C0F0DD041F28837FFF751FF401BDE
:10376000B84202D90320BDE8F081606810F00C0F68
:10377000F3D1E049DE480860DF480068FFF7FFFE4C
:1037800010B10120BDE8F081FFF73AFF054620683F
:1037900020F080702060206810F0007F0BD0FFF7D1
:1037A0002FFF401B022802D90320BDE8F0812068CA
:1037B00010F0007FF3D16660FFF722FF0546206816
:1037C00020F410202060206810F4003F0BD0FFF799
:1037D00017FF401B642802D90320BDE8F081206850
:1037E00010F4003FF3D1206820F480202060606A4C
:1037F00040F080706062A6600020BDE8F08181B07A
:10380000BC494FF4FA520968B1FBF2F14843009009
:1038100000BF0098411E0091FAD201B070472DE917
:10382000F84F0446002C0FD02078B04D10F0010F57
:103830006CD0686800F00C0004280CD0686800F0B8
:103840000C00082803D010E00120BDE8F88F68685C
:1038500010F4803F09D0286810F4003F56D060680B
:10386000002853D10120BDE8F88F6068B0F5803F93
:1038700015D0C8B1B0F5A02F1FD0286820F4803033
:103880002860286820F480202860606858B3FFF71B
:10389000B7FE0646286810F4003F17D036E02868C7
:1038A00040F480302860F0E7286820F480302860F9
:1038B000286820F480202860E7E7286840F480200A
:1038C0002860286840F480302860DEE7FFF798FE23
:1038D000801B642802D90320BDE8F88F286810F403
:1038E000003FF3D012E0FFF78BFE0646286810F485
:1038F000003F0BD0FFF784FE801B642802D9032011
:10390000BDE8F88F286810F4003FF3D120787B4F92
:1039100010F0020F4FF0010B4FF0000854D0686810
:1039200010F00C0F14D0686800F00C00082803D1C8
:10393000686810F4803F0BD0206978B3C7F800B0F6
:10394000FFF75EFE0646286810F0020F12D01DE059
:10395000286810F0020F05D02069012802D001204C
:10396000BDE8F88F2868616920F0F80040EAC100DE
:10397000286029E0FFF744FE801B022802D90320BB
:10398000BDE8F88F286810F0020FF3D0286861694D
:1039900020F0F80040EAC100286015E0FFE7C7F812
:1039A0000080FFF72DFE0646286810F0020F0BD0AE
:1039B000FFF726FE801B022802D90320BDE8F88FFE
:1039C000286810F0020FF3D1207810F0080F30D0E3
:1039D0004B48A169C1B1C0F800B0FFF711FE06461F
:1039E000686A10F0020F0BD1FFF70AFE801B022855
:1039F00002D90320BDE8F88F686A10F0020FF3D0F7
:103A00000120FFF7FCFE14E0C0F80080FFF7F8FD8E
:103A10000646686A10F0020F0BD0FFF7F1FD801B1D
:103A2000022802D90320BDE8F88F686A10F0020F5F
:103A3000F3D1207810F0040F6FD00026E86910F061
:103A4000805F08D1E86940F08050E861E86900F0E3
:103A5000805000900126DFF8ACA0DAF8000010F4E6
:103A6000807F1BD1DAF8000040F48070CAF80000B3
:103A7000FFF7C6FD8146DAF8000010F4807F0DD113
:103A8000FFF7BEFDA0EB0900642802D90320BDE8C2
:103A9000F88FDAF8000010F4807FF1D0E068012898
:103AA00016D0D0B105282FD0286A20F00100286256
:103AB000286A20F004002862E06841F2883A68B37E
:103AC000FFF79EFD8146286A10F0020F27D048E0DC
:103AD000286A40F001002862EEE7286A20F0010021
:103AE0002862286A20F004002862E5E700100240FE
:103AF00000127A00240000202C0000200000424226
:103B00008004424200700040286A40F004002862AD
:103B1000286A40F001002862CEE728E00DE0FFF7B8
:103B20006FFDA0EB0900504502D90320BDE8F88FD6
:103B3000286A10F0020FF2D013E0FFF761FD814612
:103B4000286A10F0020F0CD0FFF75AFDA0EB090015
:103B5000504502D90320BDE8F88F286A10F0020F03
:103B6000F2D1012E03D1E86920F08050E861E069CC
:103B7000F0B3696801F00C01082956D0022810D072
:103B8000C7F86080FFF73CFD0446286810F0007F0E
:103B90005ED0FFF735FD001B022841D90320BDE8A8
:103BA000F88FC7F86080FFF72BFD0646286810F0F5
:103BB000007F0BD0FFF724FD801B022802D90320D1
:103BC000BDE8F88F286810F0007FF3D1206AB0F5C7
:103BD000803F05D16868A16820F400300843686020
:103BE000616A206A0843696821F47411084300E09F
:103BF0002EE06860C7F860B0FFF702FD0446286851
:103C000010F0007F24D1FFF7FBFC001B022802D933
:103C10000320BDE8F88F286810F0007FF3D017E08C
:103C2000286810F0007FB4D112E001280DD0686838
:103C3000226A00F48031914204D1616A00F470106C
:103C4000884205D00120BDE8F88F0120BDE8F88F3B
:103C50000020BDE8F88F85B0CDA083684268016878
:103C6000C0680393029201910490CDA00068009077
:103C7000CC4B5968CC4801F00C02042A11D0082A18
:103C80000FD101A8C1F38342805C11F4803F0AD0B8
:103C90005968C1F340411DF80110C34A5043B0FBBD
:103CA000F1F005B07047C14905B0484370472DE9B0
:103CB000F04704460D46002C17D0DFF8F482D8F800
:103CC000000000F00700A84212D2D8F8000020F04F
:103CD00007002843C8F80000D8F8000000F00700EB
:103CE000A84205D00120BDE8F0870120BDE8F0879B
:103CF0002068AC4E10F0020F14D010F0040F03D067
:103D0000706840F4E0607060207810F0080F03D015
:103D1000706840F460507060706820F0F001A06836
:103D200008437060207810F0010F3AD060680128D5
:103D300006D002280BD0316811F0020F27D00AE01C
:103D4000316811F4003F06D10120BDE8F0873168E9
:103D500011F0007F18D0716821F0030108437060F2
:103D6000FFF74EFC07467068616800F00C00B0EB8E
:103D7000810F16D041F28839FFF742FCC01B48453D
:103D800008D90320BDE8F0870120BDE8F0870120B5
:103D9000BDE8F0877068616800F00C00B0EB810F3F
:103DA000EAD1D8F8000000F00700A8420FD9D8F8EF
:103DB000000020F007002843C8F80000D8F80000F1
:103DC00000F00700A84202D00120BDE8F08720786B
:103DD00010F0040F05D07068E16820F4E06008433B
:103DE0007060207810F0080F06D07068216920F408
:103DF000605040EAC1007060FFF72DFF71686D4AA6
:103E0000C1F30311515CC8406B4908606B480068FE
:103E1000FFF7B5FB0020BDE8F08730B587B00D4651
:103E20000020049002200390032005904FF480703E
:103E300002905C4CA06940F00400A061A06900F011
:103E40000400019002A95E4800F0C0F8606820F00C
:103E5000E0602843606007B030BD5A490120C86463
:103E6000704758490020C86470475348006870473D
:103E700000B5FFF7FAFF4B494968534AC1F30221E5
:103E8000515CC84000BD00B5FFF7EFFF45494968E8
:103E90004D4AC1F3C221515CC84000BD0F210160F1
:103EA000404B196811F4802F4FF0000103D04FF4FC
:103EB000A022426008E01A6812F4803F03D04FF459
:103EC0008032426000E041605A6802F40032826051
:103ED0001A6812F0010F4FF0010201D0026100E0F8
:103EE0000161D3F800C0CCF3C40CC0F814C0D3F8FF
:103EF00020C01CF0040F04D04FF0050CC0F80CC01B
:103F000007E0D3F820C01CF0010F01D0C26000E030
:103F1000C160D3F824C01CF0010F01D0826100E021
:103F20008161196811F0807F02D00221C16100E037
:103F3000C261596801F480310162596801F470115D
:103F4000416270470F220260164A536803F0030370
:103F50004360536803F0F0038360536803F4E06345
:103F6000C360526802F46052D208026110480068CF
:103F700000F0070008607047704710B5094CA06852
:103F800010F0800F03D0FFF7F7FF8020A07210BD64
:103F900002030405060708090A0B0C0D0E0F10108A
:103FA000010200000010024000127A0000093D00EA
:103FB00000200240E6220308240000202C000020FC
:103FC0000008014000004242F62203082DE9F84FA4
:103FD0004FF0000C00230A68002A7DD0DFF8A4838C
:103FE0000F2708F1040909F1040A0AF1040B012260
:103FF00002FA0CF60A683240B2426ED1DFF888E36A
:104000004C68A4EB0E0574452BD00DDC032C34D08A
:1040100005DC34B3012C19D0022C2FD11BE0112C5C
:1040200016D0122C2AD119E0B5F5881F19D006DC5C
:10403000B5F5803F15D0B5F5801F1FD111E0B5F55E
:10404000001F0ED0B5F5041F18D10AE0CB6815E0AB
:10405000CB681B1D12E0CB6808330FE0CB680C3334
:104060000CE08B6823B1012B04D00823466105E0E6
:10407000042303E00823066100E00023B2F5807FFB
:1040800001D2054601E000F1040502D24FEA8C049A
:1040900003E0ACF108044FEA84042E6807FA04FE3A
:1040A00026EA0E0603FA04F446EA04042C604C687F
:1040B00014F0805F11D0B54CA56945F00105A561EC
:1040C000A46904F0010400942CF0030404F180447A
:1040D00004F58034A66801E07CE074E04FEA8C755A
:1040E0004FEA157507FA05FE26EA0E0EA0F1804686
:1040F000B6F5843628D0A0F18046B6F5863625D0B0
:10410000A0F18046B6F5883622D0A0F18046B6F5FB
:104110008A361FD0A0F18046B6F58C361CD0A0F1AF
:104120008046B6F58E3619D0062606FA05F545EA1C
:104130000E05A5604C6814F4803F11D0D8F80040FB
:104140001443C8F8004010E00026EEE70126ECE733
:104150000226EAE70326E8E70426E6E70526E4E781
:10416000D8F800409443C8F800404C6814F4003F6D
:1041700005D0D9F800401443C9F8004004E0D9F84C
:1041800000409443C9F800404C6814F4801F05D0E7
:10419000DAF800401443CAF8004004E0DAF80040BE
:1041A0009443CAF800404C6814F4001F05D0DBF8B3
:1041B00000402243CBF8002005E0DBF8004024EA71
:1041C0000202CBF800200CF1010C0A6832FA0CF262
:1041D0007FF40DAFBDE8F88F2DE9F04F00220029E4
:1041E0006FD0DFF8B091DFF8A8E1DFF8988109F12E
:1041F000040A0F27012393400B40002B7ED022F0AE
:10420000030C0CF1804404F58034D4F808C0950701
:104210002E0F07FA06F505EA0C0B704502D14FF098
:10422000000C1AE0A0F1804CBCF5863C3DD0A0F11A
:10423000804CBCF5883C3BD0A0F1804CBCF58A3C5E
:1042400039D0A0F1804CBCF58C3C37D0A0F1804C2B
:10425000BCF58E3C36D04FF0060C0CFA06FCDC4563
:104260001ED1D4F808C02CEA050CC4F808C0D8F850
:1042700000C02CEA030CC8F800C0DFF81CC1DCF851
:1042800000409C43CCF80040D9F800C02CEA030C55
:10429000C9F800C0DAF800C02CEA030CCAF800C064
:1042A000B3F5807F11D2844611E04FF0010CD4E7C2
:1042B0004FF0020CD1E74FF0030CCEE74FF0040CA7
:1042C000CBE727E04FF0050CC7E700F1040C02D262
:1042D0004FEA820403E0A2F108044FEA8404DCF808
:1042E000005007FA04F625EA06064FF0040505FA21
:1042F00004F446EA0404CCF8004000E004E0D0F8FE
:104300000CC02CEA0303C36002F1010231FA02F38C
:104310007FF470AFBDE8F08F8068084201D00120C3
:10432000704700207047002A01D0016170470904DE
:1043300001617047C26821EA0203114043EA01416A
:104340000161704781B041F480320092009A82612D
:1043500081610099816181690091806910F4803FD9
:1043600002D0002001B07047012001B070477047B3
:1043700010B50A490A68024202D00860FFF7F7FF49
:1043800010BD0000000401400000111000100240A8
:1043900000080140080401400404014014040140E5
:1043A00010B400280ED0FD4B0168FD4A99420CD292
:1043B000FC4B0B44A2FB0332120992000264FA4A3E
:1043C000C2630BE010BC01207047F84B0B44A2FB0A
:1043D0000332120992000264F54AC263022280F895
:1043E00021200A686FF30D12D0F808C043680469F1
:1043F00043EA0C03D0F80CC04CEA040C43EA0C036B
:10440000D0F814C043EA0C03D0F818C043EA0C03F8
:10441000D0F81CC043EA0C031A430A6000218163F0
:10442000012280F8212080F8201010BC0020704765
:1044300000281ED001680A6822F001020A600268A2
:104440000021116002685160026891600268D160C9
:10445000DFF848C30268D24B62450CD2DFF844C390
:104460006244A3FB0232120992000264CE4AC26384
:104470000BE001207047DFF834C36244A3FB023233
:10448000120992000264CA4AC26390F840200123D4
:1044900003FA02F2C36B5A608162C1620163416335
:1044A000816380F8211080F820100020704710B43C
:1044B00090F840C0012404FA0CFCC46BC4F804C09A
:1044C000D0F800C0CCF804304368102B05D0036846
:1044D00099600068C26010BC704703689A60006809
:1044E000C16010BC704770B50446002594F82000E8
:1044F00001280DD0012084F8200094F821C000206C
:10450000BCF1010F06D084F820000225284670BDBA
:10451000022070BD4FF0020C84F821C0A063206817
:10452000D0F800C02CF0010CC0F800C02046FFF706
:10453000BEFF2068016841F001010160E6E770B547
:104540000446002594F8200001280DD0012084F8AD
:10455000200094F821C00020BCF1010F06D084F89F
:1045600020000225284670BD022070BD4FF0020CCD
:1045700084F821C0A0632068D0F800C02CF0010CA2
:10458000C0F800C02046FFF792FFE06A28B120681B
:10459000016841F00E01016009E02068016821F026
:1045A000040101602068016841F00A01016020688F
:1045B000016841F001010160D4E790F82110002268
:1045C000022905D00421816380F820200120704752
:1045D00001680B6823F00E030B6001680B6823F081
:1045E00001030B6090F84030D0F83CC0012101FA83
:1045F00003F3CCF8043080F8211080F82020104616
:1046000070472DE9F05F002490F82110022903D0B3
:1046100004218163012490E001680A6822F00E02FF
:104620000A6001680A6822F001020A60614A0168B2
:10463000614BDFF888C1624D624E634FDFF88C81B9
:10464000DFF85891DFF888A1DFF888B1DFF888E15A
:10465000914232D9994201D101212BE0614501D12A
:10466000102127E0A94202D14FF4807122E0B1422B
:1046700002D14FF480511DE0B94202D14FF4803194
:1046800018E0414502D14FF4801113E0494501D1B2
:1046900001210FE0514501D110210BE0594502D114
:1046A0004FF4807106E0714502D14FF4805101E072
:1046B0004FF48031494A116036E0994201D101211D
:1046C00030E0614501D110212CE0A94202D14FF424
:1046D000807127E0B14202D14FF4805122E0B9420B
:1046E00002D14FF480311DE0414502D14FF48011D9
:1046F00018E0914202D14FF0807113E0494501D199
:1047000001210FE0514501D110210BE0594502D1A3
:104710004FF4807106E0714502D14FF4805101E001
:104720004FF48031204A5160012180F8211000218E
:1047300080F82010416B01B188472046BDE8F09F0A
:104740002DE9F74F82B00446164694F8210002285E
:1047500008D00420A063002084F8200005B00120C8
:10476000BDE8F08F2068016811F0200F06D04FF4EB
:104770008070A06305B00120BDE8F08FDFF83880BD
:10478000DFF83890DFF838A0DFF838B0094F039928
:1047900019B140455FD1042593E021E008040240AF
:1047A000CDCCCCCCF8FFFDBF00000240F8FBFDBF34
:1047B0000004024080000240080002401C00024049
:1047C0003000024044000240580002406C000240A9
:1047D0001C0402403004024044040240040402402D
:1047E000404501D102256CE0484501D1202568E013
:1047F000504502D14FF4007563E0584502D14FF4A3
:1048000000555EE0F949884202D14FF4003558E086
:10481000F749884202D14FF4001552E0B84202D164
:104820004FF000754DE0F349884201D1022548E080
:10483000F149884201D1202543E0F049884201D165
:1048400045153EE0EE49884202D14FF4005538E06C
:104850004FF4003535E0484501D1402531E0504561
:1048600002D14FF480652CE0584502D14FF48045C9
:1048700027E0DE49884202D14FF4802521E0DC495F
:10488000884202D14FF480051BE0B84202D14FF0BC
:10489000806516E0D749884201D1042511E0D64948
:1048A000884201D140250CE0D449884201D1051548
:1048B00007E0D349884202D14FF4804501E04FF42C
:1048C0008025FEF79DFE01902068CE49B84202D9AE
:1048D0000868284002E0CC480068284000286FD1D2
:1048E0002068B84238D9C7490968404501D1082035
:1048F00030E0484501D180202CE0504502D14FF4F2
:10490000006027E0584502D14FF4004022E0B74A4A
:10491000904202D14FF400201CE0B54A904202D1EF
:104920004FF4000016E0B34A904201D1082011E094
:10493000B14A904201D180200CE0B04A904201D1AE
:10494000C01407E0AE4A904202D14FF4004001E0AB
:104950004FF4002008403DE0AB490968404501D1D3
:10496000082036E0484501D1802032E0504502D190
:104970004FF400602DE0584502D14FF4004028E08C
:104980009A4A904202D14FF4002022E0984A904285
:1049900002D14FF400001CE0B84202D14FF0006099
:1049A00017E0944A904201D1082012E0924A9042C6
:1049B00001D180200DE0914A904202D1C01408E05C
:1049C00042E08F4A904202D14FF4004001E04FF4A0
:1049D0000020084098B194F84010E26B012000FAE2
:1049E00001F15160A16B41F00101A16384F8210044
:1049F000002084F8200005B00120BDE8F08FB6F15A
:104A0000FF3F14D02EB1FEF7FBFD0199401AB042D2
:104A10000DD9A06B40F02000A063012084F8210094
:104A2000002084F8200005B00120BDE8F08F206848
:104A3000B84203D973480068284002E07248006811
:104A4000284000283FF44CAF7049039830B12068EB
:104A5000B8426FD940457DD10420ACE02068B8420F
:104A600036D9404501D1022030E0484501D120200F
:104A70002CE0504502D14FF4007027E0584502D198
:104A80004FF4005022E0594A904202D14FF40030D6
:104A90001CE0574A904202D14FF4001016E0554AEC
:104AA000904201D1022011E0534A904201D12020CE
:104AB0000CE0524A904201D1401507E0504A904222
:104AC00002D14FF4005001E04FF4003008603DE0A7
:104AD000404501D1022037E0484501D1202033E094
:104AE000504502D14FF400702EE0584502D14FF4EA
:104AF000005029E03D49884202D14FF4003023E0C4
:104B00003B49884202D14FF400101DE0B84202D167
:104B10004FF0007018E03749884201D1022013E0BD
:104B20003549884201D120200EE03449884203D122
:104B3000401509E041E00DE03149884202D14FF4CF
:104B4000005001E04FF400302F494860012084F804
:104B5000210081E0484501D140202CE0504502D1A0
:104B60004FF4806027E0584502D14FF4804022E0A6
:104B70001E4A904202D14FF480201CE01C4A904211
:104B800002D14FF4800016E01A4A904201D104206D
:104B900011E0194A904201D140200CE0174A90429E
:104BA00001D1001507E0164A904202D14FF480402F
:104BB00001E04FF4802008604EE0404501D1042020
:104BC00048E0484501D1402044E0504502D14FF42F
:104BD00080603FE0584502D14FF480403AE00349FD
:104BE000884215D14FF4802034E000005800024084
:104BF0006C000240080402401C04024030040240E1
:104C00004404024000040240000002400404024048
:104C1000E849884202D14FF480001BE0B84202D13B
:104C20004FF0806016E0E449884201D1042011E091
:104C3000E249884201D140200CE0E149884201D19B
:104C4000001507E0DF49884202D14FF4804001E0BF
:104C50004FF48020DC494860002084F8200005B033
:104C6000BDE8F08F2DE9F05FC16B0A6801680B6841
:104C7000D0F840B04FF0040C0CFA0BFC1CEA020F09
:104C8000DFF848C3D24CD34DD34ED44FDFF8248342
:104C9000DFF82493DFF824A370D013F0040F7ED044
:104CA0000A6812F0200F03D10A6822F004020A6099
:104CB000CB4A0168914233D9614501D104212CE0EE
:104CC000A14201D1402128E0A94202D14FF48061E4
:104CD00023E0B14202D14FF480411EE0B94202D13B
:104CE0004FF4802119E0414502D14FF4800114E0D6
:104CF000494501D1042110E0514501D140210CE08A
:104D0000AF4A914201D1091507E0AE4A914202D162
:104D10004FF4804101E04FF48021B24A116038E045
:104D2000614501D1042132E0A14201D140212EE0B0
:104D3000A94202D14FF4806129E0B14202D14FF47F
:104D4000804124E0B94202D14FF480211FE0414567
:104D500002D14FF480011AE0914202D14FF08061FC
:104D600015E0494501D1042111E0514501D140210F
:104D70000DE0934A914202D1091508E00FE0914AF3
:104D8000914202D14FF4804101E04FF480218E4ADC
:104D90005160C16A002970D0BDE8F05F08474FF04C
:104DA000020E0EFA0BFE1EEA020F67D013F0020F7E
:104DB00064D00A6812F0200F06D10A6822F00A02B5
:104DC0000A60012180F82110854A0168914233D997
:104DD000614501D102212CE0A14201D1202128E02E
:104DE000A94202D14FF4007123E0B14202D14FF445
:104DF00000511EE0B94202D14FF4003119E04145A3
:104E000002D14FF4001114E0494501D1022110E014
:104E1000514501D120210CE0694A914201D1491547
:104E200007E0684A914202D14FF4005101E04FF48B
:104E300000316C4A116039E0614501D1022133E053
:104E4000A14201D120212FE0A94202D14FF40071EB
:104E50002AE0B14202D14FF4005125E0B94202D11B
:104E60004FF4003120E0414502D14FF400111BE026
:104E7000914204D14FF0007116E041E01FE0494536
:104E800001D1022110E0514501D120210CE04C4A12
:104E9000914201D1491507E04A4A914202D14FF4AB
:104EA000005101E04FF40031474A5160002180F881
:104EB0002010816A002923D0BDE8F05F08474FF039
:104EC000080C0CFA0BFC1CEA020F19D013F0080FA7
:104ED00016D00A6822F00E020A6090F84020C36BD8
:104EE000012101FA02F25A60816380F82110002149
:104EF00080F82010016B002902D0BDE8F05F084760
:104F0000BDE8F09F002390F820C0BCF1010F0ED047
:104F10004FF0010C80F820C090F821C0BCF1010FC7
:104F200007D00123002180F8201018467047022086
:104F3000704739B1012907D0022907D0032907D0CA
:104F40000123EFE78262EDE7C262EBE70263E9E784
:104F50004263E7E7002290F82030012B0DD00123B7
:104F600080F8203090F821C00023BCF1010F06D05A
:104F7000012280F820301046704702207047052932
:104F800011D2DFE801F0030507090B008362F0E7A7
:104F9000C362EEE70363ECE74363EAE78362C3625D
:104FA00003634363E5E70122E3E790F821007047DC
:104FB000806B70476C000240080402401C040240F1
:104FC0003004024044040240000002400800024055
:104FD0001C000240300002404400024058000240E1
:104FE000800002400404024000F00700844A116877
:104FF0004FF6FF03194041EA002040F0FD7040F0F9
:1050000080601060704710B47D4B1B68C3F30223AF
:10501000C3F1070CBCF1040F01D94FF0040C1C1DA7
:10502000072C01D2002300E0DB1E012404FA0CFC53
:10503000ACF1010C0CEA0101994004FA03F35B1E88
:105040001A401143002806DB00F1E020090180F836
:10505000001410BC704700F00F0000F1E0200901BF
:1050600080F8141D10BC704700280ADB00F01F01F7
:10507000012202FA01F14009800000F1E020C0F8AD
:105080000011704700280EDB00F01F01012202FA18
:1050900001F14009800000F1E020C0F88011BFF369
:1050A0004F8FBFF36F8F7047BFF34F8F5448016826
:1050B000544A01F4E06111430160BFF34F8F00BF18
:1050C000FDE7401EB0F1807F01D3012070474FF013
:1050D000E02148614C4AF0201070002088610720D0
:1050E00008610020704746480068C0F302207047FE
:1050F00030B4002806DB00F1E02090F800044FEA0D
:10510000101C07E000F00F0000F1E02090F8140DF3
:105110004FEA101C01F00700C0F10701042900D973
:105120000421041D072C01D2002000E0C01E012430
:105130002CFA00F504FA01F1491E2940116004FA25
:1051400000F0401E00EA0C00186030BC70470028D8
:105150000ADB00F01F01012202FA01F14009800080
:1051600000F1E020C0F800127047002810DB410970
:10517000890001F1E021D1F8001200F01F000122A6
:1051800002FA00F0014201D0012070470020704770
:105190000020704700280ADB00F01F01012202FAFC
:1051A00001F14009800000F1E020C0F88012704752
:1051B000002810DB4109890001F1E021D1F800133A
:1051C00000F01F00012202FA00F0014201D001208C
:1051D000704700207047002070474FF0E0210428FE
:1051E00004D0086920F0040008617047086940F0A5
:1051F000040008617047704710B5FFF7FCFF10BD51
:105200000CED00E00400FA0523ED00E070B5044663
:1052100020680169E26821F440511143016121696C
:10522000A0680843616901432068C26822F40372E0
:1052300022F4A0521143C16020684169A26921F49F
:105240004071114341612068A0F18041B1F59C316A
:105250003AD0FEF70DFE00EBC00101EB00106168D3
:10526000F94A8900B0FBF1F3A2FB0353B0FBF1FC58
:105270005B096FF018056B430CEB83034FF0320CA6
:105280000CEB0313A2FB03535B0903F0F005B0FB27
:10529000F1F3A2FB03635B0905EB0313B0FBF1F52C
:1052A000B0FBF1F0A2FB001040096FF01801484379
:1052B00005EB80000CEB0010A2FB00102168C0F38E
:1052C00043101844886070BDFEF7DDFDC3E77047EA
:1052D00070B50446002C04D094F83900002510B1B4
:1052E00006E0012070BD84F838502046FBF74AF8EC
:1052F000242084F839002068C16821F40051C1607D
:105300002046FFF783FF2068016921F49041016185
:105310002068416921F02A0141612068C16841F497
:105320000051C160E563202084F8390084F83A0018
:10533000002070BD70B50446002C04D094F83900EC
:10534000002510B106E0012070BD84F838502046D9
:10535000FBF718F8242084F839002068C16821F48C
:105360000051C1602046FFF751FF2068016921F418
:10537000904101612068416921F02201416120686A
:10538000416941F0080141612068C16841F4005160
:10539000C160E563202084F8390084F83A000020D9
:1053A00070BD70B504460E46002C04D094F8390048
:1053B000002510B106E0012070BD84F83850204669
:1053C000FAF7E0FF242084F839002068C16821F44E
:1053D0000051C1602046FFF719FF2068016921F4E0
:1053E000006101612068416921F02A014161206862
:1053F000016941F4804101612068016921F02001C7
:10540000016120680169314301612068C16841F48C
:105410000051C160E563202084F8390084F83A0027
:10542000002070BD2DE9F04104460E461746002CC1
:1054300004D094F83900002518B107E00120BDE838
:10544000F08184F838502046FAF79CFF242084F835
:1054500039002068C16821F40051C1602046FFF77F
:10546000D5FE2068016921F49041016120684169FD
:1054700021F02A0141612068016921F00F010161D9
:1054800020680169314301612068C16821F400612D
:10549000C1602068C1683943C1602068C16841F4B7
:1054A0000051C160E563202084F8390084F83A0097
:1054B0000020BDE8F081704710B50446002C13D0E1
:1054C000242084F839002068C16821F40051C160AB
:1054D0002046FAF789FF0020E06384F8390084F859
:1054E0003A0084F8380010BD012010BD2DE9F041CC
:1054F0000446069D884617461E462068006838EA1E
:10550000000020D00020B84227D1B5F1FF3F1CD0C9
:1055100025B1FEF775F8801BA84216D92068C1682E
:1055200021F4D071C1602068416921F0010141611D
:10553000202084F8390084F83A00002084F83800EC
:105540000320BDE8F0810120DDE72068006838EA2B
:10555000000005D00020B842D7D00020BDE8F0817F
:105560000120F8E72DE9F84304460E4615461F468C
:1055700094F83900202802D00220BDE8F883C6B193
:10558000BDB194F83800012816D0012084F8380005
:105590004FF00009C4F83C90212084F83900FEF750
:1055A0002FF88046A584E584A068B0F5805F06D01A
:1055B00007E00120BDE8F8830220BDE8F8832069F8
:1055C00080B13546002684F83890E08CB8B1434667
:1055D0000022802120460097FFF788FF20B103209A
:1055E000BDE8F8830025EEE7A5B12168287848607A
:1055F0006D1CE08C401EE084E08C0028E7D143461F
:105600000022402120460097FFF770FF48B1032099
:10561000BDE8F88330882168C0F308004860B61CF4
:10562000E7E7202084F839000020BDE8F8832DE961
:10563000F84304460E4615461F4694F83A002028C3
:1056400004D00220BDE8F8831F85EB51C6B1BDB17F
:1056500094F83800012816D0012084F838004FF063
:105660000009C4F83C90222084F83A00FDF7C8FFF6
:105670008046A585E585A068B0F5805F06D007E087
:105680000120BDE8F8830220BDE8F883206980B1DD
:105690003546002684F83890E08D40B3434600221A
:1056A000202120460097FFF721FF20B10320BDE80D
:1056B000F8830025EEE72DB1A068B0F5805F1CD01F
:1056C00038B108E020684068C0F308003080B61C9C
:1056D00007E0206988B12068406800F07F002870EA
:1056E0006D1CE08D401EE085E08D0028D6D1202085
:1056F00084F83A000020BDE8F883206840682870EC
:10570000EEE790F83930202B01D002207047A9B184
:10571000A2B190F83830012B12D001628284C28489
:105720000021C163212280F8392080F838100068F8
:10573000C16841F08001C1600020704701207047BE
:105740000220704790F83A30202B01D00220704799
:10575000F9B1F2B190F83830012B1CD0816282850A
:10576000C2850021C163222280F83A2080F83810D7
:105770000168CA6842F48072CA6001684A6942F0EE
:1057800001024A610068C16841F02001C160002047
:105790007047012070470220704770470168CA684F
:1057A00022F49072CA6001684A6922F001024A61DB
:1057B000202180F83A1070470168CA6822F0C002C0
:1057C000CA60202180F83910704770B5446A20689B
:1057D0004069C0F3C01094F839100025212904D184
:1057E00018B1E5842046FFF7E7FF20684069C0F361
:1057F000801094F83A10222904D118B1E58520468A
:10580000FFF7CCFFE06B40F01000E0632046FFF7AD
:10581000C4FF70BD704710B5406AFFF7FBFF10BDB5
:10582000704710B50146486A0968096811F0200FF1
:1058300002D0FFF7F5FF10BD0021C18401684A695D
:1058400022F080024A610068C16841F04001C160F5
:1058500010BD37B5044694F83900202802D003B0B3
:10586000022030BD0199002932D0002A30D094F8AE
:10587000380001282FD0012084F838002162A2844A
:10588000E2840025E563212084F83900236BFA487F
:105890009862236BF948D862236BF9481863206B30
:1058A000456320681346001DD4F830C002466046A8
:1058B000FEF745FE21686FF04000086084F838501C
:1058C0002068416941F08001416103B0002030BD92
:1058D00003B0012030BD03B0022030BD704710B5C9
:1058E000406AFFF7FBFF10BD704710B50146486ADC
:1058F0000968096811F0200F13D10021C1850168E2
:10590000CA6822F48072CA6001684A6922F0010202
:105910004A6101684A6922F040024A61202180F808
:105920003A10FFF7E1FF10BD37B582B004461346C9
:1059300094F83A00202802D005B0022030BD039A26
:10594000002A36D0002B34D094F83800012833D008
:10595000012084F83800A262A3850025E563222097
:1059600084F83A00616BC7488862616BC648C862B8
:10597000616BC3480863606B45632068011D606B01
:10598000FEF7DDFD206801684168019184F8385018
:10599000C16841F48071C1602068416941F0010132
:1059A00041612068416941F04001416105B000203A
:1059B00030BD05B0012030BD05B0022030BD90F8EB
:1059C000381001290BD0012180F8381001684A698C
:1059D000C2F3C01290F83930212B02D006E0022029
:1059E00070471AB14A6922F080024A6101684A6927
:1059F000C2F3801290F83A30222B0ED16AB1CA68F5
:105A000022F48072CA6001684A6922F001024A6188
:105A100001684A6922F040024A61002180F838108A
:105A20000020704781B090F83810012907D001217B
:105A300080F8381090F83910212903D007E00220AF
:105A400001B0704701684A6942F080024A6190F8EB
:105A50003A100022222911D101680B684B6800938B
:105A6000CB6843F48073CB6001684B6943F001035A
:105A70004B6101684B6943F040034B6180F838206B
:105A8000002001B0704710B5044620684169C1F399
:105A9000C01194F83920212A0BD151B1416921F06C
:105AA00080014161206B08B1FEF787FD2046FFF7BA
:105AB00083FE20684169C1F3801194F83A20222ABC
:105AC0000BD151B1416921F040014161606B08B1D6
:105AD000FEF773FD2046FFF761FE002010BD70B594
:105AE00004462068C16821F4F071C16020684169F2
:105AF00021F001014161206841694FF0100611F069
:105B0000800F4FF000050FD0416921F08001416105
:105B1000206B48B14563206BFEF74FFD20B1206B31
:105B2000FFF746FA20281ED02068416911F0400F87
:105B30000FD0416921F040014161606B48B145637C
:105B4000606BFEF73AFD20B1606BFFF731FA202859
:105B50000CD0E584E585E563202084F83A0084F8DC
:105B60003900002070BDE663032070BDE6630320AA
:105B700070BD70B504462068C16821F0C001C160E5
:105B8000206841694FF0000511F0800F0FD0416986
:105B900021F080014161206B48B14563206BFEF725
:105BA0000CFD20B1206BFFF703FA202805D0E58417
:105BB000202084F83900002070BD1020E06303200D
:105BC00070BD70B504462068C16821F49071C16051
:105BD0002068416921F001014161206841694FF06D
:105BE000000511F0400F0FD0416921F040014161E3
:105BF000606B48B14563606BFEF7DFFC20B1606B02
:105C0000FFF7D6F9202805D0E585202084F83A0052
:105C1000002070BD1020E063032070BD704710B5F8
:105C2000406A0022416B4A63016B002902D0496B34
:105C3000002909D1C284C285C263202180F83910AD
:105C400080F83A10FFF7EAFF10BD10B5406A002255
:105C5000016B4A63416B002902D0496B002909D1CD
:105C6000C284C285C263202180F8391080F83A10BE
:105C7000FFF7D4FF10BD0000235800081758000894
:105C8000CB570008EB580008DF58000870B50446F1
:105C900001252068C16821F4F071C1602068416964
:105CA00021F001014161206B0026002808D0216805
:105CB000496911F0800F02D0FD49416300E046635D
:105CC000606B40B12168496911F0400F02D0F94979
:105CD000416300E046632068416911F0800F0CD0F9
:105CE000416921F080014161206B30B1FEF789FCF0
:105CF00010B1206B466300E000252068416911F077
:105D0000400F0DD0416921F040014161606B38B115
:105D1000FEF777FC18B1606B4663012500E00025B3
:105D2000012D0AD1E684E685E663202084F8390057
:105D300084F83A002046FFF771FF002070BD7047DD
:105D400010B5406A0021C184202180F83910FFF786
:105D5000F6FF10BD10B504462068C16821F0C001EF
:105D6000C160206841694FF0000211F0800F4FF0D0
:105D7000200116D0436923F080034361206B48B1B2
:105D8000CD494163206BFEF73CFC80B1206B416B39
:105D900088470CE0E28484F839102046FFF7CFFFF3
:105DA00005E0E28484F839102046FFF7C8FF0020A0
:105DB00010BD704710B5406A0021C185202180F8D0
:105DC0003A10FFF7F6FF10BD10B504462068C16811
:105DD00021F49071C1602068416921F001014161A5
:105DE000206841694FF0000211F0400F4FF0200190
:105DF00016D0436923F040034361606B48B1AF495B
:105E00004163606BFEF7FDFB80B1606B416B8847BF
:105E10000CE0E28584F83A102046FFF7CAFF05E05F
:105E2000E28584F83A102046FFF7C3FF002010BD3A
:105E300010B50168CA6822F04002CA60202180F8CB
:105E40003910FFF7EDFC002010BD90F83910212922
:105E500001D0022070478168B1F5805F01D10169EE
:105E600061B1016A4A1C0262026809785160C18C02
:105E7000491E0904090CC1840AD013E0016A0268B2
:105E80000988C1F308015160016A891C0162EEE7CB
:105E90000168CA6822F08002CA600068C16841F0E7
:105EA0004001C1600020704710B5406A0021C185E3
:105EB000C184FFF772FC10BD10B590F83A1022298A
:105EC00001D0022010BD8268B2F5805F01D1016966
:105ED00029B1816AB2F5805F1DD052B10BE0816AB1
:105EE00002685268C2F308020A80816A891C8162D2
:105EF00009E002697AB10268526802F07F020A7012
:105F0000816A491C8162C18D491E0904090CC18541
:105F100005D0002010BD026852680A70F0E70168E1
:105F2000CA6822F02002CA600168CA6822F480723E
:105F3000CA6001684A6922F001024A61202180F8A2
:105F40003A10FFF7D1FC002010BD10B504462268BE
:105F50001068D168526900F00F03002B09D110F0CE
:105F6000200F06D011F0200F03D02046BDE81040CE
:105F7000A2E7002B71D002F0010301F4907C53EAF8
:105F80000C0C6AD010F0010F08D011F4807F05D0FE
:105F9000D4F83CC04CF0010CC4F83CC010F0040F25
:105FA00008D012F0010F05D0D4F83CC04CF0020C20
:105FB000C4F83CC010F0020F06D012F0010F03D05D
:105FC000E26B42F00402E26310F0080F07D001F028
:105FD00020021A4303D0E26B42F00802E263E26B54
:105FE000002A2ED010F0200F05D011F0200F02D083
:105FF0002046FFF761FF20684069C0F38010E16B25
:1060000011F0080F00D108B32046FFF7C7FB206846
:10601000416911F0400F15D0416921F04001416103
:10602000606B58B126494163606BFEF7EAFA0028BD
:1060300007D0606B416BBDE8104008472046FFF772
:10604000ACFB10BD2046FFF7A8FB10BD2046FFF7B4
:10605000A4FB0020E06310BDFFE710F0800F06D026
:1060600011F0800F03D02046BDE81040EDE610F09F
:10607000400FF0D011F0400FEDD02046BDE81040A9
:10608000D6E690F8381001291CD0012180F838108C
:10609000242180F839100168CA6842F00102CA6000
:1060A000202180F83910002180F838100020704736
:1060B0004B5C00081F5C0008415D0008B55D0008EE
:1060C000A95E00080220F2E790F83810012912D0EA
:1060D000012180F83810242180F839100168CA683D
:1060E00042F00202CA60202180F83910002180F8B5
:1060F0003810002070470220704790F838100129AE
:1061000012D0012180F83810242180F8391001685C
:10611000CA6822F00202CA60202180F839100021EA
:1061200080F83810002070470220704790F838102F
:10613000012914D0012180F83810242180F8391069
:106140000168CA6822F00C0242F00802CA602021ED
:1061500080F83910002180F83810002070470220A4
:10616000704790F83810012914D0012180F83810B8
:10617000242180F839100168CA6822F00C0242F02C
:106180000402CA60202180F83910002180F83810FC
:10619000002070470220704790F8391090F83A00BC
:1061A00008437047C06B7047202A04DB203A21FA6D
:1061B00002F00021704721FA02F3D040C2F1200220
:1061C0009140084319467047D2B201E000F8012B14
:1061D000491EFBD270470022F6E710B513460A4667
:1061E00004461946FFF7F0FF204610BD80EA010281
:1061F00010B502F00043400022D04A001FD0010E2B
:1062000001EB1261C0F35600C2F3560240F40000E5
:1062100042F40002A0FB022000047F39140400D0E5
:10622000401C50EA124001D44000491EC2B20C0684
:1062300004EBD010401C4008802A02D003E000206C
:1062400010BD20F00100002900DA0020184310BD25
:106250002DE9FE4F804681EA0300C00F0C460090F6
:1062600021F0004123F00045B8EB0200A94105D21E
:106270004046214690461C460B46024623F000400D
:10628000104347D0270DC7F30A00C3F30A51029009
:10629000401A019040286BDAC3F3130040F4801BCE
:1062A0000098924620B10023D2EB030A63EB0B0B5C
:1062B00001985946C0F14002504600F0EBF80646FE
:1062C0000D4650465946019A00F0F3F810EB0800CD
:1062D0006141002487EA115284EAE7731A4340D0EF
:1062E000009A62B3019A012A4FEA075215DC001B9B
:1062F00061EB02014FF0004202EA0752CDE9004291
:10630000001C41F5801132462B4600F02AF903B0FB
:10631000BDE8F08F40462146F9E7001B61EB020122
:10632000001C41F5801300185B412018A2F50017EE
:1063300047EB030140EAD570B6196D4111E06D08D5
:106340004FEA360645EAC0754FEA0752001B61EB7B
:106350000201001C41F5801149084FEA3000001984
:10636000514132462B4603B0BDE8F04F00F0EAB889
:106370000098012240000023D0EB020263EBE0739F
:10638000009821464FEAE074B8EB000061EB04018D
:10639000E9E783F000435BE781F0004158E70EB581
:1063A000C10F80EAE0700844CA07002140F233437D
:1063B0008DE80E000A460B4600F0D3F803B000BD8E
:1063C00000F0004220F00040C10DC0F3160040F480
:1063D00000007F2901DA00207047962903DCC1F113
:1063E0009601C84001E096398840002AF4D0404226
:1063F000704770B5C1F30A5201F000450024C1F3A3
:10640000130140F2FF3341F480119A4201DA002077
:1064100070BD40F233439A42A2F2334203DC52424F
:10642000FFF7C2FE00E090402C43F1D0404270BD27
:1064300001F0004330B421F0004150EA010206D0DF
:106440000A0DA2F56072C1F31301002A02DC30BC10
:1064500000207047440F44EAC104C100E01830BC7A
:1064600000EBC25000F037B830B50B4601460020B3
:106470002022012409E021FA02F59D4205D303FA06
:1064800002F5491B04FA02F52844151EA2F1010287
:10649000F1DC30BD202A04DB203A00FA02F10020B2
:1064A00070479140C2F1200320FA03F31943904052
:1064B0007047202A06DBCB17203A41FA02F043EA64
:1064C000E07306E041FA02F3D040C2F120029140AD
:1064D0000843194670470029A8BF7047401C49006F
:1064E00008BF20F00100704710B4B0FA80FC00FA39
:1064F0000CF050EA010404BF10BC704749B1CCF164
:10650000200421FA04F411FA0CF118BF01212143EF
:106510000843A3EB0C01CB1D4FEA00614FEA1020AA
:1065200042BF002010BC704700EBC350104400294C
:10653000A4BF10BC7047401C490008BF20F00100F8
:1065400010BC704710B5141E73F1000408DA401C2B
:1065500041F1000192185B411A4301D120F0010082
:1065600010BD2DE9F04D92469B4611B1B1FA81F272
:1065700002E0B0FA80F220329046FFF78BFF04462B
:106580000F4640EA0A0041EA0B0153465A460843C7
:1065900013D0114653EA010019D0C8F14002504609
:1065A000FFF702FE05460E46504659464246FFF7A3
:1065B00071FF084305D0012004E020463946BDE8BC
:1065C000F08D0020054346EAE0762C4337430A98D5
:1065D0006305E40AA0EB08000022FD0A44EA4754E0
:1065E0000A3002D500200146E9E70105101969418A
:1065F000DDE9084500196941BDE8F04DA2E700005A
:10660000064C074D06E0E06840F0010394E80700FF
:1066100098471034AC42F6D3F9F78EFDEC2303080B
:106620000C2403080FB4054B10B503A9044A0298C3
:1066300000F018F810BC5DF814FB00000704000817
:106640003400002002E008C8121F08C1002AFAD155
:1066500070477047002001E001C1121F002AFBD1E2
:10666000704700002DE9FF4F8BB09A460F46054654
:10667000002606E025280BD052460D9990476D1C48
:10668000761C28780028F5D10FB03046BDE8F08F91
:106690000024A0460122604900E0044315F8013FB0
:1066A000203B02FA03F00842F7D128782E2817D1B0
:1066B00015F8010F44F004042A280ED06FF02F02C1
:1066C0002878A0F1300109290AD808EB880102EBEB
:1066D000410100EB01086D1CF2E757F8048B6D1CBB
:1066E000287869283ED006DC0028CDD063280BD05E
:1066F000642804D136E0732810D075284BD0524658
:106700000D999047761C85E017F8040B8DF8000072
:1067100000208DF80100E946012003E057F8049BB2
:106720004FF0FF3061074FF0000401D40AE0641C11
:1067300044450DDA8442FADB19F804100029F6D139
:1067400006E0641C8442FCDB19F804100029F8D12F
:10675000264404E019F8010B52460D999047641E37
:10676000F8D257E001CF4FF00A0B002802DA40427E
:106770002D2102E0210504D52B218DF824100121C3
:1067800003E0E10705D02021F7E70DF1200908918A
:106790000CE00021F9E701CF4FF00A0BF9E7594669
:1067A000FFF762FE01F1300209F8012D0028F6D151
:1067B000ADEB090000F1200B600701D44FF0010898
:1067C000D84502DDA8EB0B0000E000208046002445
:1067D00006E009A85246005D0D999047641C761C9E
:1067E00008988442F5DB04E0302052460D9990472A
:1067F000761CB8F10001A8F10108F5DC05E019F8F4
:10680000010B52460D999047761CBBF10001ABF18C
:10681000010BF4DC6D1C34E70928010010B50028D9
:1068200021D0114B0022001F196803E0814203D8D8
:106830000A4649680029F9D152B11368841A9C426A
:1068400004D1006818441060104602E0506000E077
:10685000186039B102680B1A934203D10B681A44CD
:1068600002604968416010BD38000020F0B50B306F
:10687000154D20F007010024144A0FE003688B42F5
:106880000BD38B4205D95E1A43184768C3E90067EA
:1068900000E04368136002C004E0021D1068002895
:1068A000ECD12046002802D1286808B10020F0BDB4
:1068B000064A07481060074A121A22F00702C0E988
:1068C000002401202860D7E73C0000203800002089
:1068D000F4000020F0C000200000000000000000D4
:1068E00000000000000000000000000000000000A8
:1068F0000000000000000000000000000000000098
:106900000000000000000000000000000000000087
:106910000000000000000000000000000000000077
:106920000000000000000000000000000000000067
:106930000000000000000000000000000000000057
:106940000000000000000000000000000000000047
:106950000000000000000000000000000000000037
:106960000000000000000000000000000000000027
:106970000000000000000000000000000000000017
:106980000000000000000000000000000000000007
:1069900000000000000000000000000000000000F7
:1069A00000000000000000000000000000000000E7
:1069B00000000000000000000000000000000000D7
:1069C00000000000000000000000000000000000C7
:1069D00000000000000000000000000000000000B7
:1069E00000000000000000000000000000000000A7
:1069F0000000000000000000000000000000000097
:106A00000000000000000000000000000000000086
:106A10000000000000000000000000000000000076
:106A20000000000000000000000000000000000066
:106A30000000000000000000000000000000000056
:106A40000000000000000000000000000000000046
:106A50000000000000000000000000000000000036
:106A60000000000000000000000000000000000026
:106A70000000000000000000000000000000000016
:106A80000000000000000000000000000000000006
:106A900000000000000000000000000000000000F6
:106AA00000000000000000000000000000000000E6
:106AB00000000000000000000000000000000000D6
:106AC00000000000000000000000000000000000C6
:106AD00000000000000000000000000000000000B6
:106AE00000000000000000000000000000000000A6
:106AF0000000000000000000000000000000000096
:106B00000000000000000000000000000000000085
:106B10000000000000000000000000000000000075
:106B20000000000000000000000000000000000065
:106B30000000000000000000000000000000000055
:106B40000000000000000000000000000000000045
:106B50000000000000000000000000000000000035
:106B60000000000000000000000000000000000025
:106B70000000000000000000000000000000000015
:106B80000000000000000000000000000000000005
:106B900000000000000000000000000000000000F5
:106BA00000000000000000000000000000000000E5
:106BB00000000000000000000000000000000000D5
:106BC00000000000000000000000000000000000C5
:106BD00000000000000000000000000000000000B5
:106BE00000000000000000000000000000000000A5
:106BF0000000000000000000000000000000000095
:106C00000000000000000000000000000000000084
:106C10000000000000000000000000000000000074
:106C20000000000000000000000000000000000064
:106C30000000000000000000000000000000000054
:106C40000000000000000000000000000000000044
:106C50000000000000000000000000000000000034
:106C60000000000000000000000000000000000024
:106C70000000000000000000000000000000000014
:106C80000000000000000000000000000000000004
:106C900000000000000000000000000000000000F4
:106CA00000000000000000000000000000000000E4
:106CB00000000000000000000000000000000000D4
:106CC00000000000000000000000000000000000C4
:106CD00000000000000000000000000000000000B4
:106CE00000000000000000000000000000000000A4
:106CF0000000000000000000000000000000000094
:106D00000000000000000000000000000000000083
:106D10000000000000000000000000000000000073
:106D20000000000000000000000000000000000063
:106D30000000000000000000000000000000000053
:106D40000000000000000000000000000000000043
:106D50000000000000000000000000000000000033
:106D60000000000000000000000000000000000023
:106D70000000000000000000000000000000000013
:106D80000000000000000000000000000000000003
:106D900000000000000000000000000000000000F3
:106DA00000000000000000000000000000000000E3
:106DB00000000000000000000000000000000000D3
:106DC00000000000000000000000000000000000C3
:106DD00000000000000000000000000000000000B3
:106DE00000000000000000000000000000000000A3
:106DF0000000000000000000000000000000000093
:106E00000000000000000000000000000000000082
:106E10000000000000000000000000000000000072
:106E20000000000000000000000000000000000062
:106E30000000000000000000000000000000000052
:106E40000000000000000000000000000000000042
:106E50000000000000000000000000000000000032
:106E60000000000000000000000000000000000022
:106E70000000000000000000000000000000000012
:106E80000000000000000000000000000000000002
:106E900000000000000000000000000000000000F2
:106EA00000000000000000000000000000000000E2
:106EB00000000000000000000000000000000000D2
:106EC00000000000000000000000000000000000C2
:106ED00000000000000000000000000000000000B2
:106EE00000000000000000000000000000000000A2
:106EF0000000000000000000000000000000000092
:106F00000000000000000000000000000000000081
:106F10000000000000000000000000000000000071
:106F20000000000000000000000000000000000061
:106F30000000000000000000000000000000000051
:106F40000000000000000000000000000000000041
:106F50000000000000000000000000000000000031
:106F60000000000000000000000000000000000021
:106F70000000000000000000000000000000000011
:106F80000000000000000000000000000000000001
:106F900000000000000000000000000000000000F1
:106FA00000000000000000000000000000000000E1
:106FB00000000000000000000000000000000000D1
:106FC00000000000000000000000000000000000C1
:106FD00000000000000000000000000000000000B1
:106FE00000000000000000000000000000000000A1
:106FF0000000000000000000000000000000000091
:107000000000000000000000000000000000000080
:107010000000000000000000000000000000000070
:107020000000000000000000000000000000000060
:107030000000000000000000000000000000000050
:107040000000000000000000000000000000000040
:107050000000000000000000000000000000000030
:107060000000000000000000000000000000000020
:107070000000000000000000000000000000000010
:107080000000000000000000000000000000000000
:1070900000000000000000000000000000000000F0
:1070A00000000000000000000000000000000000E0
:1070B00000000000000000000000000000000000D0
:1070C00000000000000000000000000000000000C0
:1070D00000000000000000000000000000000000B0
:1070E00000000000000000000000000000000000A0
:1070F0000000000000000000000000000000000090
:10710000000000000000000000000000000000007F
:10711000000000000000000000000000000000006F
:10712000000000000000000000000000000000005F
:10713000000000000000000000000000000000004F
:10714000000000000000000000000000000000003F
:10715000000000000000000000000000000000002F
:10716000000000000000000000000000000000001F
:10717000000000000000000000000000000000000F
:1071800000000000000000000000000000000000FF
:1071900000000000000000000000000000000000EF
:1071A00000000000000000000000000000000000DF
:1071B00000000000000000000000000000000000CF
:1071C00000000000000000000000000000000000BF
:1071D00000000000000000000000000000000000AF
:1071E000000000000000000000000000000000009F
:1071F000000000000000000000000000000000008F
:10720000000000000000000000000000000000007E
:10721000000000000000000000000000000000006E
:10722000000000000000000000000000000000005E
:10723000000000000000000000000000000000004E
:10724000000000000000000000000000000000003E
:10725000000000000000000000000000000000002E
:10726000000000000000000000000000000000001E
:10727000000000000000000000000000000000000E
:1072800000000000000000000000000000000000FE
:1072900000000000000000000000000000000000EE
:1072A00000000000000000000000000000000000DE
:1072B00000000000000000000000000000000000CE
:1072C00000000000000000000000000000000000BE
:1072D00000000000000000000000000000000000AE
:1072E000000000000000000000000000000000009E
:1072F000000000000000000000000000000000008E
:10730000000000000000000000000000000000007D
:10731000000000000000000000000000000000006D
:10732000000000000000000000000000000000005D
:10733000000000000000000000000000000000004D
:10734000000000000000000000000000000000003D
:10735000000000000000000000000000000000002D
:10736000000000000000000000000000000000001D
:10737000000000000000000000000000000000000D
:1073800000000000000000000000000000000000FD
:1073900000000000000000000000000000000000ED
:1073A00000000000000000000000000000000000DD
:1073B00000000000000000000000000000000000CD
:1073C00000000000000000000000000000000000BD
:1073D00000000000000000000000000000000000AD
:1073E000000000000000000000000000000000009D
:1073F000000000000000000000000000000000008D
:10740000000000000000000000000000000000007C
:10741000000000000000000000000000000000006C
:10742000000000000000000000000000000000005C
:10743000000000000000000000000000000000004C
:10744000000000000000000000000000000000003C
:10745000000000000000000000000000000000002C
:10746000000000000000000000000000000000001C
:10747000000000000000000000000000000000000C
:1074800000000000000000000000000000000000FC
:1074900000000000000000000000000000000000EC
:1074A00000000000000000000000000000000000DC
:1074B00000000000000000000000000000000000CC
:1074C00000000000000000000000000000000000BC
:1074D00000000000000000000000000000000000AC
:1074E000000000000000000000000000000000009C
:1074F000000000000000000000000000000000008C
:10750000000000000000000000000000000000007B
:10751000000000000000000000000000000000006B
:10752000000000000000000000000000000000005B
:10753000000000000000000000000000000000004B
:10754000000000000000000000000000000000003B
:10755000000000000000000000000000000000002B
:10756000000000000000000000000000000000001B
:10757000000000000000000000000000000000000B
:1075800000000000000000000000000000000000FB
:1075900000000000000000000000000000000000EB
:1075A00000000000000000000000000000000000DB
:1075B00000000000000000000000000000000000CB
:1075C00000000000000000000000000000000000BB
:1075D00000000000000000000000000000000000AB
:1075E000000000000000000000000000000000009B
:1075F000000000000000000000000000000000008B
:10760000000000000000000000000000000000007A
:10761000000000000000000000000000000000006A
:10762000000000000000000000000000000000005A
:10763000000000000000000000000000000000004A
:10764000000000000000000000000000000000003A
:10765000000000000000000000000000000000002A
:10766000000000000000000000000000000000001A
:10767000000000000000000000000000000000000A
:1076800000000000000000000000000000000000FA
:1076900000000000000000000000000000000000EA
:1076A00000000000000000000000000000000000DA
:1076B00000000000000000000000000000000000CA
:1076C00000000000000000000000000000000000BA
:1076D00000000000000000000000000000000000AA
:1076E000000000000000000000000000000000009A
:1076F000000000000000000000000000000000008A
:107700000000000000000000000000000000000079
:107710000000000000000000000000000000000069
:107720000000000000000000000000000000000059
:107730000000000000000000000000000000000049
:107740000000000000000000000000000000000039
:107750000000000000000000000000000000000029
:107760000000000000000000000000000000000019
:107770000000000000000000000000000000000009
:1077800000000000000000000000000000000000F9
:1077900000000000000000000000000000000000E9
:1077A00000000000000000000000000000000000D9
:1077B00000000000000000000000000000000000C9
:1077C00000000000000000000000000000000000B9
:1077D00000000000000000000000000000000000A9
:1077E0000000000000000000000000000000000099
:1077F0000000000000000000000000000000000089
:107800000000000000000000000000000000000078
:107810000000000000000000000000000000000068
:107820000000000000000000000000000000000058
:107830000000000000000000000000000000000048
:107840000000000000000000000000000000000038
:107850000000000000000000000000000000000028
:107860000000000000000000000000000000000018
:107870000000000000000000000000000000000008
:1078800000000000000000000000000000000000F8
:1078900000000000000000000000000000000000E8
:1078A00000000000000000000000000000000000D8
:1078B00000000000000000000000000000000000C8
:1078C00000000000000000000000000000000000B8
:1078D00000000000000000000000000000000000A8
:1078E0000000000000000000000000000000000098
:1078F0000000000000000000000000000000000088
:107900000000000000000000000000000000000077
:107910000000000000000000000000000000000067
:107920000000000000000000000000000000000057
:107930000000000000000000000000000000000047
:107940000000000000000000000000000000000037
:107950000000000000000000000000000000000027
:107960000000000000000000000000000000000017
:107970000000000000000000000000000000000007
:1079800000000000000000000000000000000000F7
:1079900000000000000000000000000000000000E7
:1079A00000000000000000000000000000000000D7
:1079B00000000000000000000000000000000000C7
:1079C00000000000000000000000000000000000B7
:1079D00000000000000000000000000000000000A7
:1079E0000000000000000000000000000000000097
:1079F0000000000000000000000000000000000087
:107A00000000000000000000000000000000000076
:107A10000000000000000000000000000000000066
:107A20000000000000000000000000000000000056
:107A30000000000000000000000000000000000046
:107A40000000000000000000000000000000000036
:107A50000000000000000000000000000000000026
:107A60000000000000000000000000000000000016
:107A70000000000000000000000000000000000006
:107A800000000000000000000000000000000000F6
:107A900000000000000000000000000000000000E6
:107AA00000000000000000000000000000000000D6
:107AB00000000000000000000000000000000000C6
:107AC00000000000000000000000000000000000B6
:107AD00000000000000000000000000000000000A6
:107AE0000000000000000000000000000000000096
:107AF0000000000000000000000000000000000086
:107B00000000000000000000000000000000000075
:107B10000000000000000000000000000000000065
:107B20000000000000000000000000000000000055
:107B30000000000000000000000000000000000045
:107B40000000000000000000000000000000000035
:107B50000000000000000000000000000000000025
:107B60000000000000000000000000000000000015
:107B70000000000000000000000000000000000005
:107B800000000000000000000000000000000000F5
:107B900000000000000000000000000000000000E5
:107BA00000000000000000000000000000000000D5
:107BB00000000000000000000000000000000000C5
:107BC00000000000000000000000000000000000B5
:107BD00000000000000000000000000000000000A5
:107BE0000000000000000000000000000000000095
:107BF0000000000000000000000000000000000085
:107C00000000000000000000000000000000000074
:107C10000000000000000000000000000000000064
:107C20000000000000000000000000000000000054
:107C30000000000000000000000000000000000044
:107C40000000000000000000000000000000000034
:107C50000000000000000000000000000000000024
:107C60000000000000000000000000000000000014
:107C70000000000000000000000000000000000004
:107C800000000000000000000000000000000000F4
:107C900000000000000000000000000000000000E4
:107CA00000000000000000000000000000000000D4
:107CB00000000000000000000000000000000000C4
:107CC00000000000000000000000000000000000B4
:107CD00000000000000000000000000000000000A4
:107CE0000000000000000000000000000000000094
:107CF0000000000000000000000000000000000084
:107D00000000000000000000000000000000000073
:107D10000000000000000000000000000000000063
:107D20000000000000000000000000000000000053
:107D30000000000000000000000000000000000043
:107D40000000000000000000000000000000000033
:107D50000000000000000000000000000000000023
:107D60000000000000000000000000000000000013
:107D70000000000000000000000000000000000003
:107D800000000000000000000000000000000000F3
:107D900000000000000000000000000000000000E3
:107DA00000000000000000000000000000000000D3
:107DB00000000000000000000000000000000000C3
:107DC00000000000000000000000000000000000B3
:107DD00000000000000000000000000000000000A3
:107DE0000000000000000000000000000000000093
:107DF0000000000000000000000000000000000083
:107E00000000000000000000000000000000000072
:107E10000000000000000000000000000000000062
:107E20000000000000000000000000000000000052
:107E30000000000000000000000000000000000042
:107E40000000000000000000000000000000000032
:107E50000000000000000000000000000000000022
:107E60000000000000000000000000000000000012
:107E70000000000000000000000000000000000002
:107E800000000000000000000000000000000000F2
:107E900000000000000000000000000000000000E2
:107EA00000000000000000000000000000000000D2
:107EB00000000000000000000000000000000000C2
:107EC00000000000000000000000000000000000B2
:107ED00000000000000000000000000000000000A2
:107EE0000000000000000000000000000000000092
:107EF0000000000000000000000000000000000082
:107F00000000000000000000000000000000000071
:107F10000000000000000000000000000000000061
:107F20000000000000000000000000000000000051
:107F30000000000000000000000000000000000041
:107F40000000000000000000000000000000000031
:107F50000000000000000000000000000000000021
:107F60000000000000000000000000000000000011
:107F70000000000000000000000000000000000001
:107F800000000000000000000000000000000000F1
:107F900000000000000000000000000000000000E1
:107FA00000000000000000000000000000000000D1
:107FB00000000000000000000000000000000000C1
:107FC00000000000000000000000000000000000B1
:107FD00000000000000000000000000000000000A1
:107FE0000000000000000000000000000000000091
:107FF0000000000000000000000000000000000081
:108000000000000000000000000000000000000070
:108010000000000000000000000000000000000060
:108020000000000000000000000000000000000050
:108030000000000000000000000000000000000040
:108040000000000000000000000000000000000030
:108050000000000000000000000000000000000020
:108060000000000000000000000000000000000010
:108070000000000000000000000000000000000000
:1080800000000000000000000000000000000000F0
:1080900000000000000000000000000000000000E0
:1080A00000000000000000000000000000000000D0
:1080B00000000000000000000000000000000000C0
:1080C00000000000000000000000000000000000B0
:1080D00000000000000000000000000000000000A0
:1080E0000000000000000000000000000000000090
:1080F0000000000000000000000000000000000080
:10810000000000000000000000000000000000006F
:10811000000000000000000000000000000000005F
:10812000000000000000000000000000000000004F
:10813000000000000000000000000000000000003F
:10814000000000000000000000000000000000002F
:10815000000000000000000000000000000000001F
:10816000000000000000000000000000000000000F
:1081700000000000000000000000000000000000FF
:1081800000000000000000000000000000000000EF
:1081900000000000000000000000000000000000DF
:1081A00000000000000000000000000000000000CF
:1081B00000000000000000000000000000000000BF
:1081C00000000000000000000000000000000000AF
:1081D000000000000000000000000000000000009F
:1081E000000000000000000000000000000000008F
:1081F000000000000000000000000000000000007F
:10820000000000000000000000000000000000006E
:10821000000000000000000000000000000000005E
:10822000000000000000000000000000000000004E
:10823000000000000000000000000000000000003E
:10824000000000000000000000000000000000002E
:10825000000000000000000000000000000000001E
:10826000000000000000000000000000000000000E
:1082700000000000000000000000000000000000FE
:1082800000000000000000000000000000000000EE
:1082900000000000000000000000000000000000DE
:1082A00000000000000000000000000000000000CE
:1082B00000000000000000000000000000000000BE
:1082C00000000000000000000000000000000000AE
:1082D000000000000000000000000000000000009E
:1082E000000000000000000000000000000000008E
:1082F000000000000000000000000000000000007E
:10830000000000000000000000000000000000006D
:10831000000000000000000000000000000000005D
:10832000000000000000000000000000000000004D
:10833000000000000000000000000000000000003D
:10834000000000000000000000000000000000002D
:10835000000000000000000000000000000000001D
:10836000000000000000000000000000000000000D
:1083700000000000000000000000000000000000FD
:1083800000000000000000000000000000000000ED
:1083900000000000000000000000000000000000DD
:1083A00000000000000000000000000000000000CD
:1083B00000000000000000000000000000000000BD
:1083C00000000000000000000000000000000000AD
:1083D000000000000000000000000000000000009D
:1083E000000000000000000000000000000000008D
:1083F000000000000000000000000000000000007D
:10840000000000000000000000000000000000006C
:10841000000000000000000000000000000000005C
:10842000000000000000000000000000000000004C
:10843000000000000000000000000000000000003C
:10844000000000000000000000000000000000002C
:10845000000000000000000000000000000000001C
:10846000000000000000000000000000000000000C
:1084700000000000000000000000000000000000FC
:1084800000000000000000000000000000000000EC
:1084900000000000000000000000000000000000DC
:1084A00000000000000000000000000000000000CC
:1084B00000000000000000000000000000000000BC
:1084C00000000000000000000000000000000000AC
:1084D000000000000000000000000000000000009C
:1084E000000000000000000000000000000000008C
:1084F000000000000000000000000000000000007C
:10850000000000000000000000000000000000006B
:10851000000000000000000000000000000000005B
:10852000000000000000000000000000000000004B
:10853000000000000000000000000000000000003B
:10854000000000000000000000000000000000002B
:10855000000000000000000000000000000000001B
:10856000000000000000000000000000000000000B
:1085700000000000000000000000000000000000FB
:1085800000000000000000000000000000000000EB
:1085900000000000000000000000000000000000DB
:1085A00000000000000000000000000000000000CB
:1085B00000000000000000000000000000000000BB
:1085C00000000000000000000000000000000000AB
:1085D000000000000000000000000000000000009B
:1085E000000000000000000000000000000000008B
:1085F000000000000000000000000000000000007B
:10860000000000000000000000000000000000006A
:10861000000000000000000000000000000000005A
:10862000000000000000000000000000000000004A
:10863000000000000000000000000000000000003A
:10864000000000000000000000000000000000002A
:10865000000000000000000000000000000000001A
:10866000000000000000000000000000000000000A
:1086700000000000000000000000000000000000FA
:1086800000000000000000000000000000000000EA
:1086900000000000000000000000000000000000DA
:1086A00000000000000000000000000000000000CA
:1086B00000000000000000000000000000000000BA
:1086C00000000000000000000000000000000000AA
:1086D000000000000000000000000000000000009A
:1086E000000000000000000000000000000000008A
:1086F000000000000000000000000000000000007A
:108700000000000000000000000000000000000069
:108710000000000000000000000000000000000059
:108720000000000000000000000000000000000049
:108730000000000000000000000000000000000039
:108740000000000000000000000000000000000029
:108750000000000000000000000000000000000019
:108760000000000000000000000000000000000009
:1087700000000000000000000000000000000000F9
:1087800000000000000000000000000000000000E9
:1087900000000000000000000000000000000000D9
:1087A00000000000000000000000000000000000C9
:1087B00000000000000000000000000000000000B9
:1087C00000000000000000000000000000000000A9
:1087D0000000000000000000000000000000000099
:1087E0000000000000000000000000000000000089
:1087F0000000000000000000000000000000000079
:108800000000000000000000000000000000000068
:108810000000000000000000000000000000000058
:108820000000000000000000000000000000000048
:108830000000000000000000000000000000000038
:108840000000000000000000000000000000000028
:108850000000000000000000000000000000000018
:108860000000000000000000000000000000000008
:1088700000000000000000000000000000000000F8
:1088800000000000000000000000000000000000E8
:1088900000000000000000000000000000000000D8
:1088A00000000000000000000000000000000000C8
:1088B00000000000000000000000000000000000B8
:1088C00000000000000000000000000000000000A8
:1088D0000000000000000000000000000000000098
:1088E0000000000000000000000000000000000088
:1088F0000000000000000000000000000000000078
:108900000000000000000000000000000000000067
:108910000000000000000000000000000000000057
:108920000000000000000000000000000000000047
:108930000000000000000000000000000000000037
:108940000000000000000000000000000000000027
:108950000000000000000000000000000000000017
:108960000000000000000000000000000000000007
:1089700000000000000000000000000000000000F7
:1089800000000000000000000000000000000000E7
:1089900000000000000000000000000000000000D7
:1089A00000000000000000000000000000000000C7
:1089B00000000000000000000000000000000000B7
:1089C00000000000000000000000000000000000A7
:1089D0000000000000000000000000000000000097
:1089E0000000000000000000000000000000000087
:1089F0000000000000000000000000000000000077
:108A00000000000000000000000000000000000066
:108A10000000000000000000000000000000000056
:108A20000000000000000000000000000000000046
:108A30000000000000000000000000000000000036
:108A40000000000000000000000000000000000026
:108A50000000000000000000000000000000000016
:108A60000000000000000000000000000000000006
:108A700000000000000000000000000000000000F6
:108A800000000000000000000000000000000000E6
:108A900000000000000000000000000000000000D6
:108AA00000000000000000000000000000000000C6
:108AB00000000000000000000000000000000000B6
:108AC00000000000000000000000000000000000A6
:108AD0000000000000000000000000000000000096
:108AE0000000000000000000000000000000000086
:108AF0000000000000000000000000000000000076
:108B00000000000000000000000000000000000065
:108B10000000000000000000000000000000000055
:108B20000000000000000000000000000000000045
:108B30000000000000000000000000000000000035
:108B40000000000000000000000000000000000025
:108B50000000000000000000000000000000000015
:108B60000000000000000000000000000000000005
:108B700000000000000000000000000000000000F5
:108B800000000000000000000000000000000000E5
:108B900000000000000000000000000000000000D5
:108BA00000000000000000000000000000000000C5
:108BB00000000000000000000000000000000000B5
:108BC00000000000000000000000000000000000A5
:108BD0000000000000000000000000000000000095
:108BE0000000000000000000000000000000000085
:108BF0000000000000000000000000000000000075
:108C00000000000000000000000000000000000064
:108C10000000000000000000000000000000000054
:108C20000000000000000000000000000000000044
:108C30000000000000000000000000000000000034
:108C40000000000000000000000000000000000024
:108C50000000000000000000000000000000000014
:108C60000000000000000000000000000000000004
:108C700000000000000000000000000000000000F4
:108C800000000000000000000000000000000000E4
:108C900000000000000000000000000000000000D4
:108CA00000000000000000000000000000000000C4
:108CB00000000000000000000000000000000000B4
:108CC00000000000000000000000000000000000A4
:108CD0000000000000000000000000000000000094
:108CE0000000000000000000000000000000000084
:108CF0000000000000000000000000000000000074
:108D00000000000000000000000000000000000063
:108D10000000000000000000000000000000000053
:108D20000000000000000000000000000000000043
:108D30000000000000000000000000000000000033
:108D40000000000000000000000000000000000023
:108D50000000000000000000000000000000000013
:108D60000000000000000000000000000000000003
:108D700000000000000000000000000000000000F3
:108D800000000000000000000000000000000000E3
:108D900000000000000000000000000000000000D3
:108DA00000000000000000000000000000000000C3
:108DB00000000000000000000000000000000000B3
:108DC00000000000000000000000000000000000A3
:108DD0000000000000000000000000000000000093
:108DE0000000000000000000000000000000000083
:108DF0000000000000000000000000000000000073
:108E00000000000000000000000000000000000062
:108E10000000000000000000000000000000000052
:108E20000000000000000000000000000000000042
:108E30000000000000000000000000000000000032
:108E40000000000000000000000000000000000022
:108E50000000000000000000000000000000000012
:108E60000000000000000000000000000000000002
:108E700000000000000000000000000000000000F2
:108E800000000000000000000000000000000000E2
:108E900000000000000000000000000000000000D2
:108EA00000000000000000000000000000000000C2
:108EB00000000000000000000000000000000000B2
:108EC00000000000000000000000000000000000A2
:108ED0000000000000000000000000000000000092
:108EE0000000000000000000000000000000000082
:108EF0000000000000000000000000000000000072
:108F00000000000000000000000000000000000061
:108F10000000000000000000000000000000000051
:108F20000000000000000000000000000000000041
:108F30000000000000000000000000000000000031
:108F40000000000000000000000000000000000021
:108F50000000000000000000000000000000000011
:108F60000000000000000000000000000000000001
:108F700000000000000000000000000000000000F1
:108F800000000000000000000000000000000000E1
:108F900000000000000000000000000000000000D1
:108FA00000000000000000000000000000000000C1
:108FB00000000000000000000000000000000000B1
:108FC00000000000000000000000000000000000A1
:108FD0000000000000000000000000000000000091
:108FE0000000000000000000000000000000000081
:108FF0000000000000000000000000000000000071
:109000000000000000000000000000000000000060
:109010000000000000000000000000000000000050
:109020000000000000000000000000000000000040
:109030000000000000000000000000000000000030
:109040000000000000000000000000000000000020
:109050000000000000000000000000000000000010
:109060000000000000000000000000000000000000
:1090700000000000000000000000000000000000F0
:1090800000000000000000000000000000000000E0
:1090900000000000000000000000000000000000D0
:1090A00000000000000000000000000000000000C0
:1090B00000000000000000000000000000000000B0
:1090C00000000000000000000000000000000000A0
:1090D000000001555555555555555555555555553E
:1090E0005555555555555555555555555555555530
:1090F0005555555555555555555555555555555520
:10910000555555555555555555555555555555550F
:1091100055555555555555555555555555555555FF
:1091200055555555555555555555555555555555EF
:1091300055555555555555555555555555555555DF
:1091400055555555555555555555555555555555CF
:1091500055555555555555555555555555555555BF
:1091600055555555555555555555555555555555AF
:10917000555555555555555555555555555555559F
:10918000555555555555555555555555555555558F
:10919000555555555555555555555555555555557F
:1091A000555555555555555555555555555555556F
:1091B000555555555555555555555555555555555F
:1091C000555555555555555555555555555555554F
:1091D000555555555555555555555555555555553F
:1091E00055400000000000000000000000000000EA
:1091F000000000000000000000000000000000006F
:10920000000000000000000000000000000000005E
:10921000000000000000000000000000000000004E
:109220000000000000555555555555555555555597
:1092300055555555555555555555555555555555DE
:1092400055555555555555555555555555555555CE
:1092500055555555555555555555555555555555BE
:1092600055555555555555555555555555555555AE
:10927000555555555555555555555555555555559E
:10928000555555555555555555555555555555558E
:10929000555555555555555555555555555555557E
:1092A000555555555555555555555555555555556E
:1092B000555555555555555555555555555555555E
:1092C000555555555555555555555555555555554E
:1092D000555555555555555555555555555555553E
:1092E000555555555555555555555555555555552E
:1092F000555555555555555555555555555555551E
:10930000555555555555555555555555555555550D
:1093100055555555555555555555555555555555FD
:1093200055555555555555555555555555555555ED
:1093300055555555555555000000000000000000DA
:10934000000000000000000000000000000000001D
:10935000000000000000000000000000000000000D
:1093600000000000000000000000000000000000FD
:109370000000000000000001555555555555555544
:10938000555555555555555555555555555555558D
:10939000555555555555555555555555555555557D
:1093A000555555555555555555555555555555556D
:1093B000555555555555555555555555555555555D
:1093C000555555555555555555555555555555554D
:1093D000555555555555555555555555555555553D
:1093E000555555555555555555555555555555552D
:1093F000555555555555555555555555555555551D
:10940000555555555555555555555555555555550C
:1094100055555555555555555555555555555555FC
:1094200055555555555555555555555555555555EC
:1094300055555555555555555555555555555555DC
:1094400055555555555555555555555555555555CC
:1094500055555555555555555555555555555555BC
:1094600055555555555555555555555555555555AC
:10947000555555555555555555555555555555559C
:1094800055555555555555555555555540000000A0
:1094900000000000000000000000000000000000CC
:1094A00000000000000000000000000000000000BC
:1094B00000000000000000000000000000000000AC
:1094C00000000000000000000000055555555555EE
:1094D000555555555555555555555555555555553C
:1094E000555555555555555555555555555555552C
:1094F000555555555555555555555555555555551C
:10950000555555555555555555555555555555550B
:1095100055555555555555555555555555555555FB
:1095200055555555555555555555555555555555EB
:1095300055555555555555555555555555555555DB
:1095400055555555555555555555555555555555CB
:1095500055555555555555555555555555555555BB
:1095600055555555555555555555555555555555AB
:10957000555555555555555555555555555555559B
:10958000555555555555555555555555555555558B
:10959000555555555555555555555555555555557B
:1095A000555555555555555555555555555555556B
:1095B000555555555555555555555555555555555B
:1095C000555555555555555555555555555555554B
:1095D000555555555555555555555555555555553B
:1095E00055500000000000000000000000000000D6
:1095F000000000000000000000000000000000006B
:10960000000000000000000000000000000000005A
:10961000000000000000000000000000000155559F
:1096200055555555555555555555555555555555EA
:1096300055555555555555555555555555555555DA
:1096400055555555555555555555555555555555CA
:1096500055555555555555555555555555555555BA
:1096600055555555555555555555555555555555AA
:10967000555555555555555555555555555555559A
:10968000555555555555555555555555555555558A
:10969000555555555555555555555555555555557A
:1096A000555555555555555555555555555555556A
:1096B000555555555555555555555555555555555A
:1096C000555555555555555555555555555555554A
:1096D000555555555555555555555555555555553A
:1096E000555555555555555555555555555555552A
:1096F000555555555555555555555555555555551A
:109700005555555555555555555555555555555509
:1097100055555555555555555555555555555555F9
:1097200055555555555555555555555555555555E9
:1097300055555555555540000000000000000000EB
:109740000000000000000000000000000000000019
:109750000000000000000000000000000000000009
:1097600000000000000000000000000000000000F9
:1097700000555555555555555555555555555555EE
:109780005555555555555555555555555555555589
:109790005555555555555555555555555555555579
:1097A0005555555555555555555555555555555569
:1097B0005555555555555555555555555555555559
:1097C0005555555555555555555555555555555549
:1097D0005555555555555555555555555555555539
:1097E0005555555555555555555555555555555529
:1097F0005555555555555555555555555555555519
:109800005555555555555555555555555555555508
:1098100055555555555555555555555555555555F8
:1098200055555555555555555555555555555555E8
:1098300055555555555555555555555555555555D8
:1098400055555555555555555555555555555555C8
:1098500055555555555555555555555555555555B8
:1098600055555555555555555555555555555555A8
:109870005555555555555555555555555555555598
:109880005555555555555555555555000000000031
:1098900000000000000000000000000000000000C8
:1098A00000000000000000000000000000000000B8
:1098B00000000000000000000000000000000000A8
:1098C0000000000015555555555555FFFFFFFFFF8A
:1098D000FFFFFFFFFFFFFFFFFFFFFFFFFFFFFFFF98
:1098E000FFFFFFFFFFFFFFFFFFFFFFFFFFFFFFFF88
:1098F000FFFFFFFFFFFFFFFFFFFFFFFFFFFFFFFF78
:10990000FFFFFFFFFFFFFFFFFFFFFFFFFFFFFFFF67
:10991000FFFFFFFFFFFFFFFFFFFFFFFFFFFFFFFF57
:10992000FFFFFFFFFFFFFFFFFFFFFFFFFFFFFFFF47
:10993000FFFFFFFFFFFFFFFFFFFFFFFFFFFFFFFF37
:10994000FFFFFFFFFFFFFFFFFFFFFFFFFFFFFFFF27
:10995000FFFFFFFFFFFFFFFFFFFFFFFFFFFFFFFF17
:10996000FFFFFFFFFFFFFFFFFFFFFFFFFFFFFFFF07
:10997000FFFFFFFFFFFFFFFFFFFFFFFFFFFFFFFFF7
:10998000FFFFFFFFFFFFFFFFFFFFFFFFFFFFFFFFE7
:10999000FFFFFFFFFFFFFFFFFFFFFFFFFFFFFFFFD7
:1099A000FFFFFFFFFFFFFFFFFFFFFFFFFFFFFFFFC7
:1099B000FFFFFFFFFFFFFFFFFFFFFFFFFFFFFFFFB7
:1099C000FFFFFFFFFFFFFFFFFFFFFFFFFFFFFFFFA7
:1099D000FFFFFFFFFFFFFFFFFF555555555555543E
:1099E0000000000000000000000000000000000077
:1099F0000000000000000000000000000000000067
:109A00000000000000000000000000000000000056
:109A100000000000000000055555555555FFFFFF9B
:109A2000FFFFFFFFFFFFFFFFFFFFFFFFFFFFFFFF46
:109A3000FFFFFFFFFFFFFFFFFFFFFFFFFFFFFFFF36
:109A4000FFFFFFFFFFFFFFFFFFFFFFFFFFFFFFFF26
:109A5000FFFFFFFFFFFFFFFFFFFFFFFFFFFFFFFF16
:109A6000FFFFFFFFFFFFFFFFFFFFFFFFFFFFFFFF06
:109A7000FFFFFFFFFFFFFFFFFFFFFFFFFFFFFFFFF6
:109A8000FFFFFFFFFFFFFFFFFFFFFFFFFFFFFFFFE6
:109A9000FFFFFFFFFFFFFFFFFFFFFFFFFFFFFFFFD6
:109AA000FFFFFFFFFFFFFFFFFFFFFFFFFFFFFFFFC6
:109AB000FFFFFFFFFFFFFFFFFFFFFFFFFFFFFFFFB6
:109AC000FFFFFFFFFFFFFFFFFFFFFFFFFFFFFFFFA6
:109AD000FFFFFFFFFFFFFFFFFFFFFFFFFFFFFFFF96
:109AE000FFFFFFFFFFFFFFFFFFFFFFFFFFFFFFFF86
:109AF000FFFFFFFFFFFFFFFFFFFFFFFFFFFFFFFF76
:109B0000FFFFFFFFFFFFFFFFFFFFFFFFFFFFFFFF65
:109B1000FFFFFFFFFFFFFFFFFFFFFFFFFFFFFFFF55
:109B2000FFFFFFFFFFFFFFFFFFFFFFFFFFFFFF55EF
:109B30005555555550000000000000000000000081
:109B40000000000000000000000000000000000015
:109B50000000000000000000000000000000000005
:109B60000000000000000000000001555555555749
:109B7000FFFFFFFFFFFFFFFFFFFFFFFFFFFFFFFFF5
:109B8000FFFFFFFFFFFFFFFFFFFFFFFFFFFFFFFFE5
:109B9000FFFFFFFFFFFFFFFFFFFFFFFFFFFFFFFFD5
:109BA000FFFFFFFFFFFFFFFFFFFFFFFFFFFFFFFFC5
:109BB000FFFFFFFFFFFFFFFFFFFFFFFFFFFFFFFFB5
:109BC000FFFFFFFFFFFFFFFFFFFFFFFFFFFFFFFFA5
:109BD000FFFFFFFFFFFFFFFFFFFFFFFFFFFFFFFF95
:109BE000FFFFFFFFFFFFFFFFFFFFFFFFFFFFFFFF85
:109BF000FFFFFFFFFFFFFFFFFFFFFFFFFFFFFFFF75
:109C0000FFFFFFFFFFFFFFFFFFFFFFFFFFFFFFFF64
:109C1000FFFFFFFFFFFFFFFFFFFFFFFFFFFFFFFF54
:109C2000FFFFFFFFFFFFFFFFFFFFFFFFFFFFFFFF44
:109C3000FFFFFFFFFFFFFFFFFFFFFFFFFFFFFFFF34
:109C4000FFFFFFFFFFFFFFFFFFFFFFFFFFFFFFFF24
:109C5000FFFFFFFFFFFFFFFFFFFFFFFFFFFFFFFF14
:109C6000FFFFFFFFFFFFFFFFFFFFFFFFFFFFFFFF04
:109C7000FFFFFFFFFFFFFFFFFFFFFFFFFFFFFFFFF4
:109C8000FFFFFFFFD555555555400000000000006F
:109C900000000000000000000000000000000000C4
:109CA00000000000000000000000000000000000B4
:109CB000000000000000000000000000000015553A
:109CC000555557FFFFFFFFFFFFFFFFFFFFFFFFFFA0
:109CD000FFFFFFFFFFFFFFFFFFFFFFFFFFFFFFFF94
:109CE000FFFFFFFFFFFFFFFFFFFFFFFFFFFFFFFF84
:109CF000FFFFFFFFFFFFFFFFFFFFFFFFFFFFFFFF74
:109D0000FFFFFFFFFFFFFFFFFFFFFFFFFFFFFFFF63
:109D1000FFFFFFFFFFFFFFFFFFFFFFFFFFFFFFFF53
:109D2000FFFFFFFFFFFFFFFFFFFFFFFFFFFFFFFF43
:109D3000FFFFFFFFFFFFFFFFFFFFFFFFFFFFFFFF33
:109D4000FFFFFFFFFFFFFFFFFFFFFFFFFFFFFFFF23
:109D5000FFFFFFFFFFFFFFFFFFFFFFFFFFFFFFFF13
:109D6000FFFFFFFFFFFFFFFFFFFFFFFFFFFFFFFF03
:109D7000FFFFFFFFFFFFFFFFFFFFFFFFFFFFFFFFF3
:109D8000FFFFFFFFFFFFFFFFFFFFFFFFFFFFFFFFE3
:109D9000FFFFFFFFFFFFFFFFFFFFFFFFFFFFFFFFD3
:109DA000FFFFFFFFFFFFFFFFFFFFFFFFFFFFFFFFC3
:109DB000FFFFFFFFFFFFFFFFFFFFFFFFFFFFFFFFB3
:109DC000FFFFFFFFFFFFFFFFFFFFFFFFFFFFFFFFA3
:109DD000FFFFFFFFFFFFFFFFFFD555555554000064
:109DE0000000000000000000000000000000000073
:109DF0000000000000000000000000000000000063
:109E00000000000000000000000000000000000052
:109E1000000155555555FFFFFFFFFFFFFFFFFFFFF7
:109E2000FFFFFFFFFFFFFFFFFFFFFFFFFFFFFFFF42
:109E3000FFFFFFFFFFFFFFFFFFFFFFFFFFFFFFFF32
:109E4000FFFFFFFFFFFFFFFFFFFFFFFFFFFFFFFF22
:109E5000FFFFFFFFFFFFFFFFFFFFFFFFFFFFFFFF12
:109E6000FFFFFFFFFFFFFFFFFFFFFFFFFFFFFFFF02
:109E7000FFFFFFFFFFFFFFFFFFFFFFFFFFFFFFFFF2
:109E8000FFFFFFFFFFFFFFFFFFFFFFFFFFFFFFFFE2
:109E9000FFFFFFFFFFFFFFFFFFFFFFFFFFFFFFFFD2
:109EA000FFFFFFFFFFFFFFFFFFFFFFFFFFFFFFFFC2
:109EB000FFFFFFFFFFFFFFFFFFFFFFFFFFFFFFFFB2
:109EC000FFFFFFFFFFFFFFFFFFFFFFFFFFFFFFFFA2
:109ED000FFFFFFFFFFFFFFFFFFFFFFFFFFFFFFFF92
:109EE000FFFFFFFFFFFFFFFFFFFFFFFFFFFFFFFF82
:109EF000FFFFFFFFFFFFFFFFFFFFFFFFFFFFFFFF72
:109F0000FFFFFFFFFFFFFFFFFFFFFFFFFFFFFFFF61
:109F1000FFFFFFFFFFFFFFFFFFFFFFFFFFFFFFFF51
:109F2000FFFFFFFFFFFFFFFFFFFFFFFFFFFF555595
:109F30005555400000000000000000000000000037
:109F40000000000000000000000000000000000011
:109F50000000000000000000000000000000000001
:109F60000000000000155555557FFFFFFFFFFFFF64
:109F7000FFFFFFFFFFFFFFFFFFFFFFFFFFFFFFFFF1
:109F8000FFFFFFFFFFFFFFFFFFFFFFFFFFFFFFFFE1
:109F9000FFFFFFFFFFFFFFFFFFFFFFFFFFFFFFFFD1
:109FA000FFFFFFFFFFFFFFFFFFFFFFFFFFFFFFFFC1
:109FB000FFFFFFFFFFFFFFFFFFFFFFFFFFFFFFFFB1
:109FC000FFFFFFFFFFFFFFFFFFFFFFFFFFFFFFFFA1
:109FD000FFFFFFFFFFFFFFFFFFFFFFFFFFFFFFFF91
:109FE000FFFFFFFFFFFFFFFFFFFFFFFFFFFFFFFF81
:109FF000FFFFFFFFFFFFFFFFFFFFFFFFFFFFFFFF71
:10A00000FFFFFFFFFFFFFFFFFFFFFFFFFFFFFFFF60
:10A01000FFFFFFFFFFFFFFFFFFFFFFFFFFFFFFFF50
:10A02000FFFFFFFFFFFFFFFFFFFFFFFFFFFFFFFF40
:10A03000FFFFFFFFFFFFFFFFFFFFFFFFFFFFFFFF30
:10A04000FFFFFFFFFFFFFFFFFFFFFFFFFFFFFFFF20
:10A05000FFFFFFFFFFFFFFFFFFFFFFFFFFFFFFFF10
:10A06000FFFFFFFFFFFFFFFFFFFFFFFFFFFFFFFF00
:10A07000FFFFFFFFFFFFFFFFFFFFFFFFFFFFFFFFF0
:10A08000FFFFFD5555555400000000000000000082
:10A0900000000000000000000000000000000000C0
:10A0A00000000000000000000000000000000000B0
:10A0B0000000000000000000015555555FFFFFFF44
:10A0C000FFFFFFFFFFFFFFFFFFFFFFFFFFFFFFFFA0
:10A0D000FFFFFFFFFFFFFFFFFFFFFFFFFFFFFFFF90
:10A0E000FFFFFFFFFFFFFFFFFFFFFFFFFFFFFFFF80
:10A0F000FFFFFFFFFFFFFFFFFFFFFFFFFFFFFFFF70
:10A10000FFFFFFFFFFFFFFFFFFFFFFFFFFFFFFFF5F
:10A11000FFFFFFFFFFFFFFFFFFFFFFFFFFFFFFFF4F
:10A12000FFFFFFFFFFFFFFFFFFFFFFFFFFFFFFFF3F
:10A13000FFFFFFFFFFFFFFFFFFFFFFFFFFFFFFFF2F
:10A14000FFFFFFFFFFFFFFFFFFFFFFFFFFFFFFFF1F
:10A15000FFFFFFFFFFFFFFFFFFFFFFFFFFFFFFFF0F
:10A16000FFFFFFFFFFFFFFFFFFFFFFFFFFFFFFFFFF
:10A17000FFFFFFFFFFFFFFFFFFFFFFFFFFFFFFFFEF
:10A18000FFFFFFFFFFFFFFFFFFFFFFFFFFFFFFFFDF
:10A19000FFFFFFFFFFFFFFFFFFFFFFFFFFFFFFFFCF
:10A1A000FFFFFFFFFFFFFFFFFFFFFFFFFFFFFFFFBF
:10A1B000FFFFFFFFFFFFFFFFFFFFFFFFFFFFFFFFAF
:10A1C000FFFFFFFFFFFFFFFFFFFFFFFFFFFFFFFF9F
:10A1D000FFFFFFFFFFFFFFF5555555400000000052
:10A1E000000000000000000000000000000000006F
:10A1F000000000000000000000000000000000005F
:10A200000000000000000000000000001555555738
:10A21000FFFFFFFFFFFFFFFFFFFFFFFFFFFFFFFF4E
:10A22000FFFFFFFFFFFFFFFFFFFFFFFFFFFFFFFF3E
:10A23000FFFFFFFFFFFFFFFFFFFFFFFFFFFFFFFF2E
:10A24000FFFFFFFFFFFFFFFFFFFFFFFFFFFFFFFF1E
:10A25000FFFFFFFFFFFFFFFFFFFFFFFFFFFFFFFF0E
:10A26000FFFFFFFFFFFFFFFFFFFFFFFFFFFFFFFFFE
:10A27000FFFFFFFFFFFFFFFFFFFFFFFFFFFFFFFFEE
:10A28000FFFFFFFFFFFFFFFFFFFFFFFFFFFFFFFFDE
:10A29000FFFFFFFFFFFFFFFFFFFFFFFFFFFFFFFFCE
:10A2A000FFFFFFFFFFFFFFFFFFFFFFFFFFFFFFFFBE
:10A2B000FFFFFFFFFFFFFFFFFFFFFFFFFFFFFFFFAE
:10A2C000FFFFFFFFFFFFFFFFFFFFFFFFFFFFFFFF9E
:10A2D000FFFFFFFFFFFFFFFFFFFFFFFFFFFFFFFF8E
:10A2E000FFFFFFFFFFFFFFFFFFFFFFFFFFFFFFFF7E
:10A2F000FFFFFFFFFFFFFFFFFFFFFFFFFFFFFFFF6E
:10A30000FFFFFFFFFFFFFFFFFFFFFFFFFFFFFFFF5D
:10A31000FFFFFFFFFFFFFFFFFFFFFFFFFFFFFFFF4D
:10A32000FFFFFFFFFFFFFFFFFFFFFFFFD555555466
:10A33000000000000000000000000000000000001D
:10A34000000000000000000000000000000000000D
:10A3500000000000000000000000000000000001FC
:10A360005555557FFFFFFFFFFFFFFFFFFFFFFFFF7B
:10A37000FFFFFFFFFFFFFFFFFFFFFFFFFFFFFFFFED
:10A38000FFFFFFFFFFFFFFFFFFFFFFFFFFFFFFFFDD
:10A39000FFFFFFFFFFFFFFFFFFFFFFFFFFFFFFFFCD
:10A3A000FFFFFFFFFFFFFFFFFFFFFFFFFFFFFFFFBD
:10A3B000FFFFFFFFFFFFFFFFFFFFFFFFFFFFFFFFAD
:10A3C000FFFFFFFFFFFFFFFFFFFFFFFFFFFFFFFF9D
:10A3D000FFFFFFFFFFFFFFFFFFFFFFFFFFFFFFFF8D
:10A3E000FFFFFFFFFFFFFFFFFFFFFFFFFFFFFFFF7D
:10A3F000FFFFFFFFFFFFFFFFFFFFFFFFFFFFFFFF6D
:10A40000FFFFFFFFFFFFFFFFFFFFFFFFFFFFFFFF5C
:10A41000FFFFFFFFFFFFFFFFFFFFFFFFFFFFFFFF4C
:10A42000FFFFFFFFFFFFFFFFFFFFFFFFFFFFFFFF3C
:10A43000FFFFFFFFFFFFFFFFFFFFFFFFFFFFFFFF2C
:10A44000FFFFFFFFFFFFFFFFFFFFFFFFFFFFFFFF1C
:10A45000FFFFFFFFFFFFFFFFFFFFFFFFFFFFFFFF0C
:10A46000FFFFFFFFFFFFFFFFFFFFFFFFFFFFFFFFFC
:10A47000FFFFFFFFFFFFFFFFFFFFFFFFFFFFFFFFEC
:10A48000FD55555540000000000000000000000090
:10A4900000000000000000000000000000000000BC
:10A4A00000000000000000000000000000000000AC
:10A4B00000000005555557FFFFFFFFFFFFFFFFFF9F
:10A4C000FFFFFFFFFFFFFFFFFFFFFFFFFFFFFFFF9C
:10A4D000FFFFFFFFFFFFFFFFFFFFFFFFFFFFFFFF8C
:10A4E000FFFFFFFFFFFFFFFFFFFFFFFFFFFFFFFF7C
:10A4F000FFFFFFFFFFFFFFFFFFFFFFFFFFFFFFFF6C
:10A50000FFFFFFFFFFFFFFFFFFFFFFFFFFFFFFFF5B
:10A51000FFFFFFFFFFFFFFFFFFFFFFFFFFFFFFFF4B
:10A52000FFFFFFFFFFFFFFFFFFFFFFFFFFFFFFFF3B
:10A53000FFFFFFFFFFFFFFFFFFFFFFFFFFFFFFFF2B
:10A54000FFFFFFFFFFFFFFFFFFFFFFFFFFFFFFFF1B
:10A55000FFFFFFFFFFFFFFFFFFFFFFFFFFFFFFFF0B
:10A56000FFFFFFFFFFFFFFFFFFFFFFFFFFFFFFFFFB
:10A57000FFFFFFFFFFFFFFFFFFFFFFFFFFFFFFFFEB
:10A58000FFFFFFFFFFFFFFFFFFFFFFFFFFFFFFFFDB
:10A59000FFFFFFFFFFFFFFFFFFFFFFFFFFFFFFFFCB
:10A5A000FFFFFFFFFFFFFFFFFFFFFFFFFFFFFFFFBB
:10A5B000FFFFFFFFFFFFFFFFFFFFFFFFFFFFFFFFAB
:10A5C000FFFFFFFFFFFFFFFFFFFFFFFFFFFFFFFF9B
:10A5D000FFFFFFFFFFD555555000000000000000B1
:10A5E000000000000000000000000000000000006B
:10A5F000000000000000000000000000000000005B
:10A6000000000000000000555555FFFFFFFFFFFF51
:10A61000FFFFFFFFFFFFFFFFFFFFFFFFFFFFFFFF4A
:10A62000FFFFFFFFFFFFFFFFFFFFFFFFFFFFFFFF3A
:10A63000FFFFFFFFFFFFFFFFFFFFFFFFFFFFFFFF2A
:10A64000FFFFFFFFFFFFFFFFFFFFFFFFFFFFFFFF1A
:10A65000FFFFFFFFFFFFFFFFFFFFFFFFFFFFFFFF0A
:10A66000FFFFFFFFFFFFFFFFFFFFFFFFFFFFFFFFFA
:10A67000FFFFFFFFFFFFFFFFFFFFFFFFFFFFFFFFEA
:10A68000FFFFFFFFFFFFFFFFFFFFFFFFFFFFFFFFDA
:10A69000FFFFFFFFFFFFFFFFFFFFFFFFFFFFFFFFCA
:10A6A000FFFFFFFFFFFFFFFFFFFFFFFFFFFFFFFFBA
:10A6B000FFFFFFFFFFFFFFFFFFFFFFFFFFFFFFFFAA
:10A6C000FFFFFFFFFFFFFFFFFFFFFFFFFFFFFFFF9A
:10A6D000FFFFFFFFFFFFFFFFFFFFFFFFFFFFFFFF8A
:10A6E000FFFFFFFFFFFFFFFFFFFFFFFFFFFFFFFF7A
:10A6F000FFFFFFFFFFFFFFFFFFFFFFFFFFFFFFFF6A
:10A70000FFFFFFFFFFFFFFFFFFFFFFFFFFFFFFFF59
:10A71000FFFFFFFFFFFFFFFFFFFFFFFFFFFFFFFF49
:10A72000FFFFFFFFFFFFFFFFFFFF55555500000034
:10A730000000000000000000000000000000000019
:10A740000000000000000000000000000000000009
:10A750000000000000000000000005555557FFFFF5
:10A76000FFFFFFFFFFFFFFFFFFFFFFFFFFFFFFFFF9
:10A77000FFFFFFFFFFFFFFFFFFFFFFFFFFFFFFFFE9
:10A78000FFFFFFFFFFFFFFFFFFFFFFFFFFFFFFFFD9
:10A79000FFFFFFFFFFFFFFFFFFFFFFFFFFFFFFFFC9
:10A7A000FFFFFFFFFFFFFFFFFFFFFFFFFFFFFFFFB9
:10A7B000FFFFFFFFFFFFFFFFFFFFFFFFFFFFFFFFA9
:10A7C000FFFFFFFFFFFFFFFFFFFFFFFFFFFFFFFF99
:10A7D000FFFFFFFFFFFFFFFFFFFFFFFFFFFFFFFF89
:10A7E000FFFFFFFFFFFFFFFFFFFFFFFFFFFFFFFF79
:10A7F000FFFFFFFFFFFFFFFFFFFFFFFFFFFFFFFF69
:10A80000FFFFFFFFFFFFFFFFFFFFFFFFFFFFFFFF58
:10A81000FFFFFFFFFFFFFFFFFFFFFFFFFFFFFFFF48
:10A82000FFFFFFFFFFFFFFFFFFFFFFFFFFFFFFFF38
:10A83000FFFFFFFFFFFFFFFFFFFFFFFFFFFFFFFF28
:10A84000FFFFFFFFFFFFFFFFFFFFFFFFFFFFFFFF18
:10A85000FFFFFFFFFFFFFFFFFFFFFFFFFFFFFFFF08
:10A86000FFFFFFFFFFFFFFFFFFFFFFFFFFFFFFFFF8
:10A87000FFFFFFFFFFFFFFFFFFFFFFFFFFFFD555BC
:10A880005550000000000000000000000000000023
:10A8900000000000000000000000000000000000B8
:10A8A000000000000000000000000000000015553E
:10A8B000557FFFFFFFFFFFFFFFFFFFFFFFFFFFFFD2
:10A8C000FFFFFFFFFFFFFFFFFFFFFFFFFFFFFFFF98
:10A8D000FFFFFFFFFFFFFFFFFFFFFFFFFFFFFFFF88
:10A8E000FFFFFFFFFFFFFFFFFFFFFFFFFFFFFFFF78
:10A8F000FFFFFFFFFFFFFFFFFFFFFFFFFFFFFFFF68
:10A90000FFFFFFFFFFFFFFFFFFFFFFFFFFFFFFFF57
:10A91000FFFFFFFFFFFFFFFFFFFFFFFFFFFFFFFF47
:10A92000FFFFFFFFFFFFFFFFFFFFFFFFFFFFFFFF37
:10A93000FFFFFFFFFFFFFFFFFFFFFFFFFFFFFFFF27
:10A94000FFFFFFFFFFFFFFFFFFFFFFFFFFFFFFFF17
:10A95000FFFFFFFFFFFFFFFFFFFFFFFFFFFFFFFF07
:10A96000FFFFFFFFFFFFFFFFFFFFFFFFFFFFFFFFF7
:10A97000FFFFFFFFFFFFFFFFFFFFFFFFFFFFFFFFE7
:10A98000FFFFFFFFFFFFFFFFFFFFFFFFFFFFFFFFD7
:10A99000FFFFFFFFFFFFFFFFFFFFFFFFFFFFFFFFC7
:10A9A000FFFFFFFFFFFFFFFFFFFFFFFFFFFFFFFFB7
:10A9B000FFFFFFFFFFFFFFFFFFFFFFFFFFFFFFFFA7
:10A9C000FFFFFFFFFFFFFFFFFFFFFFFFFFFFFFFF97
:10A9D000FFFFFD555554000000000000000000007E
:10A9E0000000000000000000000000000000000067
:10A9F0000000000000000000000000000000000057
:10AA00000001555557FFFFFFFFFFFFFFFFFFFFFF4F
:10AA1000FFFFFFFFFFFFFFFFFFFFFFFFFFFFFFFF46
:10AA2000FFFFFFFFFFFFFFFFFFFFFFFFFFFFFFFF36
:10AA3000FFFFFFFFFFFFFFFFFFFFFFFFFFFFFFFF26
:10AA4000FFFFFFFFFFFFFFFFFFFFFFFFFFFFFFFF16
:10AA5000FFFFFFFFFFFFFFFFFFFFFFFFFFFFFFFF06
:10AA6000FFFFFFFFFFFFFFFFFFFFFFFFFFFFFFFFF6
:10AA7000FFFFFFFFFFFFFFFFFFFFFFFFFFFFFFFFE6
:10AA8000FFFFFFFFFFFFFFFFFFFFFFFFFFFFFFFFD6
:10AA9000FFFFFFFFFFFFFFFFFFFFFFFFFFFFFFFFC6
:10AAA000FFFFFFFFFFFFFFFFFFFFFFFFFFFFFFFFB6
:10AAB000FFFFFFFFFFFFFFFFFFFFFFFFFFFFFFFFA6
:10AAC000FFFFFFFFFFFFFFFFFFFFFFFFFFFFFFFF96
:10AAD000FFFFFFFFFFFFFFFFFFFFFFFFFFFFFFFF86
:10AAE000FFFFFFFFFFFFFFFFFFFFFFFFFFFFFFFF76
:10AAF000FFFFFFFFFFFFFFFFFFFFFFFFFFFFFFFF66
:10AB0000FFFFFFFFFFFFFFFFFFFFFFFFFFFFFFFF55
:10AB1000FFFFFFFFFFFFFFFFFFFFFFFFFFFFFFFF45
:10AB2000FFFFFFFFFFFFFFD555554000000000006D
:10AB30000000000000000000000000000000000015
:10AB40000000000000000000000000000000000005
:10AB500000000000000555557FFFFFFFFFFFFFFFCE
:10AB6000FFFFFFFFFFFFFFFFFFFFFFFFFFFFFFFFF5
:10AB7000FFFFFFFFFFFFFFFFFFFFFFFFFFFFFFFFE5
:10AB8000FFFFFFFFFFFFFFFFFFFFFFFFFFFFFFFFD5
:10AB9000FFFFFFFFFFFFFFFFFFFFFFFFFFFFFFFFC5
:10ABA000FFFFFFFFFFFFFFFFFFFFFFFFFFFFFFFFB5
:10ABB000FFFFFFFFFFFFFFFFFFFFFFFFFFFFFFFFA5
:10ABC000FFFFFFFFFFFFFFFFFFFFFFFFFFFFFFFF95
:10ABD000FFFFFFFFFFFFFFFFFFFFFFFFFFFFFFFF85
:10ABE000FFFFFFFFFFFFFFFFFFFFFFFFFFFFFFFF75
:10ABF000FFFFFFFFFFFFFFFFFFFFFFFFFFFFFFFF65
:10AC0000FFFFFFFFFFFFFFFFFFFFFFFFFFFFFFFF54
:10AC1000FFFFFFFFFFFFFFFFFFFFFFFFFFFFFFFF44
:10AC2000FFFFFFFFFFFFFFFFFFFFFFFFFFFFFFFF34
:10AC3000FFFFFFFFFFFFFFFFFFFFFFFFFFFFFFFF24
:10AC4000FFFFFFFFFFFFFFFFFFFFFFFFFFFFFFFF14
:10AC5000FFFFFFFFFFFFFFFFFFFFFFFFFFFFFFFF04
:10AC6000FFFFFFFFFFFFFFFFFFFFFFFFFFFFFFFFF4
:10AC7000FFFFFFFFFFFFFFFFFFFFFFFD55555000E8
:10AC800000000000000000000000000000000000C4
:10AC900000000000000000000000000000000000B4
:10ACA000000000000000000000155557FFFFFFFFE7
:10ACB000FFFFFFFFFFFFFFFFFFFFFFFFFFFFFFFFA4
:10ACC000FFFFFFFFFFFFFFFFFFFFFFFFFFFFFFFF94
:10ACD000FFFFFFFFFFFFFFFFFFFFFFFFFFFFFFFF84
:10ACE000FFFFFFFFFFFFFFFFFFFFFFFFFFFFFFFF74
:10ACF000FFFFFFFFFFFFFFFFFFFFFFFFFFFFFFFF64
:10AD0000FFFFFFFFFFFFFFFFFFFFFFFFFFFFFFFF53
:10AD1000FFFFFFFFFFFFFFFFFFFFFFFFFFFFFFFF43
:10AD2000FFFFFFFFFFFFFFFFFFFFFFFFFFFFFFFF33
:10AD3000FFFFFFFFFFFFFFFFFFFFFFFFFFFFFFFF23
:10AD4000FFFFFFFFFFFFFFFFFFFFFFFFFFFFFFFF13
:10AD5000FFFFFFFFFFFFFFFFFFFFFFFFFFFFFFFF03
:10AD6000FFFFFFFFFFFFFFFFFFFFFFFFFFFFFFFFF3
:10AD7000FFFFFFFFFFFFFFFFFFFFFFFFFFFFFFFFE3
:10AD8000FFFFFFFFFFFFFFFFFFFFFFFFFFFFFFFFD3
:10AD9000FFFFFFFFFFFFFFFFFFFFFFFFFFFFFFFFC3
:10ADA000FFFFFFFFFFFFFFFFFFFFFFFFFFFFFFFFB3
:10ADB000FFFFFFFFFFFFFFFFFFFFFFFFFFFFFFFFA3
:10ADC000FFFFFFFFFFFFFFFFFFFFFFFFFFFFFFFF93
:10ADD000D5555400000000000000000000000000F5
:10ADE0000000000000000000000000000000000063
:10ADF0000000000000000000000000000155555F49
:10AE0000FFFFFFFFFFFFFFFFFFFFFFFFFFFFFFFF52
:10AE1000FFFFFFFFFFFFFFFFFFFFFFFFFFFFFFFF42
:10AE2000FFFFFFFFFFFFFFFFFFFFFFFFFFFFFFFF32
:10AE3000FFFFFFFFFFFFFFFFFFFFFFFFFFFFFFFF22
:10AE4000FFFFFFFFFFFFFFFFFFFFFFFFFFFFFFFF12
:10AE5000FFFFFFFFFFFFFFFFFFFFFFFFFFFFFFFF02
:10AE6000FFFFFFFFFFFFFFFFFFFFFFFFFFFFFFFFF2
:10AE7000FFFFFFFFFFFFFFFFFFFFFFFFFFFFFFFFE2
:10AE8000FFFFFFFFFFFFFFFFFFFFFFFFFFFFFFFFD2
:10AE9000FFFFFFFFFFFFFFFFFFFFFFFFFFFFFFFFC2
:10AEA000FFFFFFFFFFFFFFFFFFFFFFFFFFFFFFFFB2
:10AEB000FFFFFFFFFFFFFFFFFFFFFFFFFFFFFFFFA2
:10AEC000FFFFFFFFFFFFFFFFFFFFFFFFFFFFFFFF92
:10AED000FFFFFFFFFFFFFFFFFFFFFFFFFFFFFFFF82
:10AEE000FFFFFFFFFFFFFFFFFFFFFFFFFFFFFFFF72
:10AEF000FFFFFFFFFFFFFFFFFFFFFFFFFFFFFFFF62
:10AF0000FFFFFFFFFFFFFFFFFFFFFFFFFFFFFFFF51
:10AF1000FFFFFFFFFFFFFFFFFFFFFFFFFFFFFFFF41
:10AF2000FFFFFFFFF5555540000000000000000046
:10AF30000000000000000000000000000000000011
:10AF40000000000000000000000000000000000001
:10AF5000055555FFFFFFFFFFFFFFFFFFFFFFFFFF4F
:10AF6000FFFFFFFFFFFFFFFFFFFFFFFFFFFFFFFFF1
:10AF7000FFFFFFFFFFFFFFFFFFFFFFFFFFFFFFFFE1
:10AF8000FFFFFFFFFFFFFFFFFFFFFFFFFFFFFFFFD1
:10AF9000FFFFFFFFFFFFFFFFFFFFFFFFFFFFFFFFC1
:10AFA000FFFFFFFFFFFFFFFFFFFFFFFFFFFFFFFFB1
:10AFB000FFFFFFFFFFFFFFFFFFFFFFFFFFFFFFFFA1
:10AFC000FFFFFFFFFFFFFFFFFFFFFFFFFFFFFFFF91
:10AFD000FFFFFFFFFFFFFFFFFFFFFFFFFFFFFFFF81
:10AFE000FFFFFFFFFFFFFFFFFFFFFFFFFFFFFFFF71
:10AFF000FFFFFFFFFFFFFFFFFFFFFFFFFFFFFFFF61
:10B00000FFFFFFFFFFFFFFFFFFFFFFFFFFFFFFFF50
:10B01000FFFFFFFFFFFFFFFFFFFFFFFFFFFFFFFF40
:10B02000FFFFFFFFFFFFFFFFFFFFFFFFFFFFFFFF30
:10B03000FFFFFFFFFFFFFFFFFFFFFFFFFFFFFFFF20
:10B04000FFFFFFFFFFFFFFFFFFFFFFFFFFFFFFFF10
:10B05000FFFFFFFFFFFFFFFFFFFFFFFFFFFFFFFF00
:10B06000FFFFFFFFFFFFFFFFFFFFFFFFFFFFFFFFF0
:10B07000FFFFFFFFFFFFFFFFFF55555000000000DF
:10B0800000000000000000000000000000000000C0
:10B0900000000000000000000000000000000000B0
:10B0A00000000000155557FFFFFFFFFFFFFFFFFFE8
:10B0B000FFFFFFFFFFFFFFFFFFFFFFFFFFFFFFFFA0
:10B0C000FFFFFFFFFFFFFFFFFFFFFFFFFFFFFFFF90
:10B0D000FFFFFFFFFFFFFFFFFFFFFFFFFFFFFFFF80
:10B0E000FFFFFFFFFFFFFFFFFFFFFFFFFFFFFFFF70
:10B0F000FFFFFFFFFFFFFFFFFFFFFFFFFFFFFFFF60
:10B10000FFFFFFFFFFFFFFFFFFFFFFFFFFFFFFFF4F
:10B11000FFFFFFFFFFFFFFFFFFFFFFFFFFFFFFFF3F
:10B12000FFFFFFFFFFFFFFFFFFFFFFFFFFFFFFFF2F
:10B13000FFFFFFFFFFFFFFFFFFFFFFFFFFFFFFFF1F
:10B14000FFFFFFFFFFFFFFFFFFFFFFFFFFFFFFFF0F
:10B15000FFFFFFFFFFFFFFFFFFFFFFFFFFFFFFFFFF
:10B16000FFFFFFFFFFFFFFFFFFFFFFFFFFFFFFFFEF
:10B17000FFFFFFFFFFFFFFFFFFFFFFFFFFFFFFFFDF
:10B18000FFFFFFFFFFFFFFFFFFFFFFFFFFFFFFFFCF
:10B19000FFFFFFFFFFFFFFFFFFFFFFFFFFFFFFFFBF
:10B1A000FFFFFFFFFFFFFFFFFFFFFFFFFFFFFFFFAF
:10B1B000FFFFFFFFFFFFFFFFFFFFFFFFFFFFFFFF9F
:10B1C000FFFFFFFFFFFFFFFFFFFFFFFFFFD555540E
:10B1D000000000000000000000000000000000006F
:10B1E000000000000000000000000000000000005F
:10B1F000000000000000000055557FFFFFFFFFFF2B
:10B20000FFFFFFFFFFFFFFFFFFFFFFFFFFFFFFFF4E
:10B21000FFFFFFFFFFFFFFFFFFFFFFFFFFFFFFFF3E
:10B22000FFFFFFFFFFFFFFFFFFFFFFFFFFFFFFFF2E
:10B23000FFFFFFFFFFFFFFFFFFFFFFFFFFFFFFFF1E
:10B24000FFFFFFFFFFFFFFFFFFFFFFFFFFFFFFFF0E
:10B25000FFFFFFFFFFFFFFFFFFFFFFFFFFFFFFFFFE
:10B26000FFFFFFFFFFFFFFFFFFFFFFFFFFFFFFFFEE
:10B27000FFFFFFFFFFFFFFFFFFFFFFFFFFFFFFFFDE
:10B28000FFFFFFFFFFFFFFFFFFFFFFFFFFFFFFFFCE
:10B29000FFFFFFFFFFFFFFFFFFFFFFFFFFFFFFFFBE
:10B2A000FFFFFFFFFFFFFFFFFFFFFFFFFFFFFFFFAE
:10B2B000FFFFFFFFFFFFFFFFFFFFFFFFFFFFFFFF9E
:10B2C000FFFFFFFFFFFFFFFFFFFFFFFFFFFFFFFF8E
:10B2D000FFFFFFFFFFFFFFFFFFFFFFFFFFFFFFFF7E
:10B2E000FFFFFFFFFFFFFFFFFFFFFFFFFFFFFFFF6E
:10B2F000FFFFFFFFFFFFFFFFFFFFFFFFFFFFFFFF5E
:10B30000FFFFFFFFFFFFFFFFFFFFFFFFFFFFFFFF4D
:10B31000FFFFFFFFFFFFFFFFFFFFFFFFFFFFFFFF3D
:10B32000FFFD555500000000000000000000000077
:10B33000000000000000000000000000000000000D
:10B340000000000000000000000000055555FFFF50
:10B35000FFFFFFFFFFFFFFFFFFFFFFFFFFFFFFFFFD
:10B36000FFFFFFFFFFFFFFFFFFFFFFFFFFFFFFFFED
:10B37000FFFFFFFFFFFFFFFFFFFFFFFFFFFFFFFFDD
:10B38000FFFFFFFFFFFFFFFFFFFFFFFFFFFFFFFFCD
:10B39000FFFFFFFFFFFFFFFFFFFFFFFFFFFFFFFFBD
:10B3A000FFFFFFFFFFFFFFFFFFFFFFFFFFFFFFFFAD
:10B3B000FFFFFFFFFFFFFFFFFFFFFFFFFFFFFFFF9D
:10B3C000FFFFFFFFFFFFFFFFFFFFFFFFFFFFFFFF8D
:10B3D000FFFFFFFFFFFFFFFFFFFFFFFFFFFFFFFF7D
:10B3E000FFFFFFFFFFFFFFFFFFFFFFFFFFFFFFFF6D
:10B3F000FFFFFFFFFFFFFFFFFFFFFFFFFFFFFFFF5D
:10B40000FFFFFFFFFFFFFFFFFFFFFFFFFFFFFFFF4C
:10B41000FFFFFFFFFFFFFFFFFFFFFFFFFFFFFFFF3C
:10B42000FFFFFFFFFFFFFFFFFFFFFFFFFFFFFFFF2C
:10B43000FFFFFFFFFFFFFFFFFFFFFFFFFFFFFFFF1C
:10B44000FFFFFFFFFFFFFFFFFFFFFFFFFFFFFFFF0C
:10B45000FFFFFFFFFFFFFFFFFFFFFFFFFFFFFFFFFC
:10B46000FFFFFFFFFFFFFFFFFFFFFFFFFFFFFFFFEC
:10B47000FFFFFFFFFFFF55555000000000000000D8
:10B4800000000000000000000000000000000000BC
:10B490000000000000000000000000000000001597
:10B4A0005557FFFFFFFFFFFFFFFFFFFFFFFFFFFFFE
:10B4B000FFFFFFFFFFFFFFFFFFFFFFFFFFFFFFFF9C
:10B4C000FFFFFFFFFFFFFFFFFFFFFFFFFFFFFFFF8C
:10B4D000FFFFFFFFFFFFFFFFFFFFFFFFFFFFFFFF7C
:10B4E000FFFFFFFFFFFFFFFFFFFFFFFFFFFFFFFF6C
:10B4F000FFFFFFFFFFFFFFFFFFFFFFFFFFFFFFFF5C
:10B50000FFFFFFFFFFFFFFFFFFFFFFFFFFFFFFFF4B
:10B51000FFFFFFFFFFFFFFFFFFFFFFFFFFFFFFFF3B
:10B52000FFFFFFFFFFFFFFFFFFFFFFFFFFFFFFFF2B
:10B53000FFFFFFFFFFFFFFFFFFFFFFFFFFFFFFFF1B
:10B54000FFFFFFFFFFFFFFFFFFFFFFFFFFFFFFFD0D
:10B5500055555555557FFFFFFFFFFFFFFFFFFFFFCD
:10B56000FFFFFFFFFFFFFFFFFFFFFFFFFFFFFFFFEB
:10B57000FFFFFFFFFFFFFFFFFFFFFFFFFFFFFFFFDB
:10B58000FFFFFFFFFFFFFFFFFFFFFFFFFFFFFFFFCB
:10B59000FFFFFFFFFFFFFFFFFFFFFFFFFFFFFFFFBB
:10B5A000FFFFFFFFFFFFFFFFFFFFFFFFFFFFFFFFAB
:10B5B000FFFFFFFFFFFFFFFFFFFFFFFFFFFFFFFF9B
:10B5C000FFFFFFFFFFFFFFFFFFFFD5555400000007
:10B5D000000000000000000000000000000000006B
:10B5E000000000000000000000000000000000005B
:10B5F00000000055555FFFFFFFFFFFFFFFFFFFFF4C
:10B60000FFFFFFFFFFFFFFFFFFFFFFFFFFFFFFFF4A
:10B61000FFFFFFFFFFFFFFFFFFFFFFFFFFFFFFFF3A
:10B62000FFFFFFFFFFFFFFFFFFFFFFFFFFFFFFFF2A
:10B63000FFFFFFFFFFFFFFFFFFFFFFFFFFFFFFFF1A
:10B64000FFFFFFFFFFFFFFFFFFFFFFFFFFFFFFFF0A
:10B65000FFFFFFFFFFFFFFFFFFFFFFFFFFFFFFFFFA
:10B66000FFFFFFFFFFFFFFFFFFFFFFFFFFFFFFFFEA
:10B67000FFFFFFFFFFFFFFFFFFFFFFFFFFFFFFFFDA
:10B68000FFFFFFFFFFFFFFFFFFFFFFFFFFFFFFFFCA
:10B69000FFFFFFFFFFFFFFFFFFFFFFFFFFFFFFFFBA
:10B6A000FFFFD55555555555555557FFFFFFFFFF22
:10B6B000FFFFFFFFFFFFFFFFFFFFFFFFFFFFFFFF9A
:10B6C000FFFFFFFFFFFFFFFFFFFFFFFFFFFFFFFF8A
:10B6D000FFFFFFFFFFFFFFFFFFFFFFFFFFFFFFFF7A
:10B6E000FFFFFFFFFFFFFFFFFFFFFFFFFFFFFFFF6A
:10B6F000FFFFFFFFFFFFFFFFFFFFFFFFFFFFFFFF5A
:10B70000FFFFFFFFFFFFFFFFFFFFFFFFFFFFFFFF49
:10B71000FFFFFFFFFFFFFFFFFFFFFFFFFFFFF555ED
:10B7200055000000000000000000000000000000C4
:10B730000000000000000000000000000000000009
:10B74000000000000000015555FFFFFFFFFFFFFF55
:10B75000FFFFFFFFFFFFFFFFFFFFFFFFFFFFFFFFF9
:10B76000FFFFFFFFFFFFFFFFFFFFFFFFFFFFFFFFE9
:10B77000FFFFFFFFFFFFFFFFFFFFFFFFFFFFFFFFD9
:10B78000FFFFFFFFFFFFFFFFFFFFFFFFFFFFFFFFC9
:10B79000FFFFFFFFFFFFFFFFFFFFFFFFFFFFFFFFB9
:10B7A000FFFFFFFFFFFFFFFFFFFFFFFFFFFFFFFFA9
:10B7B000FFFFFFFFFFFFFFFFFFFFFFFFFFFFFFFF99
:10B7C000FFFFFFFFFFFFFFFFFFFFFFFFFFFFFFFF89
:10B7D000FFFFFFFFFFFFFFFFFFFFFFFFFFFFFFFF79
:10B7E000FFFFFFFFFFFFFFFFFFFFFFFFFFFFFFFF69
:10B7F000FFFFFFFFFFD55555555555555555555725
:10B80000FFFFFFFFFFFFFFFFFFFFFFFFFFFFFFFF48
:10B81000FFFFFFFFFFFFFFFFFFFFFFFFFFFFFFFF38
:10B82000FFFFFFFFFFFFFFFFFFFFFFFFFFFFFFFF28
:10B83000FFFFFFFFFFFFFFFFFFFFFFFFFFFFFFFF18
:10B84000FFFFFFFFFFFFFFFFFFFFFFFFFFFFFFFF08
:10B85000FFFFFFFFFFFFFFFFFFFFFFFFFFFFFFFFF8
:10B86000FFFFFFFFFFFFFFFFFFFFFFFFFFFFFFFFE8
:10B87000FFFFFF55554000000000000000000000E1
:10B8800000000000000000000000000000000000B8
:10B8900000000000000000000000055557FFFFFFFA
:10B8A000FFFFFFFFFFFFFFFFFFFFFFFFFFFFFFF5B2
:10B8B0005555555555555555555555555555555538
:10B8C000555FFFFFFFFFFFFFFFFFFFFFFFFFFFFFD2
:10B8D000FFFFFFFFFFFFFFFFFFFFFFFFFFFFFFFF78
:10B8E000FFFFFFFFFFFFFFFFFFF55555555555556E
:10B8F000555557FFFFFFFFFFFFFFFFFFFFFFFFFF54
:10B90000FFFFFFFFFFFFFFFFFFFFFFFFFFF55555A5
:10B91000555555555557FFFFFFFFFFFFFFFFFFFF31
:10B92000FFFFFFFFFFF555555555555555557FFF01
:10B93000FFFFFFFFFFFFFFFFFFFFFFFFFFFFFFFF17
:10B94000FFFFFFFFFFFFFFFFF555555555555555B7
:10B95000555555555FFFFFFFFFFFFFFFFFFFFFFF3F
:10B96000FFFFFFFFFFFFFFFFFFFFFFFF555555558F
:10B970005555555555555555555555555555555577
:10B980005555555555555FFFFFFFFFFFFFFFFFFF63
:10B99000FFFFFFFFFD555555555555555555555507
:10B9A0005555555555557FFFFFFFFFFFFFFFFFFF23
:10B9B000FFFFFFFFFFFFFFFFFFFFFFFFFFFFFFFF97
:10B9C000FFFFFFFFFFFFFFD5555000000000000004
:10B9D0000000000000000000000000000000000067
:10B9E00000000000000000000000000000001555ED
:10B9F0005FFFFFFFFFFFFFFFFFFFFFFFFFFFFFFFF7
:10BA0000FFFFFFF555555555555555555555555548
:10BA100055555555555555FFFFFFFFFFFFFFFFFFDC
:10BA2000FFFFFFFFFFFFFFFFFFFFFFFFFFFFFFFF26
:10BA3000FFFFFFFFFFFFFFFFFFFFFFFFFFF5555574
:10BA400055555555555557FFFFFFFFFFFFFFFFFFAA
:10BA5000FFFFFFFFFFFFFFFFFFFFFFFFFFFFFFFFF6
:10BA6000FFF55555555555555555FFFFFFFFFFFF40
:10BA7000FFFFFFFFFFFFFFFFFFF5555555555555DC
:10BA800055557FFFFFFFFFFFFFFFFFFFFFFFFFFF9A
:10BA9000FFFFFFFFFFFFFFFFFFFFFFFD5555555560
:10BAA0005555555555555555557FFFFFFFFFFFFF20
:10BAB000FFFFFFFFFFFFFFFFFFFFFFFFFFFFFFFF96
:10BAC0005555555555555555555555555555555526
:10BAD000555555555555555555555FFFFFFFFFFFBA
:10BAE000FFFFFFFFFFFFFFFFFD555555555555550E
:10BAF000555555555555555555555557FFFFFFFF4C
:10BB0000FFFFFFFFFFFFFFFFFFFFFFFFFFFFFFFF45
:10BB1000FFFFFFFFFFFFFFFFFFFFFFF55554000092
:10BB20000000000000000000000000000000000015
:10BB30000000000000000000000000000000000005
:10BB4000000055557FFFFFFFFFFFFFFFFFFFFFFFD7
:10BB5000FFFFFFFFFFFFFFF555555555555555554F
:10BB60005555555555555555555555557FFFFFFF5D
:10BB7000FFFFFFFFFFFFFFFFFFFFFFFFFFFFFFFFD5
:10BB8000FFFFFFFFFFFFFFFFFFFFFFFFFFFFFFFFC5
:10BB9000FFF5555555555555555555FFFFFFFFFFB9
:10BBA000FFFFFFFFFFFFFFFFFFFFFFFFFFFFFFFFA5
:10BBB000FFFFFFFFFFF55555555555555555FFFFEF
:10BBC000FFFFFFFFFFFFFFFFFFFFFFFFFFF55555E3
:10BBD0005555555555557FFFFFFFFFFFFFFFFFFFF1
:10BBE000FFFFFFFFFFFFFFFFFFFFFFFFFFFFFF550F
:10BBF0005555555555555555555555555557FFFF9F
:10BC0000FFFFFFFFFFFFFFFFFFFFFFFFFFFFFFFF44
:10BC1000FFFFFFFF5555555555555555555555552C
:10BC200055555555555555555555555555555FFF10
:10BC3000FFFFFFFFFFFFFFFFFFFFFFFFFD55555514
:10BC400055555555555555555555555555555555A4
:10BC500057FFFFFFFFFFFFFFFFFFFFFFFFFFFFFF9C
:10BC6000FFFFFFFFFFFFFFFFFFFFFFFFFFFFFFFDE6
:10BC7000555500000000000000000000000000001A
:10BC800000000000000000000000000000000000B4
:10BC90000000000000015555FFFFFFFFFFFFFFFF01
:10BCA000FFFFFFFFFFFFFFFFFFFFFFF55555555556
:10BCB0005555555555555555555555555555555534
:10BCC000557FFFFFFFFFFFFFFFFFFFFFFFFFFFFFAE
:10BCD000FFFFFFFFFFFFFFFFFFFFFFFFFFFFFFFF74
:10BCE000FFFFFFFFFFD5555555555555555555FF88
:10BCF000FFFFFFFFFFFFFFFFFFFFFFFFFFFFFFFF54
:10BD0000FFFFFFFFFFFFFFFFFFF555555555555549
:10BD100055557FFFFFFFFFFFFFFFFFFFFFFFFFFF07
:10BD2000FFF555555555555555557FFFFFFFFFFFFD
:10BD3000FFFFFFFFFFFFFFFFFFFFFFFFFFFFFFFF13
:10BD4000FFFFF555555555555555555555555555AF
:10BD500055557FFFFFFFFFFFFFFFFFFFFFFFFFFFC7
:10BD6000FFFFFFFFFFFFFFFF555555555555555533
:10BD70005555555555555555555555555555555573
:10BD800055555FFFFFFFFFFFFFFFFFFFFFFFFFFFB7
:10BD9000FD555555555555555555555555555555AB
:10BDA000555555555557FFFFFFFFFFFFFFFFFFFF9D
:10BDB000FFFFFFFFFFFFFFFFFFFFFFFFFFFFFFFF93
:10BDC000FFFFFFFF5555400000000000000000008D
:10BDD0000000000000000000000000000000000063
:10BDE000000000000000000000055557FFFFFFFFA6
:10BDF000FFFFFFFFFFFFFFFFFFFFFFFFFFFFFFF55D
:10BE000055555555555555555555555555555555E2
:10BE1000555555555555FFFFFFFFFFFFFFFFFFFF2E
:10BE2000FFFFFFFFFFFFFFFFFFFFFFFFFFFFFFFF22
:10BE3000FFFFFFFFFFFFFFFFFFD555555555555538
:10BE4000555555FFFFFFFFFFFFFFFFFFFFFFFFFF00
:10BE5000FFFFFFFFFFFFFFFFFFFFFFFFFFF5555550
:10BE60005555555555555FFFFFFFFFFFFFFFFFFF7E
:10BE7000FFFFFFFFFFF555555555555555557FFFAC
:10BE8000FFFFFFFFFFFFFFFFFFFFFFFFFFFFFFFFC2
:10BE9000FFFFFFFFFFFF5555555555555555555556
:10BEA00055555555555557FFFFFFFFFFFFFFFFFF46
:10BEB000FFFFFFFFFFFFFFFFFFFFFFFF555555553A
:10BEC0005555555555555555555555555555555522
:10BED0005555555555555FFFFFFFFFFFFFFFFFFF0E
:10BEE000FFFFFFFFFD5555555555555555555555B2
:10BEF000555555555555555555555FFFFFFFFFFF96
:10BF0000FFFFFFFFFFFFFFFFFFFFFFFFFFFFFFFF41
:10BF1000FFFFFFFFFFFFFFFFD555500000000000AF
:10BF20000000000000000000000000000000000011
:10BF30000000000000000000000000000015555F38
:10BF4000FFFFFFFFFFFFFFFFFFFFFFFFFFFFFFFF01
:10BF5000FFFFFFF5555555555555555555555555F3
:10BF6000555555555555555555555FFFFFFFFFFF25
:10BF7000FFFFFFFFFFFFFFFFFFFFFFFFFFFFFFFFD1
:10BF8000FFFFFFFFFFFFFFFFFFFFFFFFFFD555553F
:10BF9000555555555555557FFFFFFFFFFFFFFFFFD7
:10BFA000FFFFFFFFFFFFFFFFFFFFFFFFFFFFFFFFA1
:10BFB000FFF555555555555555555FFFFFFFFFFF8B
:10BFC000FFFFFFFFFFFFFFFFFFF555555555555587
:10BFD00055557FFFFFFFFFFFFFFFFFFFFFFFFFFF45
:10BFE000FFFFFFFFFFFFFFFFFFF555555555555567
:10BFF00055555555555555555555557FFFFFFFFF1F
:10C00000FFFFFFFFFFFFFFFFFFFFFFFFFFFFFFFF40
:10C0100055555555555555555555555555555555D0
:10C02000555555555555555555555FFFFFFFFFFF64
:10C03000FFFFFFFFFFFFFFFFFD55555555555555B8
:10C04000555555555555555555555555555555FFF6
:10C05000FFFFFFFFFFFFFFFFFFFFFFFFFFFFFFFFF0
:10C06000FFFFFFFFFFFFFFFFFFFFFFFFF55554003E
:10C0700000000000000000000000000000000000C0
:10C0800000000000000000000000000000000000B0
:10C090000055557FFFFFFFFFFFFFFFFFFFFFFFFF83
:10C0A000FFFFFFFFFFFFFFF55555555555555555FA
:10C0B0005555555555555555555555555555557F06
:10C0C000FFFFFFFFFFFFFFFFFFFFFFFFFFFFFFFF80
:10C0D000FFFFFFFFFFFFFFFFFFFFFFFFFFFFFFFF70
:10C0E000FF555555555555555555557FFFFFFFFF84
:10C0F000FFFFFFFFFFFFFFFFFFFFFFFFFFFFFFFF50
:10C10000FFFFFFFFFFF5555555555555555557FF41
:10C11000FFFFFFFFFFFFFFFFFFFFFFFFFFF555558D
:10C120005555555555557FFFFFFFFFFFFFFFFFFF9B
:10C13000FFFFFFFFFFFFFFFFFFFFFFFFFF5555550D
:10C14000555555555555555555555555555555579D
:10C15000FFFFFFFFFFFFFFFFFFFFFFFFFFFFFFFFEF
:10C16000FFFFFFFF555555555555555555555555D7
:10C1700055555555555555555555555555555FFFBB
:10C18000FFFFFFFFFFFFFFFFFFFFFFFFFD555555BF
:10C19000555555555555555555555555555555554F
:10C1A0005555555FFFFFFFFFFFFFFFFFFFFFFFFF3D
:10C1B000FFFFFFFFFFFFFFFFFFFFFFFFFFFFFFFF8F
:10C1C000FD555500000000000000000000000000C8
:10C1D000000000000000000000000000000000005F
:10C1E00000000000015555FFFFFFFFFFFFFFFFFFAD
:10C1F000FFFFFFFFFFFFFFFFFFFFFFF55555555501
:10C2000055555555555555555555555555555555DE
:10C2100055555557FFFFFFFFFFFFFFFFFFFFFFFFD4
:10C22000FFFFFFFFFFFFFFFFFFFFFFFFFFFFFFFF1E
:10C23000FFFFFFFFFF555555555555555555555F52
:10C24000FFFFFFFFFFFFFFFFFFFFFFFFFFFFFFFFFE
:10C25000FFFFFFFFFFFFFFFFFFF5555555555555F4
:10C26000555555FFFFFFFFFFFFFFFFFFFFFFFFFFDC
:10C27000FFF555555555555555557FFFFFFFFFFFA8
:10C28000FFFFFFFFFFFFFFFFFFFFFFFFFFFFFFFFBE
:10C29000FD555555555555555555555555555555A6
:10C2A00055555555FFFFFFFFFFFFFFFFFFFFFFFF46
:10C2B000FFFFFFFFFFFFFFFF5555555555555555DE
:10C2C000555555555555555555555555555555551E
:10C2D00055555FFFFFFFFFFFFFFFFFFFFFFFFFFF62
:10C2E000FD55555555555555555555555555555556
:10C2F0005555555555555555FFFFFFFFFFFFFFFF9E
:10C30000FFFFFFFFFFFFFFFFFFFFFFFFFFFFFFFF3D
:10C31000FFFFFFFFFF555540000000000000000038
:10C32000000000000000000000000000000000000D
:10C330000000000000000000055557FFFFFFFFFF51
:10C34000FFFFFFFFFFFFFFFFFFFFFFFFFFFFFFF507
:10C35000555555555555555555555555555555558D
:10C3600055555555555555557FFFFFFFFFFFFFFFAD
:10C37000FFFFFFFFFFFFFFFFFFFFFFFFFFFFFFFFCD
:10C38000FFFFFFFFFFFFFFFFFF5555555555555563
:10C390005555555FFFFFFFFFFFFFFFFFFFFFFFFF4B
:10C3A000FFFFFFFFFFFFFFFFFFFFFFFFFFF55555FB
:10C3B00055555555555555FFFFFFFFFFFFFFFFFF33
:10C3C000FFFFFFFFFFF555555555555555557FFF57
:10C3D000FFFFFFFFFFFFFFFFFFFFFFFFFFFFFFFF6D
:10C3E000FFFFFFFFD55555555555555555555555D5
:10C3F00055555555555555555FFFFFFFFFFFFFFF3D
:10C40000FFFFFFFFFFFFFFFFFFFFFFFF55555555E4
:10C4100055555555555555555555555555555555CC
:10C420005555555555555FFFFFFFFFFFFFFFFFFFB8
:10C43000FFFFFFFFFD55555555555555555555555C
:10C440005555555555555555555555555FFFFFFF94
:10C45000FFFFFFFFFFFFFFFFFFFFFFFFFFFFFFFFEC
:10C46000FFFFFFFFFFFFFFFFFFD55550000000005B
:10C4700000000000000000000000000000000000BC
:10C4800000000000000000000000000005555FFFF4
:10C49000FFFFFFFFFFFFFFFFFFFFFFFFFFFFFFFFAC
:10C4A000FFFFFFF55555555555555555555555559E
:10C4B00055555555555555555555555557FFFFFF2C
:10C4C000FFFFFFFFFFFFFFFFFFFFFFFFFFFFFFFF7C
:10C4D000FFFFFFFFFFFFFFFFFFFFFFFFFD5555556C
:10C4E000555555555555555FFFFFFFFFFFFFFFFFA2
:10C4F000FFFFFFFFFFFFFFFFFFFFFFFFFFFFFFFF4C
:10C50000FFF55555555555555555557FFFFFFFFFBF
:10C51000FFFFFFFFFFFFFFFFFFF555555555555531
:10C5200055557FFFFFFFFFFFFFFFFFFFFFFFFFFFEF
:10C53000FFFFFFFFFFFFFFFF55555555555555555B
:10C5400055555555555555555555555557FFFFFF9B
:10C55000FFFFFFFFFFFFFFFFFFFFFFFFFFFFFFFFEB
:10C56000555555555555555555555555555555557B
:10C57000555555555555555555555FFFFFFFFFFF0F
:10C58000FFFFFFFFFFFFFFFFFD5555555555555563
:10C59000555555555555555555555555555555554B
:10C5A00055FFFFFFFFFFFFFFFFFFFFFFFFFFFFFF45
:10C5B000FFFFFFFFFFFFFFFFFFFFFFFFFFF55550EE
:10C5C000000000000000000000000000000000006B
:10C5D000000000000000000000000000000000005B
:10C5E00015557FFFFFFFFFFFFFFFFFFFFFFFFFFF6F
:10C5F000FFFFFFFFFFFFFFF55555555555555555A5
:10C6000055555555555555555555555555555555DA
:10C61000557FFFFFFFFFFFFFFFFFFFFFFFFFFFFF54
:10C62000FFFFFFFFFFFFFFFFFFFFFFFFFFFFFFFF1A
:10C63000FD5555555555555555555557FFFFFFFF58
:10C64000FFFFFFFFFFFFFFFFFFFFFFFFFFFFFFFFFA
:10C65000FFFFFFFFFFF55555555555555555555F8E
:10C66000FFFFFFFFFFFFFFFFFFFFFFFFFFF5555538
:10C670005555555555557FFFFFFFFFFFFFFFFFFF46
:10C68000FFFFFFFFFFFFFFFFFFFFFFF5555555556C
:10C69000555555555555555555555555555555554A
:10C6A00055FFFFFFFFFFFFFFFFFFFFFFFFFFFFFF44
:10C6B000FFFFFFFF55555555555555555555555582
:10C6C00055555555555555555555555555555FFF66
:10C6D000FFFFFFFFFFFFFFFFFFFFFFFFFD5555556A
:10C6E00055555555555555555555555555555555FA
:10C6F00055555555557FFFFFFFFFFFFFFFFFFFFF1C
:10C70000FFFFFFFFFFFFFFFFFFFFFFFFFFFFFFFF39
:10C71000FFFD555400000000000000000000000074
:10C720000000000000000000000000000000000009
:10C73000000000005555FFFFFFFFFFFFFFFFFFFF59
:10C74000FFFFFFFFFFFFFFFFFFFFFFF555555555AB
:10C750005555555555555555555555555555555589
:10C76000555555555557FFFFFFFFFFFFFFFFFFFFD3
:10C77000FFFFFFFFFFFFFFFFFFFFFFFFFFFFFFFFC9
:10C78000FFFFFFFFF555555555555555555555570F
:10C79000FFFFFFFFFFFFFFFFFFFFFFFFFFFFFFFFA9
:10C7A000FFFFFFFFFFFFFFFFFFF55555555555559F
:10C7B0005555555FFFFFFFFFFFFFFFFFFFFFFFFF27
:10C7C000FFF555555555555555557FFFFFFFFFFF53
:10C7D000FFFFFFFFFFFFFFFFFFFFFFFFFFFFFFD593
:10C7E00055555555555555555555555555555555F9
:10C7F00055555555555FFFFFFFFFFFFFFFFFFFFF3B
:10C80000FFFFFFFFFFFFFFFF555555555555555588
:10C8100055555555555555555555555555555555C8
:10C8200055555FFFFFFFFFFFFFFFFFFFFFFFFFFF0C
:10C83000FD55555555555555555555555555555500
:10C8400055555555555555555557FFFFFFFFFFFF9A
:10C85000FFFFFFFFFFFFFFFFFFFFFFFFFFFFFFFFE8
:10C86000FFFFFFFFFFFF5555000000000000000024
:10C8700000000000000000000000000000000000B8
:10C8800000000000000000015557FFFFFFFFFFFF01
:10C89000FFFFFFFFFFFFFFFFFFFFFFFFFFFFFFF5B2
:10C8A0005555555555555555555555555555555538
:10C8B00055555555555555555555FFFFFFFFFFFF2C
:10C8C000FFFFFFFFFFFFFFFFFFFFFFFFFFFFFFFF78
:10C8D000FFFFFFFFFFFFFFFFF55555555555555518
:10C8E00055555557FFFFFFFFFFFFFFFFFFFFFFFFFE
:10C8F000FFFFFFFFFFFFFFFFFFFFFFFFFFF55555A6
:10C900005555555555555557FFFFFFFFFFFFFFFF85
:10C91000FFFFFFFFFFF555555555555555557FFF01
:10C92000FFFFFFFFFFFFFFFFFFFFFFFFFFFFFFFF17
:10C93000FFFFFF55555555555555555555555555A9
:10C9400055555555555555555557FFFFFFFFFFFF99
:10C95000FFFFFFFFFFFFFFFFFFFFFFFF555555558F
:10C960005555555555555555555555555555555577
:10C970005555555555555FFFFFFFFFFFFFFFFFFF63
:10C98000FFFFFFFFFD555555555555555555555507
:10C990005555555555555555555555555555FFFFF3
:10C9A000FFFFFFFFFFFFFFFFFFFFFFFFFFFFFFFF97
:10C9B000FFFFFFFFFFFFFFFFFFFFD5554000000017
:10C9C0000000000000000000000000000000000067
:10C9D000000000000000000000000005555FFFFFA0
:10C9E000FFFFFFFFFFFFFFFFFFFFFFFFFFFFFFFF57
:10C9F000FFFFFFF555555555555555555555555549
:10CA000055555555555555555555555555555FFF22
:10CA1000FFFFFFFFFFFFFFFFFFFFFFFFFFFFFFFF26
:10CA2000FFFFFFFFFFFFFFFFFFFFFFFFF55555551E
:10CA30005555555555555555FFFFFFFFFFFFFFFF56
:10CA4000FFFFFFFFFFFFFFFFFFFFFFFFFFFFFFFFF6
:10CA5000FFF555555555555555555555FFFFFFFF94
:10CA6000FFFFFFFFFFFFFFFFFFF5555555555555DC
:10CA700055557FFFFFFFFFFFFFFFFFFFFFFFFFFF9A
:10CA8000FFFFFFFFFFFFF5555555555555555555BA
:10CA90005555555555555555555555555555FFFFF2
:10CAA000FFFFFFFFFFFFFFFFFFFFFFFFFFFFFFFF96
:10CAB0005555555555555555555555555555555526
:10CAC000555555555555555555555FFFFFFFFFFFBA
:10CAD000FFFFFFFFFFFFFFFFFD555555555555550E
:10CAE00055555555555555555555555555555555F6
:10CAF00055557FFFFFFFFFFFFFFFFFFFFFFFFFFF1A
:10CB0000FFFFFFFFFFFFFFFFFFFFFFFFFFFFF555E9
:10CB100050000000000000000000000000000000C5
:10CB20000000000000000000000000000000000500
:10CB3000557FFFFFFFFFFFFFFFFFFFFFFFFFFFFF2F
:10CB4000FFFFFFFFFFFFFFF555555555555555554F
:10CB50005555555555555555555555555555555585
:10CB6000555557FFFFFFFFFFFFFFFFFFFFFFFFFFD1
:10CB7000FFFFFFFFFFFFFFFFFFFFFFFFFFFFFFFFC5
:10CB8000D55555555555555555555555FFFFFFFF2D
:10CB9000FFFFFFFFFFFFFFFFFFFFFFFFFFFFFFFFA5
:10CBA000FFFFFFFFFFF55555555555555555555543
:10CBB000FFFFFFFFFFFFFFFFFFFFFFFFFFF55555E3
:10CBC0005555555555557FFFFFFFFFFFFFFFFFFFF1
:10CBD000FFFFFFFFFFFFFFFFFFFFD55555555555E1
:10CBE00055555555555555555555555555555555F5
:10CBF00055557FFFFFFFFFFFFFFFFFFFFFFFFFFF19
:10CC0000FFFFFFFF5555555555555555555555552C
:10CC100055555555555555555555555555555FFF10
:10CC2000FFFFFFFFFFFFFFFFFFFFFFFFFD55555514
:10CC300055555555555555555555555555555555A4
:10CC400055555555555557FFFFFFFFFFFFFFFFFF98
:10CC5000FFFFFFFFFFFFFFFFFFFFFFFFFFFFFFFFE4
:10CC6000FFFFFD5550000000000000000000000024
:10CC700000000000000000000000000000000000B4
:10CC80000000001555FFFFFFFFFFFFFFFFFFFFFF45
:10CC9000FFFFFFFFFFFFFFFFFFFFFFF55555555556
:10CCA0005555555555555555555555555555555534
:10CCB000555555555555557FFFFFFFFFFFFFFFFFAA
:10CCC000FFFFFFFFFFFFFFFFFFFFFFFFFFFFFFFF74
:10CCD000FFFFFFFFD55555555555555555555555DC
:10CCE000FFFFFFFFFFFFFFFFFFFFFFFFFFFFFFFF54
:10CCF000FFFFFFFFFFFFFFFFFFF55555555555554A
:10CD0000555555557FFFFFFFFFFFFFFFFFFFFFFF5B
:10CD1000FFF555555555555555557FFFFFFFFFFFFD
:10CD2000FFFFFFFFFFFFFFFFFFFFFFFFFFFF555567
:10CD300055555555555555555555555555555555A3
:10CD40005555555555555FFFFFFFFFFFFFFFFFFF8F
:10CD5000FFFFFFFFFFFFFFFF555555555555555533
:10CD60005555555555555555555555555555555573
:10CD700055555FFFFFFFFFFFFFFFFFFFFFFFFFFFB7
:10CD8000FD555555555555555555555555555555AB
:10CD90005555555555555555555555FFFFFFFFFFF1
:10CDA000FFFFFFFFFFFFFFFFFFFFFFFFFFFFFFFF93
:10CDB000FFFFFFFFFFFFFF555400000000000000D1
:10CDC0000000000000000000000000000000000063
:10CDD000000000000000005555FFFFFFFFFFFFFFB0
:10CDE000FFFFFFFFFFFFFFFFFFFFFFFFFFFFFFF55D
:10CDF00055555555555555555555555555555555E3
:10CE000055555555555555555555555FFFFFFFFF20
:10CE1000FFFFFFFFFFFFFFFFFFFFFFFFFFFFFFFF22
:10CE2000FFFFFFFFFFFFFFFFD555555555555555E2
:10CE3000555555557FFFFFFFFFFFFFFFFFFFFFFF2A
:10CE4000FFFFFFFFFFFFFFFFFFFFFFFFFFF5555550
:10CE500055555555555555555FFFFFFFFFFFFFFFD2
:10CE6000FFFFFFFFFFF555555555555555557FFFAC
:10CE7000FFFFFFFFFFFFFFFFFFFFFFFFFFFFFFFFC2
:10CE8000FFFD555555555555555555555555555500
:10CE90005555555555555555555557FFFFFFFFFFEE
:10CEA000FFFFFFFFFFFFFFFFFFFFFFFF555555553A
:10CEB0005555555555555555555555555555555522
:10CEC0005555555555555FFFFFFFFFFFFFFFFFFF0E
:10CED000FFFFFFFFFD5555555555555555555555B2
:10CEE0005555555555555555555555555555557FC8
:10CEF000FFFFFFFFFFFFFFFFFFFFFFFFFFFFFFFF42
:10CF0000FFFFFFFFFFFFFFFFFFFFFF555500000082
:10CF10000000000000000000000000000000000011
:10CF200000000000000000000000015557FFFFFF57
:10CF3000FFFFFFFFFFFFFFFFFFFFFFFFFFFFFFFF01
:10CF4000FFFFFFF5555555555555555555555555F3
:10CF5000555555555555555555555555555555577F
:10CF6000FFFFFFFFFFFFFFFFFFFFFFFFFFFFFFFFD1
:10CF7000FFFFFFFFFFFFFFFFFFFFFFFF5555555569
:10CF800055555555555555557FFFFFFFFFFFFFFF81
:10CF9000FFFFFFFFFFFFFFFFFFFFFFFFFFFFFFFFA1
:10CFA000FFF5555555555555555555555FFFFFFFDF
:10CFB000FFFFFFFFFFFFFFFFFFF555555555555587
:10CFC00055557FFFFFFFFFFFFFFFFFFFFFFFFFFF45
:10CFD000FFFFFFFFFFF5555555555555555555550F
:10CFE000555555555555555555555555555555FF47
:10CFF000FFFFFFFFFFFFFFFFFFFFFFFFFFFFFFFF41
:10D0000055555555555555555555555555555555D0
:10D01000555555555555555555555FFFFFFFFFFF64
:10D02000FFFFFFFFFFFFFFFFFD55555555555555B8
:10D0300055555555555555555555555555555555A0
:10D040005555555FFFFFFFFFFFFFFFFFFFFFFFFF8E
:10D05000FFFFFFFFFFFFFFFFFFFFFFFFFFFFFFD50A
:10D06000554000000000000000000000000000002B
:10D07000000000000000000000000000000001555A
:10D080005FFFFFFFFFFFFFFFFFFFFFFFFFFFFFFF50
:10D09000FFFFFFFFFFFFFFF55555555555555555FA
:10D0A0005555555555555555555555555555555530
:10D0B00055555555FFFFFFFFFFFFFFFFFFFFFFFF28
:10D0C000FFFFFFFFFFFFFFFFFFFFFFFFFFFFFFFF70
:10D0D0005555555555555555555555555FFFFFFFF8
:10D0E000FFFFFFFFFFFFFFFFFFFFFFFFFFFFFFFF50
:10D0F000FFFFFFFFFFF555555555555555555555EE
:10D1000057FFFFFFFFFFFFFFFFFFFFFFFFF5555535
:10D110005555555555557FFFFFFFFFFFFFFFFFFF9B
:10D12000FFFFFFFFFFFFFFFFFFD555555555555535
:10D13000555555555555555555555555555555559F
:10D140005555557FFFFFFFFFFFFFFFFFFFFFFFFF6D
:10D15000FFFFFFFF555555555555555555555555D7
:10D1600055555555555555555555555555555FFFBB
:10D17000FFFFFFFFFFFFFFFFFFFFFFFFFD555555BF
:10D18000555555555555555555555555555555554F
:10D190005555555555555557FFFFFFFFFFFFFFFFED
:10D1A000FFFFFFFFFFFFFFFFFFFFFFFFFFFFFFFF8F
:10D1B000FFFFFFF5554000000000000000000000E8
:10D1C000000000000000000000000000000000005F
:10D1D000000005557FFFFFFFFFFFFFFFFFFFFFFF81
:10D1E000FFFFFFFFFFFFFFFFFFFFFFF55555555501
:10D1F00055555555555555555555555555555555DF
:10D2000055555555555555557FFFFFFFFFFFFFFFFE
:10D21000FFFFFFFFFFFFFFFFFFFFFFFFFFFFFFFF1E
:10D22000FFFFFFFF55555555555555555555555506
:10D230005FFFFFFFFFFFFFFFFFFFFFFFFFFFFFFF9E
:10D24000FFFFFFFFFFFFFFFFFFF5555555555555F4
:10D250005555555555FFFFFFFFFFFFFFFFFFFFFF30
:10D26000FFF555555555555555557FFFFFFFFFFFA8
:10D27000FFFFFFFFFFFFFFFFFFFFFFFFFF555555BC
:10D28000555555555555555555555555555555554E
:10D29000555555555555555FFFFFFFFFFFFFFFFFE4
:10D2A000FFFFFFFFFFFFFFFF5555555555555555DE
:10D2B000555555555555555555555555555555551E
:10D2C00055555FFFFFFFFFFFFFFFFFFFFFFFFFFF62
:10D2D000FD55555555555555555555555555555556
:10D2E000555555555555555555555557FFFFFFFF44
:10D2F000FFFFFFFFFFFFFFFFFFFFFFFFFFFFFFFF3E
:10D30000FFFFFFFFFFFFFFFD555000000000000082
:10D31000000000000000000000000000000000000D
:10D3200000000000000015557FFFFFFFFFFFFFFF1B
:10D33000FFFFFFFFFFFFFFFFFFFFFFFFFFFFFFF507
:10D34000555555555555555555555555555555558D
:10D350005555555555555555555555555FFFFFFF75
:10D36000FFFFFFFFFFFFFFFFFFFFFFFFFFFFFFFFCD
:10D37000FFFFFFFFFFFFFFFD55555555555555550F
:10D38000555555555FFFFFFFFFFFFFFFFFFFFFFFF5
:10D39000FFFFFFFFFFFFFFFFFFFFFFFFFFF55555FB
:10D3A000555555555555555555FFFFFFFFFFFFFF87
:10D3B000FFFFFFFFFFF555555555555555557FFF57
:10D3C000FFFFFFFFFFFFFFFFFFFFFFFFFFFFFFFF6D
:10D3D000FD55555555555555555555555555555555
:10D3E000555555555555555555555557FFFFFFFF43
:10D3F000FFFFFFFFFFFFFFFFFFFFFFFF55555555E5
:10D4000055555555555555555555555555555555CC
:10D410005555555555555FFFFFFFFFFFFFFFFFFFB8
:10D42000FFFFFFFFFD55555555555555555555555C
:10D43000555555555555555555555555555555559C
:10D44000FFFFFFFFFFFFFFFFFFFFFFFFFFFFFFFFEC
:10D45000FFFFFFFFFFFFFFFFFFFFFFFD5554000031
:10D4600000000000000000000000000000000000BC
:10D47000000000000000000000001555FFFFFFFF46
:10D48000FFFFFFFFFFFFFFFFFFFFFFFFFFFFFFFFAC
:10D49000FFFFFFF55555555555555555555555559E
:10D4A000555555555555555555555555555555552C
:10D4B00057FFFFFFFFFFFFFFFFFFFFFFFFFFFFFF24
:10D4C000FFFFFFFFFFFFFFFFFFFFFFFD5555555516
:10D4D000555555555555555557FFFFFFFFFFFFFF54
:10D4E000FFFFFFFFFFFFFFFFFFFFFFFFFFFFFFFF4C
:10D4F000FFF555555555555555555555557FFFFF14
:10D50000FFFFFFFFFFFFFFFFFFF555555555555531
:10D5100055557FFFFFFFFFFFFFFFFFFFFFFFFFFFEF
:10D52000FFFFFFFFFD55555555555555555555555B
:10D530005555555555555555555555555555555799
:10D54000FFFFFFFFFFFFFFFFFFFFFFFFFFFFFFFFEB
:10D55000555555555555555555555555555555557B
:10D56000555555555555555555555FFFFFFFFFFF0F
:10D57000FFFFFFFFFFFFFFFFFD5555555555555563
:10D58000555555555555555555555555555555554B
:10D59000555555557FFFFFFFFFFFFFFFFFFFFFFFC3
:10D5A000FFFFFFFFFFFFFFFFFFFFFFFFFFFFFFFF8B
:10D5B00055540000000000000000000000000000C2
:10D5C00000000000000000000000000000005557AF
:10D5D000FFFFFFFFFFFFFFFFFFFFFFFFFFFFFFFF5B
:10D5E000FFFFFFFFFFFFFFF55555555555555555A5
:10D5F00055555555555555555555555555555555DB
:10D600005555555555FFFFFFFFFFFFFFFFFFFFFF7C
:10D61000FFFFFFFFFFFFFFFFFFFFFFFFFFFFFFF524
:10D6200055555555555555555555555557FFFFFFAA
:10D63000FFFFFFFFFFFFFFFFFFFFFFFFFFFFFFFFFA
:10D64000FFFFFFFFFFF55555555555555555555598
:10D65000557FFFFFFFFFFFFFFFFFFFFFFFF5555562
:10D660005555555555557FFFFFFFFFFFFFFFFFFF46
:10D67000FFFFFFFFFFFFFFFFF5555555555555556A
:10D68000555555555555555555555555555555554A
:10D6900055555555FFFFFFFFFFFFFFFFFFFFFFFF42
:10D6A000FFFFFFFF55555555555555555555555582
:10D6B00055555555555555555555555555555FFF66
:10D6C000FFFFFFFFFFFFFFFFFFFFFFFFFD5555556A
:10D6D00055555555555555555555555555555555FA
:10D6E00055555555555555555FFFFFFFFFFFFFFF3A
:10D6F000FFFFFFFFFFFFFFFFFFFFFFFFFFFFFFFF3A
:10D70000FFFFFFFFD55500000000000000000000F3
:10D710000000000000000000000000000000000009
:10D7200000005557FFFFFFFFFFFFFFFFFFFFFFFF59
:10D73000FFFFFFFFFFFFFFFFFFFFFFF555555555AB
:10D740005555555555555555555555555555555589
:10D750005555555555555555557FFFFFFFFFFFFF53
:10D76000FFFFFFFFFFFFFFFFFFFFFFFFFFFFFFFFC9
:10D77000FFFFFFF5555555555555555555555555BB
:10D7800057FFFFFFFFFFFFFFFFFFFFFFFFFFFFFF51
:10D79000FFFFFFFFFFFFFFFFFFF55555555555559F
:10D7A00055555555555FFFFFFFFFFFFFFFFFFFFF7B
:10D7B000FFF555555555555555557FFFFFFFFFFF53
:10D7C000FFFFFFFFFFFFFFFFFFFFFFFFD555555591
:10D7D00055555555555555555555555555555555F9
:10D7E00055555555555555557FFFFFFFFFFFFFFF19
:10D7F000FFFFFFFFFFFFFFFF555555555555555589
:10D8000055555555555555555555555555555555C8
:10D8100055555FFFFFFFFFFFFFFFFFFFFFFFFFFF0C
:10D82000FD55555555555555555555555555555500
:10D830005555555555555555555555555FFFFFFF90
:10D84000FFFFFFFFFFFFFFFFFFFFFFFFFFFFFFFFE8
:10D85000FFFFFFFFFFFFFFFFD555000000000000A6
:10D8600000000000000000000000000000000000B8
:10D87000000000000001555FFFFFFFFFFFFFFFFFFB
:10D88000FFFFFFFFFFFFFFFFFFFFFFFFFFFFFFF5B2
:10D890005555555555555555555555555555555538
:10D8A000555555555555555555555555555FFFFFCA
:10D8B000FFFFFFFFFFFFFFFFFFFFFFFFFFFFFFFF78
:10D8C000FFFFFFFFFFFFFFF55555555555555555C2
:10D8D0005555555555FFFFFFFFFFFFFFFFFFFFFFAA
:10D8E000FFFFFFFFFFFFFFFFFFFFFFFFFFF55555A6
:10D8F00055555555555555555557FFFFFFFFFFFFDA
:10D90000FFFFFFFFFFF555555555555555557FFF01
:10D91000FFFFFFFFFFFFFFFFFFFFFFFFFFFFFFFF17
:10D9200055555555555555555555555555555555A7
:10D930005555555555555555555555555FFFFFFF8F
:10D94000FFFFFFFFFFFFFFFFFFFFFFFF555555558F
:10D950005555555555555555555555555555555577
:10D960005555555555555FFFFFFFFFFFFFFFFFFF63
:10D97000FFFFFFFFFD555555555555555555555507
:10D980005555555555555555555555555555555547
:10D9900057FFFFFFFFFFFFFFFFFFFFFFFFFFFFFF3F
:10D9A000FFFFFFFFFFFFFFFFFFFFFFFFF5554000F9
:10D9B0000000000000000000000000000000000067
:10D9C00000000000000000000005557FFFFFFFFF82
:10D9D000FFFFFFFFFFFFFFFFFFFFFFFFFFFFFFFF57
:10D9E000FFFFFFF555555555555555555555555549
:10D9F00055555555555555555555555555555555D7
:10DA00005557FFFFFFFFFFFFFFFFFFFFFFFFFFFF78
:10DA1000FFFFFFFFFFFFFFFFFFFFFFD555555555E8
:10DA2000555555555555555555FFFFFFFFFFFFFF00
:10DA3000FFFFFFFFFFFFFFFFFFFFFFFFFFFFFFFFF6
:10DA4000FFF5555555555555555555555557FFFFE6
:10DA5000FFFFFFFFFFFFFFFFFFF5555555555555DC
:10DA600055557FFFFFFFFFFFFFFFFFFFFFFFFFFF9A
:10DA7000FFFFFFFF555555555555555555555555AE
:10DA80005555555555555555555555555555555546
:10DA90005FFFFFFFFFFFFFFFFFFFFFFFFFFFFFFF36
:10DAA0005555555555555555555555555555555526
:10DAB000555555555555555555555FFFFFFFFFFFBA
:10DAC000FFFFFFFFFFFFFFFFFD555555555555550E
:10DAD00055555555555555555555555555555555F6
:10DAE0005555555555FFFFFFFFFFFFFFFFFFFFFF98
:10DAF000FFFFFFFFFFFFFFFFFFFFFFFFFFFFFFFF36
:10DB0000FD55500000000000000000000000000073
:10DB10000000000000000000000000000005557F2C
:10DB2000FFFFFFFFFFFFFFFFFFFFFFFFFFFFFFFF05
:10DB3000FFFFFFFFFFFFFFF555555555555555554F
:10DB40005555555555555555555555555555555585
:10DB5000555555555555FFFFFFFFFFFFFFFFFFFFD1
:10DB6000FFFFFFFFFFFFFFFFFFFFFFFFFFFFFFD5EF
:10DB700055555555555555555555555555FFFFFF57
:10DB8000FFFFFFFFFFFFFFFFFFFFFFFFFFFFFFFFA5
:10DB9000FFFFFFFFFFF55555555555555555555543
:10DBA0005555FFFFFFFFFFFFFFFFFFFFFFF5555537
:10DBB0005555555555557FFFFFFFFFFFFFFFFFFFF1
:10DBC000FFFFFFFFFFFFFFFD5555555555555555B7
:10DBD00055555555555555555555555555555555F5
:10DBE0005555555557FFFFFFFFFFFFFFFFFFFFFF95
:10DBF000FFFFFFFF5555555555555555555555552D
:10DC000055555555555555555555555555555FFF10
:10DC1000FFFFFFFFFFFFFFFFFFFFFFFFFD55555514
:10DC200055555555555555555555555555555555A4
:10DC3000555555555555555555FFFFFFFFFFFFFFEE
:10DC4000FFFFFFFFFFFFFFFFFFFFFFFFFFFFFFFFE4
:10DC5000FFFFFFFFFD555000000000000000000026
:10DC600000000000000000000000000000000000B4
:10DC7000001555FFFFFFFFFFFFFFFFFFFFFFFFFF47
:10DC8000FFFFFFFFFFFFFFFFFFFFFFF55555555556
:10DC90005555555555555555555555555555555534
:10DCA000555555555555555555557FFFFFFFFFFFA8
:10DCB000FFFFFFFFFFFFFFFFFFFFFFFFFFFFFFFF74
:10DCC000FFFFFFD555555555555555555555555586
:10DCD000557FFFFFFFFFFFFFFFFFFFFFFFFFFFFF7E
:10DCE000FFFFFFFFFFFFFFFFFFF55555555555554A
:10DCF0005555555555557FFFFFFFFFFFFFFFFFFFB0
:10DD0000FFF555555555555555557FFFFFFFFFFFFD
:10DD1000FFFFFFFFFFFFFFFFFFFFFFF555555555C5
:10DD200055555555555555555555555555555555A3
:10DD3000555555555555555555FFFFFFFFFFFFFFED
:10DD4000FFFFFFFFFFFFFFFF555555555555555533
:10DD50005555555555555555555555555555555573
:10DD600055555FFFFFFFFFFFFFFFFFFFFFFFFFFFB7
:10DD7000FD555555555555555555555555555555AB
:10DD8000555555555555555555555555557FFFFFC5
:10DD9000FFFFFFFFFFFFFFFFFFFFFFFFFFFFFFFF93
:10DDA000FFFFFFFFFFFFFFFFFF55540000000000D3
:10DDB0000000000000000000000000000000000063
:10DDC00000000000001555FFFFFFFFFFFFFFFFFFF2
:10DDD000FFFFFFFFFFFFFFFFFFFFFFFFFFFFFFF55D
:10DDE00055555555555555555555555555555555E3
:10DDF00055555555555555555555555555557FFFFF
:10DE0000FFFFFFFFFFFFFFFFFFFFFFFFFFFFFFFF22
:10DE1000FFFFFFFFFFFFFF5555555555555555550C
:10DE200055555555557FFFFFFFFFFFFFFFFFFFFFD4
:10DE3000FFFFFFFFFFFFFFFFFFFFFFFFFFF5555550
:10DE4000555555555555555555557FFFFFFFFFFF06
:10DE5000FFFFFFFFFFF555555555555555557FFFAC
:10DE6000FFFFFFFFFFFFFFFFFFFFFFFFFFFFFFD5EC
:10DE70005555555555555555555555555555555552
:10DE800055555555555555555555555555FFFFFF44
:10DE9000FFFFFFFFFFFFFFFFFFFFFFFF555555553A
:10DEA0005555555555555555555555555555555522
:10DEB0005555555555555FFFFFFFFFFFFFFFFFFF0E
:10DEC000FFFFFFFFFD5555555555555555555555B2
:10DED00055555555555555555555555555555555F2
:10DEE000557FFFFFFFFFFFFFFFFFFFFFFFFFFFFF6C
:10DEF000FFFFFFFFFFFFFFFFFFFFFFFFFF55540086
:10DF00000000000000000000000000000000000011
:10DF10000000000000000000005557FFFFFFFFFF5A
:10DF2000FFFFFFFFFFFFFFFFFFFFFFFFFFFFFFFF01
:10DF3000FFFFFFF5555555555555555555555555F3
:10DF40005555555555555555555555555555555581
:10DF500055555FFFFFFFFFFFFFFFFFFFFFFFFFFFC5
:10DF6000FFFFFFFFFFFFFFFFFFFFFF555555555513
:10DF70005555555555555555555FFFFFFFFFFFFF4B
:10DF8000FFFFFFFFFFFFFFFFFFFFFFFFFFFFFFFFA1
:10DF9000FFF55555555555555555555555555FFF33
:10DFA000FFFFFFFFFFFFFFFFFFF555555555555587
:10DFB00055557FFFFFFFFFFFFFFFFFFFFFFFFFFF45
:10DFC000FFFFFFD555555555555555555555555583
:10DFD00055555555555555555555555555555555F1
:10DFE000557FFFFFFFFFFFFFFFFFFFFFFFFFFFFF6B
:10DFF00055555555555555555555555555555555D1
:10E00000555555555555555555555FFFFFFFFFFF64
:10E01000FFFFFFFFFFFFFFFFFD55555555555555B8
:10E0200055555555555555555555555555555555A0
:10E0300055555555555FFFFFFFFFFFFFFFFFFFFFE2
:10E04000FFFFFFFFFFFFFFFFFFFFFFFFFFFFFFFFE0
:10E05000FFD5550000000000000000000000000097
:10E06000000000000000000000000000005557FF05
:10E07000FFFFFFFFFFFFFFFFFFFFFFFFFFFFFFFFB0
:10E08000FFFFFFFFFFFFFFF55555555555555555FA
:10E090005555555555555555555555555555555530
:10E0A00055555555555557FFFFFFFFFFFFFFFFFF24
:10E0B000FFFFFFFFFFFFFFFFFFFFFFFFFFFFFD551C
:10E0C000555555555555555555555555555FFFFFA2
:10E0D000FFFFFFFFFFFFFFFFFFFFFFFFFFFFFFFF50
:10E0E000FFFFFFFFFFF555555555555555555555EE
:10E0F000555557FFFFFFFFFFFFFFFFFFFFF555558A
:10E100005555555555557FFFFFFFFFFFFFFFFFFF9B
:10E11000FFFFFFFFFFFFFF55555555555555555509
:10E12000555555555FFFFFFFF555555555555555F7
:10E1300055555555557FFFFFFFFFFFFFFFFFFFFFC1
:10E14000FFFFFFFF555555555555555555555555D7
:10E1500055555555555555555555555555555FFFBB
:10E16000FFFFFFFFFFFFFFFFFFFFFFFFFD555555BF
:10E17000555555555555555555555555555555554F
:10E180005555555555555555555FFFFFFFFFFFFF39
:10E19000FFFFFFFFFFFFFFFFFFFFFFFFFFFFFFFF8F
:10E1A000FFFFFFFFFFD5550000000000000000004A
:10E1B000000000000000000000000000000000005F
:10E1C00001555FFFFFFFFFFFFFFFFFFFFFFFFFFFA7
:10E1D000FFFFFFFFFFFFFFFFFFFFFFF55555555501
:10E1E00055555555555555555555555555555555DF
:10E1F0005555555555555555555555FFFFFFFFFF7D
:10E20000FFFFFFFFFFFFFFFFFFFFFFFFFFFFFFFF1E
:10E21000FFFFFD55555555555555555555555555B2
:10E22000555FFFFFFFFFFFFFFFFFFFFFFFFFFFFF48
:10E23000FFFFFFFFFFFFFFFFFFF5555555555555F4
:10E2400055555555555557FFFFFFFFFFFFFFFFFF82
:10E25000FFF555555555555555557FFFFFFFFFFFA8
:10E26000FFFFFFFFFFFFFFFFFFFFFF555555555510
:10E27000555555555555555FFFFFFFFFFFD5555572
:10E280005555555555555555555FFFFFFFFFFFFF38
:10E29000FFFFFFFFFFFFFFFF5555555555555555DE
:10E2A00057FFFFFFFFFFFFFFFFFFFFFFFFFFFFFF26
:10E2B000FFFFFFFFFFFFFFFFFFFFFFFFFFFFFFFF6E
:10E2C000FD55555555555555555FFFFFFFFFF55504
:10E2D0005555555555555555555555555557FFFF98
:10E2E000FFFFFFFFFFFFFFFFFFFFFFFFFFFFFFFF3E
:10E2F000FFFFFFFFFFFFFFFFFFF55540000000009D
:10E30000000000000000000000000000000000000D
:10E310000000000001555FFFFFFFFFFFFFFFFFFF51
:10E32000FFFFFFFFFFFFFFFFFFFFFFFFFFFFFFF507
:10E3300055555555555555557FFFFFFFFFFF555511
:10E34000555555555555555555555555555555FFD3
:10E35000FFFFFFFFFFFFFFFFFFFFFFFFFFFFFFFFCD
:10E36000FFFFFFFFFFFFFD555555555555555555B9
:10E37000555555555557FFFFFFFFFFFFFFFFFFFFA7
:10E38000FFFFFFFFFFFFFFFFFFFFFFFFFFF55555FB
:10E390005555555555555555555555FFFFFFFFFFDB
:10E3A000FFFFFFFFFFF555555555555555557FFF57
:10E3B000FFFFFFFFFFFFFFFFFFFFFFFFFFFFFD5519
:10E3C0005555555555555555555557FFFFFFFFFFA9
:10E3D000FFFD55555555555555555555555FFFFF3D
:10E3E000FFFFFFFFFFFFFFFFFFFFFFFF55555555E5
:10E3F0005555555557FFFFFFFFFFFFFFFFFFFFFF7D
:10E40000FFFFFFFFFFFFFFFFFFFFFFFFFFFFFFFF1C
:10E41000FFFFFFFFFD55555555555555555FFFFFFE
:10E42000FFFFFFFFFD55555555555555555555554C
:10E430005557FFFFFFFFFFFFFFFFFFFFFFFFFFFF3E
:10E44000FFFFFFFFFFFFFFFFFFFFFFFFFFF555404F
:10E4500000000000000000000000000000000000BC
:10E46000000000000000000005557FFFFFFFFFFFD8
:10E47000FFFFFFFFFFFFFFFFFFFFFFFFFFFFFFFFAC
:10E48000FFFFFFF555555555555555557FFFFFFF76
:10E49000FFFFFFFFF55555555555555555555555E4
:10E4A0005555557FFFFFFFFFFFFFFFFFFFFFFFFFFA
:10E4B000FFFFFFFFFFFFFFFFFFFFF55555555555C8
:10E4C00055555555555555555557FFFFFFFFFFFFFE
:10E4D000FFFFFFFFFFFFFFFFFFFFFFFFFFFFFFFF4C
:10E4E000FFF5555555555555555555555555557F68
:10E4F000FFFFFFFFFFFFFFFFFFF555555555555532
:10E5000055557FFFFFFFFFFFFFFFFFFFFFFFFFFFEF
:10E51000FFFFFD55555555555555555555557FFFDB
:10E52000FFFFFFFFFFFFF5555555555555555555FF
:10E53000557FFFFFFFFFFFFFFFFFFFFFFFFFFFFF15
:10E54000555555555555555557FFFFFFFFFFFFFFD3
:10E55000FFFFFFFFFFFFFFFFFFFFFFFFFFFFFFFFCB
:10E56000FFFFFFFFFFFFFFFFFD5555555555555563
:10E57000555FFFFFFFFFFFFFFFFD555555555555F3
:10E58000555555555557FFFFFFFFFFFFFFFFFFFF95
:10E59000FFFFFFFFFFFFFFFFFFFFFFFFFFFFFFFF8B
:10E5A000FFFD5550000000000000000000000000CA
:10E5B0000000000000000000000000000555BFFF43
:10E5C000FFFFFFFFFFFFFFFFFFFFFFFFFFFFFFFF5B
:10E5D000FFFFFFFFFFFFFFF55555555555555555A5
:10E5E0007FFFFFFFFFFFFFFFFFF5555555555555C1
:10E5F000555555555555557FFFFFFFFFFFFFFFFF51
:10E60000FFFFFFFFFFFFFFFFFFFFFFFFFFFFF555CE
:10E610005555555555555555555555555557FFFF54
:10E62000FFFFFFFFFFFFFFFFFFFFFFFFFFFFFFFFFA
:10E63000FFFFFFFFFFF55555555555555555555598
:10E640005555557FFFFFFFFFFFFFFFFFFFF55555B6
:10E650005555555555557FFFFFFFFFFFFFFFFFFF46
:10E66000FFFFFFFFFFFFF5555555555555555555BE
:10E670005557FFFFFFFFFFFFFFFFFD555555555550
:10E680005555555557FFFFFFFFFFFFFFFFFFFFFFEA
:10E69000FFFFFFFF555555555555555557FFFFFF82
:10E6A000FFFFFFFFFFFFFFFFFFFFFFFFFFFFFFFF7A
:10E6B000FFFFFFFFFFFFFFFFFFFFFFFFFD5555556A
:10E6C00055555555555FFFFFFFFFFFFFFFFFF55500
:10E6D00055555555555555555555FFFFFFFFFFFFEE
:10E6E000FFFFFFFFFFFFFFFFFFFFFFFFFFFFFFFF3A
:10E6F000FFFFFFFFFFFE555000000000000000007C
:10E700000000000000000000000000000000000009
:10E710001555FFFFFFFFFFFFFFFFFFFFFFFFFFFF9D
:10E72000FFFFFFFFFFFFFFFFFFFFFFF555555555AB
:10E73000555555557FFFFFFFFFFFFFFFFFFFD555E5
:10E7400055555555555555555555555FFFFFFFFFC7
:10E75000FFFFFFFFFFFFFFFFFFFFFFFFFFFFFFFFC9
:10E76000FFFFF55555555555555555555555555565
:10E770005555FFFFFFFFFFFFFFFFFFFFFFFFFFFFFD
:10E78000FFFFFFFFFFFFFFFFFFF55555555555559F
:10E79000555555555555555FFFFFFFFFFFFFFFFFCF
:10E7A000FFF555555555555555557FFFFFFFFFFF53
:10E7B000FFFFFFFFFFFFFFFFFFFFD55555555555E5
:10E7C00055555555555FFFFFFFFFFFFFFFFFFFD575
:10E7D00055555555555555555FFFFFFFFFFFFFFF39
:10E7E000FFFFFFFFFFFFFFFF555555555555555589
:10E7F00057FFFFFFFFFFFFFFFFFFFFFFFFFFFFFFD1
:10E80000FFFFFFFFFFFFFFFFFFFFFFFFFFFFFFFF18
:10E81000FD55555555555555555FFFFFFFFFFFFFFA
:10E82000FFFFFF5555555555555555555555FFFF46
:10E83000FFFFFFFFFFFFFFFFFFFFFFFFFFFFFFFFE8
:10E84000FFFFFFFFFFFFFFFFFFFF55540000000029
:10E8500000000000000000000000000000000000B8
:10E86000000000001555FFFFFFFFFFFFFFFFFFFF48
:10E87000FFFFFFFFFFFFFFFFFFFFFFFFFFFFFFF5B2
:10E8800055555555555555557FFFFFFFFFFFFFFF68
:10E89000FFFFFF5555555555555555555555555728
:10E8A000FFFFFFFFFFFFFFFFFFFFFFFFFFFFFFFF78
:10E8B000FFFFFFFFFFFFD55555555555555555558C
:10E8C000555555555555FFFFFFFFFFFFFFFFFFFF54
:10E8D000FFFFFFFFFFFFFFFFFFFFFFFFFFF55555A6
:10E8E000555555555555555555555557FFFFFFFF2E
:10E8F000FFFFFFFFFFF555555555555555557FFF02
:10E90000FFFFFFFFFFFFFFFFFFFFFFFFFFFFD555EB
:10E91000555555555555555555FFFFFFFFFFFFFF01
:10E92000FFFFFFF55555555555555555FFFFFFFF51
:10E93000FFFFFFFFFFFFFFFFFFFFFFFF555555558F
:10E940005555555557FFFFFFFFFFFFFFFFFFFFFF27
:10E95000FFFFFFFFFFFFFFFFFFFFFFFFFFFFFFFFC7
:10E96000FFFFFFFFFD55555555555555555FFFFFA9
:10E97000FFFFFFFFFFFFFFF5555555555555555501
:10E980005555FFFFFFFFFFFFFFFFFFFFFFFFFFFFEB
:10E99000FFFFFFFFFFFFFFFFFFFFFFFFFFFF5554DC
:10E9A0000000000000000000000000000000000067
:10E9B00000000000000000009557FFFFFFFFFFFF71
:10E9C000FFFFFFFFFFFFFFFFFFFFFFFFFFFFFFFF57
:10E9D000FFFFFFF555555555555555557FFFFFFF21
:10E9E000FFFFFFFFFFFFFFF5555555555555555591
:10E9F00055555557FFFFFFFFFFFFFFFFFFFFFFFFCD
:10EA0000FFFFFFFFFFFFFFFFFFFFD5555555555592
:10EA1000555555555555555555557FFFFFFFFFFF2A
:10EA2000FFFFFFFFFFFFFFFFFFFFFFFFFFFFFFFFF6
:10EA3000FFF555555555555555555555555555573A
:10EA4000FFFFFFFFFFFFFFFFFFF5555555555555DC
:10EA500055557FFFFFFFFFFFFFFFFFFFFFFFFFFF9A
:10EA6000FFFF5555555555555555555557FFFFFF02
:10EA7000FFFFFFFFFFFFFFFF5555555555555557F4
:10EA8000FFFFFFFFFFFFFFFFFFFFFFFFFFFFFFFF96
:10EA9000555555555555555557FFFFFFFFFFFFFF7E
:10EAA000FFFFFFFFFFFFFFFFFFFFFFFFFFFFFFFF76
:10EAB000FFFFFFFFFFFFFFFFFD555555555555550E
:10EAC000555FFFFFFFFFFFFFFFFFFFFD555555554A
:10EAD0005555555555557FFFFFFFFFFFFFFFFFFFC2
:10EAE000FFFFFFFFFFFFFFFFFFFFFFFFFFFFFFFF36
:10EAF000FFFFD556000000000000000000000000ED
:10EB00000000000000000000000000005557FFFF5B
:10EB1000FFFFFFFFFFFFFFFFFFFFFFFFFFFFFFFF05
:10EB2000FFFFFFFFFFFFFFF555555555555555554F
:10EB30007FFFFFFFFFFFFFFFFFFFFFFF555555550D
:10EB40005555555555555555FFFFFFFFFFFFFFFF25
:10EB5000FFFFFFFFFFFFFFFFFFFFFFFFFFFFD55599
:10EB600055555555555555555555555555557FFF81
:10EB7000FFFFFFFFFFFFFFFFFFFFFFFFFFFFFFFFA5
:10EB8000FFFFFFFFFFF55555555555555555555543
:10EB900055555555FFFFFFFFFFFFFFFFFFF555558B
:10EBA0005555555555557FFFFFFFFFFFFFFFFFFFF1
:10EBB000FFFFFFFFFFFF5555555555555555555509
:10EBC0005FFFFFFFFFFFFFFFFFFFFFFFD55555551D
:10EBD0005555555FFFFFFFFFFFFFFFFFFFFFFFFFE3
:10EBE000FFFFFFFF555555555555555557FFFFFF2D
:10EBF000FFFFFFFFFFFFFFFFFFFFFFFFFFFFFFFF25
:10EC0000FFFFFFFFFFFFFFFFFFFFFFFFFD55555514
:10EC100055555555555FFFFFFFFFFFFFFFFFFFFFF6
:10EC2000D55555555555555555557FFFFFFFFFFF98
:10EC3000FFFFFFFFFFFFFFFFFFFFFFFFFFFFFFFFE4
:10EC4000FFFFFFFFFFFFD5550000000000000000A0
:10EC500000000000000000000000000000000000B4
:10EC6000555FFFFFFFFFFFFFFFFFFFFFFFFFFFFFFE
:10EC7000FFFFFFFFFFFFFFFFFFFFFFF55555555556
:10EC8000555555557FFFFFFFFFFFFFFFFFFFFFFFBC
:10EC9000D55555555555555555555555FFFFFFFFFC
:10ECA000FFFFFFFFFFFFFFFFFFFFFFFFFFFFFFFF74
:10ECB000FFFF5555555555555555555555555555B0
:10ECC00055557FFFFFFFFFFFFFFFFFFFFFFFFFFF28
:10ECD000FFFFFFFFFFFFFFFFFFF55555555555554A
:10ECE00055555555555555557FFFFFFFFFFFFFFF04
:10ECF000FFF555555555555555557FFFFFFFFFFFFE
:10ED0000FFFFFFFFFFFFFFFFFFFF5555555555550F
:10ED1000555555557FFFFFFFFFFFFFFFFFFFFFFF2B
:10ED2000F5555555555555FFFFFFFFFFFFFFFFFFF9
:10ED3000FFFFFFFFFFFFFFFF555555555555555533
:10ED400057FFFFFFFFFFFFFFFFFFFFFFFFFFFFFF7B
:10ED5000FFFFFFFFFFFFFFFFFFFFFFFFFFFFFFFFC3
:10ED6000FD55555555555555555FFFFFFFFFFFFFA5
:10ED7000FFFFFFFFF55555555555555555557FFF27
:10ED8000FFFFFFFFFFFFFFFFFFFFFFFFFFFFFFFF93
:10ED9000FFFFFFFFFFFFFFFFFFFFF5550000000033
:10EDA0000000000000000000000000000000000063
:10EDB00000000001555FFFFFFFFFFFFFFFFFFFFFA8
:10EDC000FFFFFFFFFFFFFFFFFFFFFFFFFFFFFFF55D
:10EDD00055555555555555557FFFFFFFFFFFFFFF13
:10EDE000FFFFFFFFFD555555555555555555555583
:10EDF0007FFFFFFFFFFFFFFFFFFFFFFFFFFFFFFFA3
:10EE0000FFFFFFFFFFFF55555555555555555555B6
:10EE10005555555555555FFFFFFFFFFFFFFFFFFF9E
:10EE2000FFFFFFFFFFFFFFFFFFFFFFFFFFF5555550
:10EE30005555555555555555555555557FFFFFFF5A
:10EE4000FFFFFFFFFFF555555555555555557FFFAC
:10EE5000FFFFFFFFFFFFFFFFFFFFFFFFFFFD555518
:10EE60005555555555555555FFFFFFFFFFFFFFFF02
:10EE7000FFFFFFFFFD555555555557FFFFFFFFFF9E
:10EE8000FFFFFFFFFFFFFFFFFFFFFFFF555555553A
:10EE90005555555557FFFFFFFFFFFFFFFFFFFFFFD2
:10EEA000FFFFFFFFFFFFFFFFFFFFFFFFFFFFFFFF72
:10EEB000FFFFFFFFFD55555555555555555FFFFF54
:10EEC000FFFFFFFFFFFFFFFFFD55555555555555FA
:10EED00055557FFFFFFFFFFFFFFFFFFFFFFFFFFF16
:10EEE000FFFFFFFFFFFFFFFFFFFFFFFFFFFFF555E6
:10EEF00040000000000000000000000000000000D2
:10EF00000000000000000001557FFFFFFFFFFFFF32
:10EF1000FFFFFFFFFFFFFFFFFFFFFFFFFFFFFFFF01
:10EF2000FFFFFFF555555555555555557FFFFFFFCB
:10EF3000FFFFFFFFFFFFFFFFFF5555555555555587
:10EF4000555555557FFFFFFFFFFFFFFFFFFFFFFFF9
:10EF5000FFFFFFFFFFFFFFFFFFFD555555555555BF
:10EF6000555555555555555555555FFFFFFFFFFFF5
:10EF7000FFFFFFFFFFFFFFFFFFFFFFFFFFFFFFFFA1
:10EF8000FFF55555555555555555555555555555E7
:10EF90005FFFFFFFFFFFFFFFFFF555555555555527
:10EFA00055557FFFFFFFFFFFFFFFFFFFFFFFFFFF45
:10EFB000FFFD55555555555555555557FFFFFFFF05
:10EFC000FFFFFFFFFFFFFFFFFF55555555557FFF23
:10EFD000FFFFFFFFFFFFFFFFFFFFFFFFFFFFFFFF41
:10EFE000555555555555555557FFFFFFFFFFFFFF29
:10EFF000FFFFFFFFFFFFFFFFFFFFFFFFFFFFFFFF21
:10F00000FFFFFFFFFFFFFFFFFD55555555555555B8
:10F01000555FFFFFFFFFFFFFFFFFFFFFFD5555554A
:10F020005555555555555FFFFFFFFFFFFFFFFFFF8C
:10F03000FFFFFFFFFFFFFFFFFFFFFFFFFFFFFFFFE0
:10F04000FFFFFD5540000000000000000000000030
:10F05000000000000000000000000001557FFFFFDD
:10F06000FFFFFFFFFFFFFFFFFFFFFFFFFFFFFFFFB0
:10F07000FFFFFFFFFFFFFFF55555555555555555FA
:10F080007FFFFFFFFFFFFFFFFFFFFFFFFFF555556E
:10F0900055555555555555557FFFFFFFFFFFFFFF50
:10F0A000FFFFFFFFFFFFFFFFFFFFFFFFFFFD5555C6
:10F0B00055555555555555555555555555555FFF4C
:10F0C000FFFFFFFFFFFFFFFFFFFFFFFFFFFFFFFF50
:10F0D000FFFFFFFFFFF555555555555555555555EE
:10F0E0005555555557FFFFFFFFFFFFFFFFF55555DE
:10F0F0005555555555557FFFFFFFFFFFFFFFFFFF9C
:10F10000FFFFFFFFFFF55555555555555555555FB3
:10F11000FFFFFFFFFFFFFFFFFFFFFFFFFFD555557D
:10F120005555FFFFFFFFFFFFFFFFFFFFFFFFFFFF43
:10F13000FFFFFFFF555555555555555557FFFFFFD7
:10F14000FFFFFFFFFFFFFFFFFFFFFFFFFFFFFFFFCF
:10F15000FFFFFFFFFFFFFFFFFFFFFFFFFD555555BF
:10F1600055555555555FFFFFFFFFFFFFFFFFFFFFA1
:10F17000FF5555555555555555555FFFFFFFFFFF39
:10F18000FFFFFFFFFFFFFFFFFFFFFFFFFFFFFFFF8F
:10F19000FFFFFFFFFFFFFD554000000000000000E3
:10F1A000000000000000000000000000000000055A
:10F1B000557FFFFFFFFFFFFFFFFFFFFFFFFFFFFF89
:10F1C000FFFFFFFFFFFFFFFFFFFFFFF55555555501
:10F1D000555555557FFFFFFFFFFFFFFFFFFFFFFF67
:10F1E000FFFD555555555555555555555FFFFFFF75
:10F1F000FFFFFFFFFFFFFFFFFFFFFFFFFFFFFFFF1F
:10F20000FFFD55555555555555555555555555555C
:10F21000555557FFFFFFFFFFFFFFFFFFFFFFFFFFFA
:10F22000FFFFFFFFFFFFFFFFFFF5555555555555F4
:10F23000555555555555555557FFFFFFFFFFFFFFD6
:10F24000FFF555555555555555557FFFFFFFFFFFA8
:10F25000FFFFFFFFFFFFFFFFFFF5555555555555C4
:10F260005555555FFFFFFFFFFFFFFFFFFFFFFFFF4C
:10F27000FFF555555557FFFFFFFFFFFFFFFFFFFF4E
:10F28000FFFFFFFFFFFFFFFF5555555555555555DE
:10F2900057FFFFFFFFFFFFFFFFFFFFFFFFFFFFFF26
:10F2A000FFFFFFFFFFFFFFFFFFFFFFFFFFFFFFFF6E
:10F2B000FD55555555555555555FFFFFFFFFFFFF50
:10F2C000FFFFFFFFFFD555555555555555555FFF68
:10F2D000FFFFFFFFFFFFFFFFFFFFFFFFFFFFFFFF3E
:10F2E000FFFFFFFFFFFFFFFFFFFFFD555000000086
:10F2F000000000000000000000000000000000000E
:10F300000000000555FFFFFFFFFFFFFFFFFFFFFFAE
:10F31000FFFFFFFFFFFFFFFFFFFFFFFFFFFFFFF507
:10F3200055555555555555557FFFFFFFFFFFFFFFBD
:10F33000FFFFFFFFFFFF5555555555555555555581
:10F340005FFFFFFFFFFFFFFFFFFFFFFFFFFFFFFF6D
:10F35000FFFFFFFFFFF5555555555555555555556B
:10F3600055555555555557FFFFFFFFFFFFFFFFFF51
:10F37000FFFFFFFFFFFFFFFFFFFFFFFFFFF55555FB
:10F3800055555555555555555555555555FFFFFF2F
:10F39000FFFFFFFFFFF555555555555555557FFF57
:10F3A000FFFFFFFFFFFFFFFFFFFFFFFFFFF55555CB
:10F3B000555555555555557FFFFFFFFFFFFFFFFF83
:10F3C000FFFFFFFFFFFD5555557FFFFFFFFFFFFFCD
:10F3D000FFFFFFFFFFFFFFFFFFFFFFFF55555555E5
:10F3E0005555555557FFFFFFFFFFFFFFFFFFFFFF7D
:10F3F000FFFFFFFFFFFFFFFFFFFFFFFFFFFFFFFF1D
:10F40000FFFFFFFFFD55555555555555555FFFFFFE
:10F41000FFFFFFFFFFFFFFFFFFD555555555555522
:10F4200055555FFFFFFFFFFFFFFFFFFFFFFFFFFFE0
:10F43000FFFFFFFFFFFFFFFFFFFFFFFFFFFFFF5586
:10F44000500000000000000000000000000000006C
:10F45000000000000000000555FFFFFFFFFFFFFF59
:10F46000FFFFFFFFFFFFFFFFFFFFFFFFFFFFFFFFAC
:10F47000FFFFFFF555555555555555557FFFFFFF76
:10F48000FFFFFFFFFFFFFFFFFFFFD5555555555508
:10F490005555555557FFFFFFFFFFFFFFFFFFFFFFCC
:10F4A000FFFFFFFFFFFFFFFFFFF555555555555572
:10F4B0005555555555555555555557FFFFFFFFFFA8
:10F4C000FFFFFFFFFFFFFFFFFFFFFFFFFFFFFFFF4C
:10F4D000FFF5555555555555555555555555555592
:10F4E000557FFFFFFFFFFFFFFFF55555555555555C
:10F4F00055557FFFFFFFFFFFFFFFFFFFFFFFFFFFF0
:10F50000FFD5555555555555555555FFFFFFFFFF2F
:10F51000FFFFFFFFFFFFFFFFFFFD555555FFFFFFFB
:10F52000FFFFFFFFFFFFFFFFFFFFFFFFFFFFFFFFEB
:10F53000555555555555555557FFFFFFFFFFFFFFD3
:10F54000FFFFFFFFFFFFFFFFFFFFFFFFFFFFFFFFCB
:10F55000FFFFFFFFFFFFFFFFFD5555555555555563
:10F56000555FFFFFFFFFFFFFFFFFFFFFFFF5555553
:10F570005555555555555FFFFFFFFFFFFFFFFFFF37
:10F58000FFFFFFFFFFFFFFFFFFFFFFFFFFFFFFFF8B
:10F59000FFFFFF55500000000000000000000000C9
:10F5A00000000000000000000000001555FFFFFFF4
:10F5B000FFFFFFFFFFFFFFFFFFFFFFFFFFFFFFFF5B
:10F5C000FFFFFFFFFFFFFFF55555555555555555A5
:10F5D0007FFFFFFFFFFFFFFFFFFFFFFFFFFFF5556F
:10F5E000555555555555555557FFFFFFFFFFFFFF23
:10F5F000FFFFFFFFFFFFFFFFFFFFFFFFFFF5555579
:10F60000555555555555F55555555555555555FF60
:10F61000FFFFFFFFFFFFFFFFFFFFFFFFFFFFFFFFFA
:10F62000FFFFFFFFFFF55555555555555555555598
:10F6300055555555557FFFFFFFFFFFFFFFF555550A
:10F640005555555555557FFFFFFFFFFFFFFFFFFF46
:10F65000FFFFFFFFFFD5555555555555555555FFDE
:10F66000FFFFFFFFFFFFFFFFFFFFFFFFFFFF5555FE
:10F670005FFFFFFFFFFFFFFFFFFFFFFFFFFFFFFF3A
:10F68000FFFFFFFF555555555555555557FFFFFF82
:10F69000FFFFFFFFFFFFFFFFFFFFFFFFFFFFFFFF7A
:10F6A000FFFFFFFFFFFFFFFFFFFFFFFFFD5555556A
:10F6B00055555555555FFFFFFFFFFFFFFFFFFFFF4C
:10F6C000FFF555555555555555555FFFFFFFFFFF44
:10F6D000FFFFFFFFFFFFFFFFFFFFFFFFFFFFFFFF3A
:10F6E000FFFFFFFFFFFFFF55540000000000000078
:10F6F00000000000000000000000000000000015F5
:10F7000057FFFFFFFFFFFFFFFFFFFFFFFFFFFFFFB1
:10F71000FFFFFFFFFFFFFFFFFFFFFFF555555555AB
:10F72000555555557FFFFFFFFFFFFFFFFFFFFFFF11
:10F73000FFFFFD55555555555555555557FFFFFF7D
:10F74000FFFFFFFFFFFFFFFFFFFFFFFFFFFFFFFFC9
:10F75000FFD55555555555555555F555555555558F
:10F76000555555FFFFFFFFFFFFFFFFFFFFFFFFFFA7
:10F77000FFFFFFFFFFFFFFFFFFF55555555555559F
:10F780005555555555555555555FFFFFFFFFFFFF23
:10F79000FFF555555555555555557FFFFFFFFFFF53
:10F7A000FFFFFFFFFFFFFFFFFFD55555555555558F
:10F7B000555557FFFFFFFFFFFFFFFFFFFFFFFFFF55
:10F7C000FFFFD5557FFFFFFFFFFFFFFFFFFFFFFF9D
:10F7D000FFFFFFFFFFFFFFFF555555555555555589
:10F7E00057FFFFFFFFFFFFFFFFFFFFFFFFFFFFFFD1
:10F7F000FFFFFFFFFFFFFFFFFFFFFFFFFFFFFFFF19
:10F80000FD55555555555555555FFFFFFFFFFFFFFA
:10F81000FFFFFFFFFFF555555555555555555FFFF2
:10F82000FFFFFFFFFFFFFFFFFFFFFFFFFFFFFFFFE8
:10F83000FFFFFFFFFFFFFFFFFFFFFFD554000000AA
:10F8400000000000000000000000000000000000B8
:10F850000000001557FFFFFFFFFFFFFFFFFFFFFF47
:10F86000FFFFFFFFFFFFFFFFFFFFFFFFFFFFFFF5B2
:10F8700055555555555555557FFFFFFFFFFFFFFF68
:10F88000FFFFFFFFFFFFFD55555555555555555584
:10F8900055FFFFFFFFFFFFFFFFFFFFFFFFFFFFFF22
:10F8A000FFFFFFFFFFD55555555555555557F55594
:10F8B000555555555555557FFFFFFFFFFFFFFFFF7E
:10F8C000FFFFFFFFFFFFFFFFFFFFFFFFFFF55555A6
:10F8D0005555555555555555555555555557FFFF82
:10F8E000FFFFFFFFFFF555555555555555557FFF02
:10F8F000FFFFFFFFFFFFFFFFFFFFFFFFFF55555516
:10F900005555555555555FFFFFFFFFFFFFFFFFFFA3
:10F91000FFFFFFFFFFFFD555FFFFFFFFFFFFFFFFCB
:10F92000FFFFFFFFFFFFFFFFFFFFFFFF555555558F
:10F930005555555557FFFFFFFFFFFFFFFFFFFFFF27
:10F94000FFFFFFFFFFFFFFFFFFFFFFFFFFFFFFFFC7
:10F95000FFFFFFFFFD55555555555555555FFFFFA9
:10F96000FFFFFFFFFFFFFFFFFFF5555555555555AD
:10F9700055555FFFFFFFFFFFFFFFFFFFFFFFFFFF8B
:10F98000FFFFFFFFFFFFFFFFFFFFFFFFFFFFFFD5B1
:10F990005400000000000000000000000000000013
:10F9A000000000000000005557FFFFFFFFFFFFFFB2
:10F9B000FFFFFFFFFFFFFFFFFFFFFFFFFFFFFFFF57
:10F9C000FFFFFFF555555555555555557FFFFFFF21
:10F9D000FFFFFFFFFFFFFFFFFFFFFF555555555589
:10F9E0005555555555FFFFFFFFFFFFFFFFFFFFFF79
:10F9F000FFFFFFFFFFFFFFFFFFD55555555555553D
:10FA00005557FD55555555555555557FFFFFFFFF2A
:10FA1000FFFFFFFFFFFFFFFFFFFFFFFFFFFFFFFFF6
:10FA2000FFF555555555555555555555555555553C
:10FA30005557FFFFFFFFFFFFFFF55555555555552E
:10FA400055557FFFFFFFFFFFFFFFFFFFFFFFFFFF9A
:10FA5000FF5555555555555555555FFFFFFFFFFF50
:10FA6000FFFFFFFFFFFFFFFFFFFFF55FFFFFFFFF50
:10FA7000FFFFFFFFFFFFFFFFFFFFFFFFFFFFFFFF96
:10FA8000555555555555555557FFFFFFFFFFFFFF7E
:10FA9000FFFFFFFFFFFFFFFFFFFFFFFFFFFFFFFF76
:10FAA000FFFFFFFFFFFFFFFFFD555555555555550E
:10FAB000555FFFFFFFFFFFFFFFFFFFFFFFF55555FE
:10FAC0005555555555555FFFFFFFFFFFFFFFFFFFE2
:10FAD000FFFFFFFFFFFFFFFFFFFFFFFFFFFFFFFF36
:10FAE000FFFFFFD5550000000000000000000000EF
:10FAF0000000000000000000000000555FFFFFFF55
:10FB0000FFFFFFFFFFFFFFFFFFFFFFFFFFFFFFFF05
:10FB1000FFFFFFFFFFFFFFF555555555555555554F
:10FB20007FFFFFFFFFFFFFFFFFFFFFFFFFFFFFD58F
:10FB3000555555555555555555FFFFFFFFFFFFFFCF
:10FB4000FFFFFFFFFFFFFFFFFFFFFFFFFF555555C3
:10FB5000555555555557FD55555555555555557F81
:10FB6000FFFFFFFFFFFFFFFFFFFFFFFFFFFFFFFFA5
:10FB7000FFFFFFFFFFF55555555555555555555543
:10FB8000555555555555FFFFFFFFFFFFFFF55555DF
:10FB90005555555555557FFFFFFFFFFFFFFFFFFFF1
:10FBA000FFFFFFFFFF5555555555555555557FFFDF
:10FBB000FFFFFFFFFFFFFFFFFFFFFFFFFFFFFD7FD7
:10FBC000FFFFFFFFFFFFFFFFFFFFFFFFFFFFFFFF45
:10FBD000FFFFFFFF555555555555555557FFFFFF2D
:10FBE000FFFFFFFFFFFFFFFFFFFFFFFFFFFFFFFF25
:10FBF000FFFFFFFFFFFFFFFFFFFFFFFFFD55555515
:10FC000055555555555FFFFFFFFFFFFFFFFFFFFFF6
:10FC1000FFFD55555555555555555FFFFFFFFFFFE6
:10FC2000FFFFFFFFFFFFFFFFFFFFFFFFFFFFFFFFE4
:10FC3000FFFFFFFFFFFFFFF5550000000000000081
:10FC4000000000000000000000000000000000555F
:10FC50005FFFFFFFFFFFFFFFFFFFFFFFFFFFFFFF54
:10FC6000FFFFFFFFFFFFFFFFFFFFFFF55555555556
:10FC7000555555557FFFFFFFFFFFFFFFFFFFFFFFBC
:10FC8000FFFFFFF55555555555555555557FFFFF08
:10FC9000FFFFFFFFFFFFFFFFFFFFFFFFFFFFFFFF74
:10FCA000FF55555555555555555FFD5555555555A8
:10FCB0005555555FFFFFFFFFFFFFFFFFFFFFFFFFF2
:10FCC000FFFFFFFFFFFFFFFFFFF55555555555554A
:10FCD000555555555555555555557FFFFFFFFFFF58
:10FCE000FFF555555555555555557FFFFFFFFFFFFE
:10FCF000FFFFFFFFFFFFFFFFFD55555555555555BC
:10FD000055557FFFFFFFFFFFFFFFFFFFFFFFFFFFD7
:10FD1000FFFFFDFFFFFFFFFFFFFFFFFFFFFFFFFFF5
:10FD2000FFFFFFFFFFFFFFFF555555555555555533
:10FD300057FFFFFFFFFFFFFFFFFFFFFFFFFFFFFF7B
:10FD4000FFFFFFFFFFFFFFFFFFFFFFFFFFFFFFFFC3
:10FD5000FD55555555555555555FFFFFFFFFFFFFA5
:10FD6000FFFFFFFFFFFD55555555555555555FFF95
:10FD7000FFFFFFFFFFFFFFFFFFFFFFFFFFFFFFFF93
:10FD8000FFFFFFFFFFFFFFFFFFFFFFF55500000034
:10FD90000000000000000000000000000000000063
:10FDA000000001555FFFFFFFFFFFFFFFFFFFFFFFA9
:10FDB000FFFFFFFFFFFFFFFFFFFFFFFFFFFFFFF55D
:10FDC00055555555555555557FFFFFFFFFFFFFFF13
:10FDD000FFFFFFFFFFFFFFF555555555555555558D
:10FDE000557FFFFFFFFFFFFFFFFFFFFFFFFFFFFF4D
:10FDF000FFFFFFFFFD55555555555555555FFF55AF
:10FE0000555555555555555FFFFFFFFFFFFFFFFF48
:10FE1000FFFFFFFFFFFFFFFFFFFFFFFFFFF5555550
:10FE200055555555555555555555555555557FFFAE
:10FE3000FFFFFFFFFFF555555555555555557FFFAC
:10FE4000FFFFFFFFFFFFFFFFFFFFFFFFFD555555C2
:10FE5000555555555555FFFFFFFFFFFFFFFFFFFFAE
:10FE6000FFFFFFFFFFFFFFFFFFFFFFFFFFFFFFFFA2
:10FE7000FFFFFFFFFFFFFFFFFFFFFFFF555555553A
:10FE80005555555557FFFFFFFFFFFFFFFFFFFFFFD2
:10FE9000FFFFFFFFFFFFFFFFFFFFFFFFFFFFFFFF72
:10FEA000FFFFFFFFFD55555555555555555FFFFF54
:10FEB000FFFFFFFFFFFFFFFFFFFD55555555555550
:10FEC00055555FFFFFFFFFFFFFFFFFFFFFFFFFFF36
:10FED000FFFFFFFFFFFFFFFFFFFFFFFFFFFFFFF53C
:10FEE000554000000000000000000000000000007D
:10FEF00000000000000001557FFFFFFFFFFFFFFF34
:10FF0000FFFFFFFFFFFFFFFFFFFFFFFFFFFFFFFF01
:10FF1000FFFFFFF555555555555555557FFFFFFFCB
:10FF2000FFFFFFFFFFFFFFFFFFFFFFFD555555558B
:10FF300055555555557FFFFFFFFFFFFFFFFFFFFFA3
:10FF4000FFFFFFFFFFFFFFFFFD5555555555555569
:10FF5000557FFF55555555555555555FFFFFFFFFCB
:10FF6000FFFFFFFFFFFFFFFFFFFFFFFFFFFFFFFFA1
:10FF7000FFF55555555555555555555555555555E7
:10FF800055555FFFFFFFFFFFFFF55555555555557B
:10FF900055557FFFFFFFFFFFFFFFFFFFFFFFFFFF45
:10FFA000FD555555555555555555FFFFFFFFFFFF5D
:10FFB000FFFFFFFFFFFFFFFFFFFFFFFFFFFFFFFF51
:10FFC000FFFFFFFFFFFFFFFFFFFFFFFFFFFFFFFF41
:10FFD000555555555555555557FFFFFFFFFFFFFF29
:10FFE000FFFFFFFFFFFFFFFFFFFFFFFFFFFFFFFF21
:10FFF000FFFFFFFFFFFFFFFFFD55555555555555B9
:020000040801F1
:10000000555FFFFFFFFFFFFFFFFFFFFFFFFD5555A0
:100010005555555555555FFFFFFFFFFFFFFFFFFF8C
:10002000FFFFFFFFFFFFFFFFFFFFFFFFFFFFFFFFE0
:10003000FFFFFFFD55400000000000000000000031
:100040000000000000000000000001557FFFFFFFDE
:10005000FFFFFFFFFFFFFFFFFFFFFFFFFFFFFFFFB0
:10006000FFFFFFFFFFFFFFF55555555555555555FA
:100070007FFFFFFFFFFFFFFFFFFFFFFFFFFFFFFD12
:100080005555555555555555555FFFFFFFFFFFFF1A
:10009000FFFFFFFFFFFFFFFFFFFFFFFFFD55555570
:1000A00055555555557FFF5555555555555555572A
:1000B000FFFFFFFFFFFFFFFFFFFFFFFFFFFFFFFF50
:1000C000FFFFFFFFFFF555555555555555555555EE
:1000D00055555555555557FFFFFFFFFFFFF5555532
:1000E0005555555555557FFFFFFFFFFFFFFFFFFF9C
:1000F000FFFFFFFFFD555555555555555555FFFF0C
:10010000FFFFFFFFFFFFFFFFFFFFFFFFFFFFFFFFFF
:10011000FFFFFFFFFFFFFFFFFFFFFFFFFFFFFFFFEF
:10012000FFFFFFFF555555555555555557FFFFFFD7
:10013000FFFFFFFFFFFFFFFFFFFFFFFFFFFFFFFFCF
:10014000FFFFFFFFFFFFFFFFFFFFFFFFFD555555BF
:1001500055555555555FFFFFFFFFFFFFFFFFFFFFA1
:10016000FFF555555555555555555FFFFFFFFFFF99
:10017000FFFFFFFFFFFFFFFFFFFFFFFFFFFFFFFF8F
:10018000FFFFFFFFFFFFFFFD5540000000000000E4
:100190000000000000000000000000000000015509
:1001A0007FFFFFFFFFFFFFFFFFFFFFFFFFFFFFFFDF
:1001B000FFFFFFFFFFFFFFFFFFFFFFF55555555501
:1001C000555555557FFFFFFFFFFFFFFFFFFFFFFF67
:1001D000FFFFFFFF5555555555555555555FFFFFC9
:1001E000FFFFFFFFFFFFFFFFFFFFFFFFFFFFFFFF1F
:1001F000F555555555555555557FFFD555555555BB
:1002000055555557FFFFFFFFFFFFFFFFFFFFFFFFA4
:10021000FFFFFFFFFFFFFFFFFFF5555555555555F4
:100220005555555555555555555557FFFFFFFFFF2A
:10023000FFF555555555555555557FFFFFFFFFFFA8
:10024000FFFFFFFFFFFFFFFFF5555555555555556E
:100250005557FFFFFFFFFFFFFFFFFFFFFFFFFFFF00
:10026000FFFFFFFFFFFFFFFFFFFFFFFFFFFFFFFF9E
:10027000FFFFFFFFFFFFFFFF5555555555555555DE
:1002800057FFFFFFFFFFFFFFFFFFFFFFFFFFFFFF26
:10029000FFFFFFFFFFFFFFFFFFFFFFFFFFFFFFFF6E
:1002A000FD55555555555555555FFFFFFFFFFFFF50
:1002B000FFFFFFFFFFF555555555555555555FFF48
:1002C000FFFFFFFFFFFFFFFFFFFFFFFFFFFFFFFF3E
:1002D000FFFFFFFFFFFFFFFFFFFFFFFD5540000097
:1002E000000000000000000000000000000000000E
:1002F000000001557FFFFFFFFFFFFFFFFFFFFFFF34
:10030000FFFFFFFFFFFFFFFFFFFFFFFFFFFFFFF507
:1003100055555555555555557FFFFFFFFFFFFFFFBD
:10032000FFFFFFFFFFFFFFFF55555555555555552D
:10033000555FFFFFFFFFFFFFFFFFFFFFFFFFFFFF17
:10034000FFFFFFFFF55555555555555555FFFFD541
:100350005555555555555555FFFFFFFFFFFFFFFFFD
:10036000FFFFFFFFFFFFFFFFFFFFFFFFFFF55555FB
:10037000555555555555555555555555555555FF83
:10038000FFFFFFFFFFF555555555555555557FFF57
:10039000FFFFFFFFFFFFFFFFFFFFFFFFF555555575
:1003A000555555555557FFFFFFFFFFFFFFFFFFFF57
:1003B000FFFFFFFFFFFFFFFFFFFFFFFFFFFFFFFF4D
:1003C000FFFFFFFFFFFFFFFFFFFFFFFF55555555E5
:1003D0005555555557FFFFFFFFFFFFFFFFFFFFFF7D
:1003E000FFFFFFFFFFFFFFFFFFFFFFFFFFFFFFFF1D
:1003F000FFFFFFFFFD55555555555555555FFFFFFF
:10040000FFFFFFFFFFFFFFFFFFF555555555555502
:1004100055555FFFFFFFFFFFFFFFFFFFFFFFFFFFE0
:10042000FFFFFFFFFFFFFFFFFFFFFFFFFFFFFFFDDE
:100430005540000000000000000000000000000027
:100440000000000000000555FFFFFFFFFFFFFFFF5A
:10045000FFFFFFFFFFFFFFFFFFFFFFFFFFFFFFFFAC
:10046000FFFFFFF555555555555555557FFFFFFF76
:10047000FFFFFFFFFFFFFFFFFFFFFFFFD5555555B4
:1004800055555555555FFFFFFFFFFFFFFFFFFFFF6E
:10049000FFFFFFFFFFFFFFFFF5555555555555551C
:1004A00055FFFFD55555555555555555FFFFFFFF80
:1004B000FFFFFFFFFFFFFFFFFFFFFFFFFFFFFFFF4C
:1004C000FFF5555555555555555555555555555592
:1004D0005555557FFFFFFFFFFFF5555555555555B0
:1004E00055557FFFFFFFFFFFFFFFFFFFFFFFFFFFF0
:1004F000F5555555555555555557FFFFFFFFFFFF0E
:10050000FFFFFFFFFFFFFFFFFFFFFFFFFFFFFFFFFB
:10051000FFFFFFFFFFFFFFFFFFFFFFFFFFFFFFFFEB
:10052000555555555555555557FFFFFFFFFFFFFFD3
:10053000FFFFFFFFFFFFFFFFFFFFFFFFFFFFFFFFCB
:10054000FFFFFFFFFFFFFFFFFD5555555555555563
:10055000555FFFFFFFFFFFFFFFFFFFFFFFF5555553
:100560005555555555555FFFFFFFFFFFFFFFFFFF37
:10057000FFFFFFFFFFFFFFFFFFFFFFFFFFFFFFFF8B
:10058000FFFFFFFF555000000000000000000000CA
:10059000000000000000000000000555FFFFFFFF05
:1005A000FFFFFFFFFFFFFFFFFFFFFFFFFFFFFFFF5B
:1005B000FFFFFFFFFFFFFFF55555555555555555A5
:1005C0007FFFFFFFFFFFFFFFFFFFFFFFFFFFFFFFBB
:1005D000D5555555555555555557FFFFFFFFFFFF4D
:1005E000FFFFFFFFFFFFFFFFFFFFFFFFD555555543
:1005F0005555555555FFFFF55555555555555555B7
:10060000FFFFFFFFFFFFFFFFFFFFFFFFFFFFFFFFFA
:10061000FFFFFFFFFFF55555555555555555555598
:10062000555555555555557FFFFFFFFFFFF555555E
:100630005555555555557FFFFFFFFFFFFFFFFFFF46
:10064000FFFFFFFFF555555555555555555FFFFFB4
:10065000FFFFFFFFFFFFFFFFFFFFFFFFFFFFFFFFAA
:10066000FFFFFFFFFFFFFFFFFFFFFFFFFFFFFFFF9A
:10067000FFFFFFFF555555555555555557FFFFFF82
:10068000FFFFFFFFFFFFFFFFFFFFFFFFFFFFFFFF7A
:10069000FFFFFFFFFFFFFFFFFFFFFFFFFD5555556A
:1006A00055555555555FFFFFFFFFFFFFFFFFFFFF4C
:1006B000FFF555555555555555555FFFFFFFFFFF44
:1006C000FFFFFFFFFFFFFFFFFFFFFFFFFFFFFFFF3A
:1006D000FFFFFFFFFFFFFFFF55500000000000007D
:1006E00000000000000000000000000000000555B0
:1006F000FFFFFFFFFFFFFFFFFFFFFFFFFFFFFFFF0A
:10070000FFFFFFFFFFFFFFFFFFFFFFF555555555AB
:10071000555555557FFFFFFFFFFFFFFFFFFFFFFF11
:10072000FFFFFFFFD5555555555555555557FFFFFB
:10073000FFFFFFFFFFFFFFFFFFFFFFFFFFFFFFFFC9
:10074000D55555555555555557FFFFF555555555E3
:10075000555555557FFFFFFFFFFFFFFFFFFFFFFFD1
:10076000FFFFFFFFFFFFFFFFFFF55555555555559F
:1007700055555555555555555555555FFFFFFFFF77
:10078000FFF555555555555555557FFFFFFFFFFF53
:10079000FFFFFFFFFFFFFFFFF55555555555555519
:1007A000555FFFFFFFFFFFFFFFFFFFFFFFFFFFFFA3
:1007B000FFFFFFFFFFFFFFFFFFFFFFFFFFFFFFFF49
:1007C000FFFFFFFFFFFFFFFF555555555555555589
:1007D00057FFFFFFFFFFFFFFFFFFFFFFFFFFFFFFD1
:1007E000FFFFFFFFFFFFFFFFFFFFFFFFFFFFFFFF19
:1007F000FD55555555555555555FFFFFFFFFFFFFFB
:10080000FFFFFFFFFFD555555555555555555FFF12
:10081000FFFFFFFFFFFFFFFFFFFFFFFFFFFFFFFFE8
:10082000FFFFFFFFFFFFFFFFFFFFFFFF555000002F
:1008300000000000000000000000000000000000B8
:1008400000000555FFFFFFFFFFFFFFFFFFFFFFFF5A
:10085000FFFFFFFFFFFFFFFFFFFFFFFFFFFFFFF5B2
:1008600055555555555555557FFFFFFFFFFFFFFF68
:10087000FFFFFFFFFFFFFFFFF55555555555555538
:100880005557FFFFFFFFFFFFFFFFFFFFFFFFFFFFCA
:10089000FFFFFFFF555555555555555557FFFFF56A
:1008A00055555555555555557FFFFFFFFFFFFFFF28
:1008B000FFFFFFFFFFFFFFFFFFFFFFFFFFF55555A6
:1008C00055555555555555555555555555555557D6
:1008D000FFFFFFFFFFF555555555555555557FFF02
:1008E000FFFFFFFFFFFFFFFFFFFFFFFFD555555540
:1008F00055555555555FFFFFFFFFFFFFFFFFFFFFFA
:10090000FFFFFFFFFFFFFFFFFFFFFFFFFFFFFFFFF7
:10091000FFFFFFFFFFFFFFFFFFFFFFFF555555558F
:100920005555555557FFFFFFFFFFFFFFFFFFFFFF27
:10093000FFFFFFFFFFFFFFFFFFFFFFFFFFFFFFFFC7
:10094000FFFFFFFFFD55555555555555555FFFFFA9
:10095000FFFFFFFFFFFFFFFFFFD5555555555555CD
:1009600055555FFFFFFFFFFFFFFFFFFFFFFFFFFF8B
:10097000FFFFFFFFFFFFFFFFFFFFFFFFFFFFFFFF87
:1009800055500000000000000000000000000000C2
:100990000000000000000555FFFFFFFFFFFFFFFF05
:1009A000FFFFFFFFFFFFFFFFFFFFFFFFFFFFFFFF57
:1009B000FFFFFFF555555555555555557FFFFFFF21
:1009C000FFFFFFFFFFFFFFFFFFFFFFFFF55555553F
:1009D000555555555557FFFFFFFFFFFFFFFFFFFF21
:1009E000FFFFFFFFFFFFFFFF555555555555555567
:1009F00057FFFFFD55555555555555557FFFFFFF81
:100A0000FFFFFFFFFFFFFFFFFFFFFFFFFFFFFFFFF6
:100A1000FFF555555555555555555555555555553C
:100A200055555557FFFFFFFFFFF555555555555582
:100A300055557FFFFFFFFFFFFFFFFFFFFFFFFFFF9A
:100A4000D555555555555555555FFFFFFFFFFFFFD0
:100A5000FFFFFFFFFFFFFFFFFFFFFFFFFFFFFFFFA6
:100A6000FFFFFFFFFFFFFFFFFFFFFFFFFFFFFFFF96
:100A7000555555555555555557FFFFFFFFFFFFFF7E
:100A8000FFFFFFFFFFFFFFFFFFFFFFFFFFFFFFFF76
:100A9000FFFFFFFFFFFFFFFFFD555555555555550E
:100AA000555FFFFFFFFFFFFFFFFFFFFFFF5555559E
:100AB0005555555555555FFFFFFFFFFFFFFFFFFFE2
:100AC000FFFFFFFFFFFFFFFFFFFFFFFFFFFFFFFF36
:100AD000FFFFFFFF55500000000000000000000075
:100AE000000000000000000000001557FFFFFFFF9E
:100AF000FFFFFFFFFFFFFFFFFFFFFFFFFFFFFFFF06
:100B0000FFFFFFFFFFFFFFF555555555555555554F
:100B10007FFFFFFFFFFFFFFFFFFFFFFFFFFFFFFF65
:100B2000F5555555555555555557FFFFFFFFFFFFD7
:100B3000FFFFFFFFFFFFFFFFFFFFFFFF555555556D
:100B4000555555555FFFFFFD55555555555555554F
:100B50005FFFFFFFFFFFFFFFFFFFFFFFFFFFFFFF45
:100B6000FFFFFFFFFFF55555555555555555555543
:100B70005555555555555555FFFFFFFFFFF5555533
:100B80005555555555557FFFFFFFFFFFFFFFFFFFF1
:100B9000FFFFFFFFD555555555555555557FFFFF5F
:100BA000FFFFFFFFFFFFFFFFFFFFFFFFFFFFFFFF55
:100BB000FFFFFFFFFFFFFFFFFFFFFFFFFFFFFFFF45
:100BC000FFFFFFFF555555555555555557FFFFFF2D
:100BD000FFFFFFFFFFFFFFFFFFFFFFFFFFFFFFFF25
:100BE000FFFFFFFFFFFFFFFFFFFFFFFFFD55555515
:100BF00055555555555FFFFFFFFFFFFFFFFFFFFFF7
:100C0000FD5555555555555555555FFFFFFFFFFF90
:100C1000FFFFFFFFFFFFFFFFFFFFFFFFFFFFFFFFE4
:100C2000FFFFFFFFFFFFFFFFD554000000000000A3
:100C30000000000000000000000000000000155748
:100C4000FFFFFFFFFFFFFFFFFFFFFFFFFFFFFFFFB4
:100C5000FFFFFFFFFFFFFFFFFFFFFFF55555555556
:100C6000555555557FFFFFFFFFFFFFFFFFFFFFFFBC
:100C7000FFFFFFFFFD555555555555555557FFFF7E
:100C8000FFFFFFFFFFFFFFFFFFFFFFFFFFFFFFFD76
:100C900055555555555555555FFFFFFD55555555FE
:100CA000555555555FFFFFFFFFFFFFFFFFFFFFFF9C
:100CB000FFFFFFFFFFFFFFFFFFF55555555555554A
:100CC0005555555555555555555555557FFFFFFFAC
:100CD000FFF555555555555555557FFFFFFFFFFFFE
:100CE000FFFFFFFFFFFFFFFFD555555555555555E4
:100CF000557FFFFFFFFFFFFFFFFFFFFFFFFFFFFF2E
:100D0000FFFFFFFFFFFFFFFFFFFFFFFFFFFFFFFFF3
:100D1000FFFFFFFFFFFFFFFF555555555555555533
:100D20005555555555555555555555555555555573
:100D3000555FFFFFFFFFFFFFFFFFFFFFFFFFFFFF0D
:100D4000FD55555555555555555FFFFFFFFFFFFFA5
:100D5000FFFFFFFFFD5555555555555555557FFF1F
:100D6000FFFFFFFFFFFFFFFFFFFFFFFFFFFFFFFF93
:100D7000FFFFFFFFFFFFFFFFFFFFFFFFD554000056
:100D80000000000000000000000000000000000063
:100D900000001557FFFFFFFFFFFFFFFFFFFFFFFFF3
:100DA000FFFFFFFFFFFFFFFFFFFFFFFFFFFFFFF55D
:100DB00055555555555555557FFFFFFFFFFFFFFF13
:100DC000FFFFFFFFFFFFFFFFFD55555555555555DB
:100DD0005555FFFFFFFFFFFFFFFFFFFFFFFFFFFF77
:100DE000FFFFFFFD55555555555555555FFFFFFF05
:100DF00055555555555555555FFFFFFFFFFFFFFFF3
:100E0000FFFFFFFFFFFFFFFFFFFFFFFFFFF5555550
:100E10005555555555555555555555555555555582
:100E20007FFFFFFFFFF555555555555555557FFF2C
:100E3000FFFFFFFFFFFFFFFFFFFFFFFFD5555555EA
:100E400055555555557FFFFFFFFFFFFFFFFFFFFF84
:100E5000FFFFFFFFFFFFFFFFFFFFFFFFFFFFFFFFA2
:100E6000FFFFFFFFFFFFFFFFFFFFFFFF555555553A
:100E70005555555555555555555555555555555522
:100E800055555555555FFFFFFFFFFFFFFFFFFFFF64
:100E9000FFFFFFFFFD55555555555555555FFFFF54
:100EA000FFFFFFFFFFFFFFFFF55555555555555502
:100EB00055557FFFFFFFFFFFFFFFFFFFFFFFFFFF16
:100EC000FFFFFFFFFFFFFFFFFFFFFFFFFFFFFFFF32
:100ED000D5540000000000000000000000000000E9
:100EE0000000000000001557FFFFFFFFFFFFFFFF9E
:100EF000FFFFFFFFFFFFFFFFFFFFFFFFFFFFFFFF02
:100F0000FFFFFFF555555555555555557FFFFFFFCB
:100F1000FFFFFFFFFFFFFFFFFFFFFFFFFD555555E1
:100F2000555555555555FFFFFFFFFFFFFFFFFFFFCD
:100F3000FFFFFFFFFFFFFFFD555555555555555513
:100F40007FFFFFFF555555555555555557FFFFFF29
:100F5000FFFFFFFFFFFFFFFFFFFFFFFFFFFFFFFFA1
:100F6000FFF55555555555555555555555555555E7
:100F7000555555555FFFFFFFFFF5555555555555CF
:100F800055557FFFFFFFFFFFFFFFFFFFFFFFFFFF45
:100F9000D555555555555555557FFFFFFFFFFFFF5B
:100FA000FFFFFFFFFFFFFFFFFFFFFFFFFFFFFFFF51
:100FB000FFFFFFFFFFFFFFFFFFFFFFFFFFFFFFFF41
:100FC00055555555555555555555555555555555D1
:100FD0005555555555555555555FFFFFFFFFFFFFBB
:100FE000FFFFFFFFFFFFFFFFFD55555555555555B9
:100FF000555FFFFFFFFFFFFFFFFFFFFFD555555573
:101000005555555555557FFFFFFFFFFFFFFFFFFF6C
:10101000FFFFFFFFFFFFFFFFFFFFFFFFFFFFFFFFE0
:10102000FFFFFFFFD554000000000000000000009B
:10103000000000000000000000001557FFFFFFFF48
:10104000FFFFFFFFFFFFFFFFFFFFFFFFFFFFFFFFB0
:10105000FFFFFFFFFFFFFFF55555555555555555FA
:101060007FFFFFFFFFFFFFFFFFFFFFFFFFFFFFFF10
:10107000FD555555555555555555FFFFFFFFFFFF7C
:10108000FFFFFFFFFFFFFFFFFFFFFFF55555555522
:10109000555555557FFFFFFFD55555555555555558
:1010A00057FFFFFFFFFFFFFFFFFFFFFFFFFFFFFFF8
:1010B000FFFFFFFFFFF555555555555555557D55C6
:1010C00055555555555555555FFFFFFFFFF555557E
:1010D0005555555555557FFFFFFFFFFFFFFFFFFF9C
:1010E000FFFFFFFFD555555555555555557FFFFF0A
:1010F000FFFFFFFFFFFFFFFFFFFFFFFFFFFFFFFF00
:10110000FFFFFFFFFFFFFFFFFFFFFFFFFFFFFFFFEF
:10111000FFFFFFFF555555555555555555555555D7
:10112000555555555555555555555555555FFFFF11
:10113000FFFFFFFFFFFFFFFFFFFFFFFFFD555555BF
:1011400055555555555FFFFFFFFFFFFFFFFFFFFDA3
:10115000555555555555555555557FFFFFFFFFFFC3
:10116000FFFFFFFFFFFFFFFFFFFFFFFFFFFFFFFF8F
:10117000FFFFFFFFFFFFFFFFD5540000000000004E
:1011800000000000000000000000000000001557F3
:10119000FFFFFFFFFFFFFFFFFFFFFFFFFFFFFFFF5F
:1011A000FFFFFFFFFFFFFFFFFFFFFFF55555555501
:1011B000555555557FFFFFFFFFFFFFFFFFFFFFFF67
:1011C000FFFFFFFFFF555555555555555555FFFF29
:1011D000FFFFFFFFFFFFFFFFFFFFFFFFFFFFFFF529
:1011E00055555555555555557FFFFFFFD555555507
:1011F0005555555555FFFFFFFFFFFFFFFFFFFFFF51
:10120000FFFFFFFFFFFFFFFFFFF5555555555555F4
:1012100055557F55555555555555555557FFFFFF54
:10122000FFF555555555555555557FFFFFFFFFFFA8
:10123000FFFFFFFFFFFFFFFF55555555555555550E
:1012400055FFFFFFFFFFFFFFFFFFFFFFFFFFFFFF58
:10125000FFFFFFFFFFFFFFFFFFFFFFFFFFFFFFFF9E
:10126000FFFFFFFFFFFFFFFF5555555555555555DE
:10127000555555555555555555555555555555551E
:10128000555FFFFFFFFFFFFFFFFFFFFFFFFFFFFFB8
:10129000FD55555555555555555FFFFFFFFFFFFF50
:1012A000FFFFFFF555555555555555555555FFFFFC
:1012B000FFFFFFFFFFFFFFFFFFFFFFFFFFFFFFFF3E
:1012C000FFFFFFFFFFFFFFFFFFFFFFFFD554000001
:1012D000000000000000000000000000000000000E
:1012E00000001557FFFFFFFFFFFFFFFFFFFFFFFF9E
:1012F000FFFFFFFFFFFFFFFFFFFFFFFFFFFFFFF508
:1013000055555555555555557FFFFFFFFFFFFFFFBD
:10131000FFFFFFFFFFFFFFFFFF5555555555555583
:101320005555FFFFFFFFFFFFFFFFFFFFFFFFFFFF21
:10133000FFFFFFF55555555555555555FFFFFFFF17
:10134000D55555555555555555FFFFFFFFFFFFFF27
:10135000FFFFFFFFFFFFFFFFFFFFFFFFFFF55555FB
:101360005555555555557F55555555555555555503
:1013700055FFFFFFFFF555555555555555557FFF01
:10138000FFFFFFFFFFFFFFFFFFFFFFFF5555555515
:101390005555555555FFFFFFFFFFFFFFFD555555AF
:1013A000555555555555555555555555555FFFFF8F
:1013B000FFFFFFFFFFFFFFFFFFFFFFFF55555555E5
:1013C00055555555555555555555555555555555CD
:1013D00055555555555FFFFFFFFFFFFFFFFFFFFF0F
:1013E000FFFFFFFFFD55555555555555555FFFFFFF
:1013F000FFFFFFFFFFFFFF555555555555555555F7
:101400005555FFFFFFFFFFFFFFFFFFFFFFFFFFFF40
:10141000FFFFFFFFFFFFFFFFFFFFFFFFFFFFFFFFDC
:10142000D554000000000000000000000000000093
:101430000000000000005557FFFFFFFFFFFFFFFF08
:10144000FFFFFFFFFFFFFFFFFFFFFFFFFFFFFFFFAC
:10145000FFFFFFF555555555555555557FFFFFFF76
:10146000FFFFFFFFFFFFFFFFFFFFFFFFFF5555558A
:10147000555555555555FFFFFFFFFFFFFFFFFFFF78
:10148000FFFFFFFFFFFFFFD55555555555555555E6
:10149000FFFFFFFFF55555555555555555FFFFFFB6
:1014A000FFFFFFFFFFFFFFFFFFFFFFFFFFFFFFFF4C
:1014B000FFF555555555555555557FD555555555E8
:1014C0005555555555FFFFFFFFF555555555555584
:1014D00055557FFFFFFFFFFFFFFFFFFFFFFFFFFFF0
:1014E000555555555555555555FFFFFFFFFFFFFF06
:1014F000FD555555555555555555555555555555F4
:10150000555FFFFFFFFFFFFFFFFFFFFFFFFFFFFF35
:10151000555555555555555555555555555555557B
:101520005555555555555555555FFFFFFFFFFFFF65
:10153000FFFFFFFFFFFFFFFFFD5555555555555563
:10154000555FFFFFFFFFFFFFFFFFF5555555555551
:10155000555555555555FFFFFFFFFFFFFFFFFFFF97
:10156000FFFFFFFFFFFFFFFFFFFFFFFFFFFFFFFF8B
:10157000FFFFFFFFD5550000000000000000000045
:1015800000000000000000000000555FFFFFFFFFAB
:10159000FFFFFFFFFFFFFFFFFFFFFFFFFFFFFFFF5B
:1015A000FFFFFFFFFFFFFFF55555555555555555A5
:1015B0007FFFFFFFFFFFFFFFFFFFFFFFFFFFFFFFBB
:1015C000FF555555555555555555FFFFFFFFFFFF25
:1015D000FFFFFFFFFFFFFFFFFFFFFFD555555555ED
:1015E00055555555FFFFFFFFF55555555555555563
:1015F000557FFFFFFFFFFFFFFFFFFFFFFFFFFFFF25
:10160000FFFFFFFFFFF555555555555555557FF5CE
:101610005555555555555555557FFFFFFFF55555B2
:101620005555555555557FFFFFFFFFFFFFFFFFFF46
:10163000FFFFFFFF555555555555555555FFFFFFB4
:10164000FFFFFFFFFD5555555555555555555555FA
:1016500055555555555FFFFFFFFFFFFFFFFFFFFF8C
:10166000FFFFFFFF55555555555555555555555582
:10167000555555555555555555555555555FFFFFBC
:10168000FFFFFFFFFFFFFFFFFFFFFFFFFD5555556A
:1016900055555555555FFFFFFFFFFFFFFFFD5555A2
:1016A00055555555555555555555FFFFFFFFFFFFEE
:1016B000FFFFFFFFFFFFFFFFFFFFFFFFFFFFFFFF3A
:1016C000FFFFFFFFFFFFFFFFF555000000000000D8
:1016D0000000000000000000000000000000555F56
:1016E000FFFFFFFFFFFFFFFFFFFFFFFFFFFFFFFF0A
:1016F000FFFFFFFFFFFFFFFFFFFFFFF555555555AC
:10170000555555557FFFFFFFFFFFFFFFFFFFFFFF11
:10171000FFFFFFFFFF555555555555555555FFFFD3
:10172000FFFFFFFFFFFFFFFFFFFFFFFFFFFFFF5573
:101730005555555555555557FFFFFFFFF55555550F
:1017400055555555557FFFFFFFFFFFFFFFFFFFFF7B
:10175000FFFFFFFFFFFFFFFFFFF55555555555559F
:1017600055557FF55555555555555555555FFFFF01
:10177000FFF555555555555555557FFFFFFFFFFF53
:10178000FFFFFFFFFFFFFFFF5555555555555555B9
:1017900055FFFFFFFFFFFFFFFD55555555555555AB
:1017A0005555555555555555555FFFFFFFFFFFFFE3
:1017B000FFFFFFFFFFFFFFFF555555555555555589
:1017C00055555555555555555555555555555555C9
:1017D000555FFFFFFFFFFFFFFFFFFFFFFFFFFFFF63
:1017E000FD55555555555555555FFFFFFFFFFFFFFB
:1017F000FD55555555555555555555555557FFFF9B
:10180000FFFFFFFFFFFFFFFFFFFFFFFFFFFFFFFFE8
:10181000FFFFFFFFFFFFFFFFFFFFFFFFF55500008A
:1018200000000000000000000000000000000000B8
:101830000000555FFFFFFFFFFFFFFFFFFFFFFFFF00
:10184000FFFFFFFFFFFFFFFFFFFFFFFFFFFFFFF5B2
:1018500055555555555555557FFFFFFFFFFFFFFF68
:10186000FFFFFFFFFFFFFFFFFF555555555555552E
:101870005555FFFFFFFFFFFFFFFFFFFFFFFFFFFFCC
:10188000FFFFFF555555555555555557FFFFFFFF60
:10189000FD55555555555555557FFFFFFFFFFFFF2A
:1018A000FFFFFFFFFFFFFFFFFFFFFFFFFFF55555A6
:1018B0005555555555557FFD555555555555555506
:1018C000555FFFFFFFF555555555555555557FFF4C
:1018D000FFFFFFFFFFFFFFFFFFFFFFFF55555555C0
:1018E0005555555555FFFFFFFFFFFFFFFD5555555A
:1018F000555555555555555555555555555FFFFF3A
:10190000FFFFFFFFFFFFFFFFFFFFFFFF555555558F
:101910005555555555555555555555555555555577
:1019200055555555555FFFFFFFFFFFFFFFFFFFFFB9
:10193000FFFFFFFFFD55555555555555555FFFFFA9
:10194000FFFFF55555555555555555555555555553
:101950005557FFFFFFFFFFFFFFFFFFFFFFFFFFFFE9
:10196000FFFFFFFFFFFFFFFFFFFFFFFFFFFFFFFF87
:10197000F55500000000000000000000000000001D
:10198000000000000000555FFFFFFFFFFFFFFFFFAB
:10199000FFFFFFFFFFFFFFFFFFFFFFFFFFFFFFFF57
:1019A000FFFFFFF555555555555555557FFFFFFF21
:1019B000FFFFFFFFFFFFFFFFFFFFFFFFFFD55555B5
:1019C000555555555555FFFFFFFFFFFFFFFFFFFF23
:1019D000FFFFFFFFFFFFFF5555555555555555570F
:1019E000FFFFFFFFFD55555555555555555FFFFFF9
:1019F000FFFFFFFFFFFFFFFFFFFFFFFFFFFFFFFFF7
:101A0000FFF555555555555555557FFF5555555568
:101A1000555555555557FFFFFFF5555555555555D6
:101A200055557FFFFFFFFFFFFFFFFFFFFFFFFFFF9A
:101A3000555555555555555555FFFFFFFFFFFFFFB0
:101A4000FD5555555555555555555555555555559E
:101A5000555FFFFFFFFFFFFFFFFFFFFFFFFFFFFFE0
:101A60005555555555555555555555555555555526
:101A70005555555555555555555FFFFFFFFFFFFF10
:101A8000FFFFFFFFFFFFFFFFFD555555555555550E
:101A900055555555555555555555555555555555F6
:101AA00055555555555FFFFFFFFFFFFFFFFFFFFF38
:101AB000FFFFFFFFFFFFFFFFFFFFFFFFFFFFFFFF36
:101AC000FFFFFFFFF55500000000000000000000D0
:101AD00000000000000000000000555FFFFFFFFF56
:101AE000FFFFFFFFFFFFFFFFFFFFFFFFFFFFFFFF06
:101AF000FFFFFFFFFFFFFFF5555555555555555550
:101B00007FFFFFFFFFFFFFFFFFFFFFFFFFFFFFFF65
:101B1000FFD55555555555555555FFFFFFFFFFFF4F
:101B2000FFFFFFFFFFFFFFFFFFFFFD555555555519
:101B30005555555FFFFFFFFFFD55555555555555FB
:101B4000555FFFFFFFFFFFFFFFFFFFFFFFFFFFFFEF
:101B5000FFFFFFFFFFF555555555555555557FFF6F
:101B600055555555555555555555FFFFFFF5555587
:101B70005555555555557FFFFFFFFFFFFFFFFFFFF1
:101B8000FFFFFFFF555555555555555555FFFFFF5F
:101B9000FFFFFFFFFD5555555555555555555555A5
:101BA00055555555555FFFFFFFFFFFFFFFFFFFFF37
:101BB000FFFFFFFF5555555555555555555555552D
:101BC000555555555555555555555555555FFFFF67
:101BD000FFFFFFFFFFFFFFFFFFFFFFFFFD55555515
:101BE00055555555555555555555555555555555A5
:101BF0005555555555555555555FFFFFFFFFFFFF8F
:101C0000FFFFFFFFFFFFFFFFFFFFFFFFFFFFFFFFE4
:101C1000FFFFFFFFFFFFFFFFF55500000000000082
:101C20000000000000000000000000000000555F00
:101C3000FFFFFFFFFFFFFFFFFFFFFFFFFFFFFFFFB4
:101C4000FFFFFFFFFFFFFFFFFFFFFFF55555555556
:101C5000555555557FFFFFFFFFFFFFFFFFFFFFFFBC
:101C6000FFFFFFFFFFD555555555555555557FFF7E
:101C7000FFFFFFFFFFFFFFFFFFFFFFFFFFFFFD5520
:101C8000555555555555555FFFFFFFFFFF555555A8
:101C9000555555555557FFFFFFFFFFFFFFFFFFFF4E
:101CA000FFFFFFFFFFFFFFFFFFF55555555555554A
:101CB00055557FFFD5555555555555555555FFFF2C
:101CC000FFF555555555555555557FFFFFFFFFFFFE
:101CD000FFFFFFFFFFFFFFFF555555555555555564
:101CE00055FFFFFFFFFFFFFFFD5555555555555556
:101CF0005555555555555555555FFFFFFFFFFFFF8E
:101D0000FFFFFFFFFFFFFFFF555555555555555533
:101D10005555555555555555555555555555555573
:101D2000555FFFFFFFFFFFFFFFFFFFFFFFFFFFFF0D
:101D3000FD555555555555555555555555555555AB
:101D4000555555555555555555555555555FFFFFE5
:101D5000FFFFFFFFFFFFFFFFFFFFFFFFFFFFFFFF93
:101D6000FFFFFFFFFFFFFFFFFFFFFFFFF555000035
:101D70000000000000000000000000000000000063
:101D80000000555FFFFFFFFFFFFFFFFFFFFFFFFFAB
:101D9000FFFFFFFFFFFFFFFFFFFFFFFFFFFFFFF55D
:101DA00055555555555555557FFFFFFFFFFFFFFF13
:101DB000FFFFFFFFFFFFFFFFFFD555555555555559
:101DC00055557FFFFFFFFFFFFFFFFFFFFFFFFFFFF7
:101DD000FFFFFD55555555555555555FFFFFFFFF05
:101DE000FF555555555555555557FFFFFFFFFFFFFB
:101DF000FFFFFFFFFFFFFFFFFFFFFFFFFFF5555551
:101E00005555555555557FFFF5555555555555550E
:101E100055557FFFFFF555555555555555557FFF80
:101E2000FFFFFFFFFFFFFFFFFFFFFFFF555555556A
:101E30005555555555FFFFFFFFFFFFFFFD55555504
:101E4000555555555555555555555555555FFFFFE4
:101E5000FFFFFFFFFFFFFFFFFFFFFFFF555555553A
:101E60005555555555555555555555555555555522
:101E700055555555555FFFFFFFFFFFFFFFFFFFFF64
:101E8000FFFFFFFFFD5555555555555555555555B2
:101E900055555555555555555555555555555555F2
:101EA000557FFFFFFFFFFFFFFFFFFFFFFFFFFFFF6C
:101EB000FFFFFFFFFFFFFFFFFFFFFFFFFFFFFFFF32
:101EC000F5550000000000000000000000000000C8
:101ED000000000000000555FFFFFFFFFFFFFFFFF56
:101EE000FFFFFFFFFFFFFFFFFFFFFFFFFFFFFFFF02
:101EF000FFFFFFF555555555555555557FFFFFFFCC
:101F0000FFFFFFFFFFFFFFFFFFFFFFFFFFD555555F
:101F10005555555555557FFFFFFFFFFFFFFFFFFF4D
:101F2000FFFFFFFFFFFFF555555555555555557F9B
:101F3000FFFFFFFFFF555555555555555557FFFFA9
:101F4000FFFFFFFFFFFFFFFFFFFFFFFFFFFFFFFFA1
:101F5000FFF555555555555555557FFFF555555573
:101F60005555555555555FFFFFF555555555555523
:101F700055557FFFFFFFFFFFFFFFFFFFFFFFFFFF45
:101F8000555555555555555555FFFFFFFFFFFFFF5B
:101F9000FD55555555555555555555555555555549
:101FA000555FFFFFFFFFFFFFFFFFFFFFFFFFFFFF8B
:101FB00055555555555555555555555555555555D1
:101FC0005555555555555555555FFFFFFFFFFFFFBB
:101FD000FFFFFFFFFFFFFFFFFD55555555555555B9
:101FE00055555555555555555555555555555555A1
:101FF00055555555557FFFFFFFFFFFFFFFFFFFFFC3
:10200000FFFFFFFFFFFFFFFFFFFFFFFFFFFFFFFFE0
:10201000FFFFFFFFF555000000000000000000007A
:1020200000000000000000000000555FFFFFFFFF00
:10203000FFFFFFFFFFFFFFFFFFFFFFFFFFFFFFFFB0
:10204000FFFFFFFFFFFFFFF55555555555555555FA
:102050007FFFFFFFFFFFFFFFFFFFFFFFFFFFFFFF10
:10206000FFD555555555555555557FFFFFFFFFFF7A
:10207000FFFFFFFFFFFFFFFFFFFFF55555555555CC
:102080005555557FFFFFFFFFFFD555555555555504
:102090005555FFFFFFFFFFFFFFFFFFFFFFFFFFFFA4
:1020A000FFFFFFFFFFF555555555555555557FFF1A
:1020B000FD5555555555555555555FFFFFF555552A
:1020C0005555555555557FFFFFFFFFFFFFFFFFFF9C
:1020D000FFFFFFFF555555555555555555FFFFFF0A
:1020E000FFFFFFFFFD555555555555555555555550
:1020F00055555555555FFFFFFFFFFFFFFFFFFFFFE2
:10210000FFFFFFFF555555555555555555555555D7
:10211000555555555555555555555555555FFFFF11
:10212000FFFFFFFFFFFFFFFFFFFFFFFFFD555555BF
:10213000555555555555555555555555555555554F
:10214000555555555555555555FFFFFFFFFFFFFF99
:10215000FFFFFFFFFFFFFFFFFFFFFFFFFFFFFFFF8F
:10216000FFFFFFFFFFFFFFFFF5550000000000002D
:102170000000000000000000000000000000555FAB
:10218000FFFFFFFFFFFFFFFFFFFFFFFFFFFFFFFF5F
:10219000FFFFFFFFFFFFFFFFFFFFFFF55555555501
:1021A000555555557FFFFFFFFFFFFFFFFFFFFFFF67
:1021B000FFFFFFFFFFD555555555555555557FFF29
:1021C000FFFFFFFFFFFFFFFFFFFFFFFFFFFFF555D3
:1021D000555555555555557FFFFFFFFFFFD55555B3
:1021E000555555555555FFFFFFFFFFFFFFFFFFFFFB
:1021F000FFFFFFFFFFFFFFFFFFF5555555555555F5
:1022000055557FFFFF55555555555555555557FF54
:10221000FFF555555555555555557FFFFFFFFFFFA8
:10222000FFFFFFFFFFFFFFFF55555555555555550E
:1022300055FFFFFFFFFFFFFFFD5555555555555500
:102240005555555555555555555FFFFFFFFFFFFF38
:10225000FFFFFFFFFFFFFFFF5555555555555555DE
:10226000555555555555555555555555555555551E
:10227000555FFFFFFFFFFFFFFFFFFFFFFFFFFFFFB8
:10228000FD55555555555555555555555555555556
:1022900055555555555555555555555557FFFFFFEE
:1022A000FFFFFFFFFFFFFFFFFFFFFFFFFFFFFFFF3E
:1022B000FFFFFFFFFFFFFFFFFFFFFFFFF5550000E0
:1022C000000000000000000000000000000000000E
:1022D0000000555FFFFFFFFFFFFFFFFFFFFFFFFF56
:1022E000FFFFFFFFFFFFFFFFFFFFFFFFFFFFFFF508
:1022F00055555555555555557FFFFFFFFFFFFFFFBE
:10230000FFFFFFFFFFFFFFFFFFD555555555555503
:1023100055557FFFFFFFFFFFFFFFFFFFFFFFFFFFA1
:10232000FFFFD55555555555555555FFFFFFFFFF37
:10233000FFD55555555555555555FFFFFFFFFFFF27
:10234000FFFFFFFFFFFFFFFFFFFFFFFFFFF55555FB
:102350005555555555557FFFFFD55555555555552F
:10236000555555FFFFF555555555555555557FFF55
:10237000FFFFFFFFFFFFFFFFFFFFFFFF5555555515
:102380005555555555FFFFFFFFFFFFFFFD555555AF
:10239000555555555555555555555555555FFFFF8F
:1023A000FFFFFFFFFFFFFFFFFFFFFFFF55555555E5
:1023B00055555555555555555555555555555555CD
:1023C00055555555555FFFFFFFFFFFFFFFFFFFFF0F
:1023D000FFFFFFFFFD55555555555555555555555D
:1023E000555555555555555555555555555555559D
:1023F00057FFFFFFFFFFFFFFFFFFFFFFFFFFFFFF95
:10240000FFFFFFFFFFFFFFFFFFFFFFFFFFFFFFFFDC
:10241000F555000000000000000000000000000072
:10242000000000000000555FFFFFFFFFFFFFFFFF00
:10243000FFFFFFFFFFFFFFFFFFFFFFFFFFFFFFFFAC
:10244000FFFFFFF555555555555555557FFFFFFF76
:10245000FFFFFFFFFFFFFFFFFFFFFFFFFFD555550A
:102460005555555555557FFFFFFFFFFFFFFFFFFFF8
:10247000FFFFFFFFFFFFD55555555555555555FFE6
:10248000FFFFFFFFFFF555555555555555557FFF36
:10249000FFFFFFFFFFFFFFFFFFFFFFFFFFFFFFFF4C
:1024A000FFF555555555555555557FFFFFD5555594
:1024B00055555555555555FFFFF5555555555555D8
:1024C00055557FFFFFFFFFFFFFFFFFFFFFFFFFFFF0
:1024D000555555555555555555FFFFFFFFFFFFFF06
:1024E000FD555555555555555555555555555555F4
:1024F000555FFFFFFFFFFFFFFFFFFFFFFFFFFFFF36
:10250000555555555555555555555555555555557B
:102510005555555555555555555FFFFFFFFFFFFF65
:10252000FFFFFFFFFFFFFFFFFD5555555555555563
:10253000555555555555555555555555555555554B
:10254000555555555FFFFFFFFFFFFFFFFFFFFFFFE3
:10255000FFFFFFFFFFFFFFFFFFFFFFFFFFFFFFFF8B
:10256000FFFFFFFFF5550000000000000000000025
:1025700000000000000000000000555FFFFFFFFFAB
:10258000FFFFFFFFFFFFFFFFFFFFFFFFFFFFFFFF5B
:10259000FFFFFFFFFFFFFFF55555555555555555A5
:1025A0007FFFFFFFFFFFFFFFFFFFFFFFFFFFFFFFBB
:1025B000FFD555555555555555557FFFFFFFFFFF25
:1025C000FFFFFFFFFFFFFFFFFFFF55555555555517
:1025D000555557FFFFFFFFFFFFF55555555555550D
:1025E00055557FFFFFFFFFFFFFFFFFFFFFFFFFFFCF
:1025F000FFFFFFFFFFF555555555555555557FFFC5
:10260000FFF55555555555555555557FFFF55555BC
:102610005555555555557FFFFFFFFFFFFFFFFFFF46
:10262000FFFFFFFF555555555555555555FFFFFFB4
:10263000FFFFFFFFFD5555555555555555555555FA
:1026400055555555555FFFFFFFFFFFFFFFFFFFFF8C
:10265000FFFFFFFF55555555555555555555555582
:10266000555555555555555555555555555FFFFFBC
:10267000FFFFFFFFFFFFFFFFFFFFFFFFFD5555556A
:1026800055555555555555555555555555555555FA
:1026900055555555555555555FFFFFFFFFFFFFFF3A
:1026A000FFFFFFFFFFFFFFFFFFFFFFFFFFFFFFFF3A
:1026B000FFFFFFFFFFFFFFFFF555000000000000D8
:1026C0000000000000000000000000000000555F56
:1026D000FFFFFFFFFFFFFFFFFFFFFFFFFFFFFFFF0A
:1026E000FFFFFFFFFFFFFFFFFFFFFFF555555555AC
:1026F000555555557FFFFFFFFFFFFFFFFFFFFFFF12
:10270000FFFFFFFFFFD555555555555555557FFFD3
:10271000FFFFFFFFFFFFFFFFFFFFFFFFFFFF55551D
:1027200055555555555557FFFFFFFFFFFFF55555BB
:102730005555555555557FFFFFFFFFFFFFFFFFFF25
:10274000FFFFFFFFFFFFFFFFFFF55555555555559F
:1027500055557FFFFFFD5555555555555555555FF9
:10276000FFF555555555555555557FFFFFFFFFFF53
:10277000FFFFFFFFFFFFFFFF5555555555555555B9
:1027800055FFFFFFFFFFFFFFFD55555555555555AB
:102790005555555555555555555FFFFFFFFFFFFFE3
:1027A000FFFFFFFFFFFFFFFF555555555555555589
:1027B00055555555555555555555555555555555C9
:1027C000555FFFFFFFFFFFFFFFFFFFFFFFFFFFFF63
:1027D000FD55555555555555555555555555555501
:1027E0005555555555555555555555557FFFFFFF71
:1027F000FFFFFFFFFFFFFFFFFFFFFFFFFFFFFFFFE9
:10280000FFFFFFFFFFFFFFFFFFFFFFFFF55500008A
:1028100000000000000000000000000000000000B8
:102820000000555FFFFFFFFFFFFFFFFFFFFFFFFF00
:10283000FFFFFFFFFFFFFFFFFFFFFFFFFFFFFFF5B2
:1028400055555555555555557FFFFFFFFFFFFFFF68
:10285000FFFFFFFFFFFFFFFFFFD5555555555555AE
:1028600055557FFFFFFFFFFFFFFFFFFFFFFFFFFF4C
:10287000FFFF555555555555555557FFFFFFFFFF60
:10288000FFFD55555555555555555FFFFFFFFFFF4A
:10289000FFFFFFFFFFFFFFFFFFFFFFFFFFF55555A6
:1028A0005555555555557FFFFFFD555555555555B2
:1028B0005555555FFFF555555555555555557FFFA0
:1028C000FFFFFFFFFFFFFFFFFFFFFFFF55555555C0
:1028D0005555555555FFFFFFFFFFFFFFFD5555555A
:1028E000555555555555555555555555555FFFFF3A
:1028F000FFFFFFFFFFFFFFFFFFFFFFFF5555555590
:102900005555555555555555555555555555555577
:1029100055555555555FFFFFFFFFFFFFFFFFFFFFB9
:10292000FFFFFFFFFD555555555555555555555507
:102930005555555555555555555555555555555547
:10294000FFFFFFFFFFFFFFFFFFFFFFFFFFFFFFFF97
:10295000FFFFFFFFFFFFFFFFFFFFFFFFFFFFFFFF87
:10296000F55500000000000000000000000000001D
:10297000000000000000555FFFFFFFFFFFFFFFFFAB
:10298000FFFFFFFFFFFFFFFFFFFFFFFFFFFFFFFF57
:10299000FFFFFFF555555555555555557FFFFFFF21
:1029A000FFFFFFFFFFFFFFFFFFFFFFFFFFD55555B5
:1029B0005555555555557FFFFFFFFFFFFFFFFFFFA3
:1029C000FFFFFFFFFFFD55555555555555555FFF09
:1029D000FFFFFFFFFFFD55555555555555555FFFF9
:1029E000FFFFFFFFFFFFFFFFFFFFFFFFFFFFFFFFF7
:1029F000FFF555555555555555557FFFFFFF555515
:102A00005555555555555557FFF55555555555552A
:102A100055557FFFFFFFFFFFFFFFFFFFFFFFFFFF9A
:102A2000555555555555555555FFFFFFFFFFFFFFB0
:102A3000FD5555555555555555555555555555559E
:102A4000555FFFFFFFFFFFFFFFFFFFFFFFFFFFFFE0
:102A50005555555555555555555555555555555526
:102A60005555555555555555555FFFFFFFFFFFFF10
:102A7000FFFFFFFFFFFFFFFFFD555555555555550E
:102A800055555555555555555555555555555555F6
:102A900055555557FFFFFFFFFFFFFFFFFFFFFFFFEC
:102AA000FFFFFFFFFFFFFFFFFFFFFFFFFFFFFFFF36
:102AB000FFFFFFFFF55500000000000000000000D0
:102AC00000000000000000000000555FFFFFFFFF56
:102AD000FFFFFFFFFFFFFFFFFFFFFFFFFFFFFFFF06
:102AE000FFFFFFFFFFFFFFF5555555555555555550
:102AF0007FFFFFFFFFFFFFFFFFFFFFFFFFFFFFFF66
:102B0000FF555555555555555555FFFFFFFFFFFFCF
:102B1000FFFFFFFFFFFFFFFFFFFD555555555555C3
:102B200055555FFFFFFFFFFFFFFD555555555555A7
:102B3000555557FFFFFFFFFFFFFFFFFFFFFFFFFFA1
:102B4000FFFFFFFFFFF555555555555555557FFF6F
:102B5000FFFFD5555555555555555555FFF5555507
:102B60005555555555557FFFFFFFFFFFFFFFFFFFF1
:102B7000FFFFFFFF555555555555555555FFFFFF5F
:102B8000FFFFFFFFFD5555555555555555555555A5
:102B900055555555555FFFFFFFFFFFFFFFFFFFFF37
:102BA000FFFFFFFF5555555555555555555555552D
:102BB000555555555555555555555555555FFFFF67
:102BC000FFFFFFFFFFFFFFFFFFFFFFFFFD55555515
:102BD00055555555555555555555555555555555A5
:102BE000555555555555555FFFFFFFFFFFFFFFFF3B
:102BF000FFFFFFFFFFFFFFFFFFFFFFFFFFFFFFFFE5
:102C0000FFFFFFFFFFFFFFFFF55500000000000082
:102C10000000000000000000000000000000555F00
:102C2000FFFFFFFFFFFFFFFFFFFFFFFFFFFFFFFFB4
:102C3000FFFFFFFFFFFFFFFFFFFFFFF55555555556
:102C4000555555557FFFFFFFFFFFFFFFFFFFFFFFBC
:102C5000FFFFFFFFFF555555555555555555FFFF7E
:102C6000FFFFFFFFFFFFFFFFFFFFFFFFFFFD5555CA
:102C70005555555555555FFFFFFFFFFFFFFF555554
:102C800055555555555557FFFFFFFFFFFFFFFFFFF8
:102C9000FFFFFFFFFFFFFFFFFFF55555555555554A
:102CA00055557FFFFFFFD55555555555555555552C
:102CB000FFF555555555555555557FFFFFFFFFFFFE
:102CC000FFFFFFFFFFFFFFFF555555555555555564
:102CD00055FFFFFFFFFFFFFFFD5555555555555556
:102CE0005555555555555555555FFFFFFFFFFFFF8E
:102CF000FFFFFFFFFFFFFFFF555555555555555534
:102D00005555555555555555555555555555555573
:102D1000555FFFFFFFFFFFFFFFFFFFFFFFFFFFFF0D
:102D2000FD555555555555555555555555555555AB
:102D300055555555555555555555557FFFFFFFFF71
:102D4000FFFFFFFFFFFFFFFFFFFFFFFFFFFFFFFF93
:102D5000FFFFFFFFFFFFFFFFFFFFFFFFF555000035
:102D60000000000000000000000000000000000063
:102D70000000555FFFFFFFFFFFFFFFFFFFFFFFFFAB
:102D8000FFFFFFFFFFFFFFFFFFFFFFFFFFFFFFF55D
:102D900055555555555555557FFFFFFFFFFFFFFF13
:102DA000FFFFFFFFFFFFFFFFFF55555555555555D9
:102DB0005555FFFFFFFFFFFFFFFFFFFFFFFFFFFF77
:102DC000FFF555555555555555557FFFFFFFFFFFED
:102DD000FFFF555555555555555557FFFFFFFFFFFB
:102DE000FFFFFFFFFFFFFFFFFFFFFFFFFFF5555551
:102DF0005555555555557FFFFFFFF55555555555BB
:102E0000555555557FF555555555555555557FFFD4
:102E1000FFFFFFFFFFFFFFFFFFFFFFFF555555556A
:102E20005555555555FFFFFFFFFFFFFFFD55555504
:102E3000555555555555555555555555555FFFFFE4
:102E4000FFFFFFFFFFFFFFFFFFFFFFFF555555553A
:102E50005555555555555555555555555555555522
:102E600055555555555FFFFFFFFFFFFFFFFFFFFF64
:102E7000FFFFFFFFFD5555555555555555555555B2
:102E8000555555555555555555555555555555FF48
:102E9000FFFFFFFFFFFFFFFFFFFFFFFFFFFFFFFF42
:102EA000FFFFFFFFFFFFFFFFFFFFFFFFFFFFFFFF32
:102EB000F5550000000000000000000000000000C8
:102EC000000000000000555FFFFFFFFFFFFFFFFF56
:102ED000FFFFFFFFFFFFFFFFFFFFFFFFFFFFFFFF02
:102EE000FFFFFFF555555555555555557FFFFFFFCC
:102EF000FFFFFFFFFFFFFFFFFFFFFFFFFF555555E0
:102F0000555555555555FFFFFFFFFFFFFFFFFFFFCD
:102F1000FFFFFFFFFFF555555555555555557FFF9B
:102F2000FFFFFFFFFFFF555555555555555555FFAB
:102F3000FFFFFFFFFFFFFFFFFFFFFFFFFFFFFFFFA1
:102F4000FFF555555555555555557FFFFFFFFD5517
:102F500055555555555555555FF555555555555577
:102F600055557FFFFFFFFFFFFFFFFFFFFFFFFFFF45
:102F7000555555555555555555FFFFFFFFFFFFFF5B
:102F8000FD55555555555555555555555555555549
:102F9000555FFFFFFFFFFFFFFFFFFFFFFFFFFFFF8B
:102FA00055555555555555555555555555555555D1
:102FB0005555555555555555555FFFFFFFFFFFFFBB
:102FC000FFFFFFFFFFFFFFFFFD55555555555555B9
:102FD00055555555555555555555555555555555A1
:102FE000555557FFFFFFFFFFFFFFFFFFFFFFFFFFED
:102FF000FFFFFFFFFFFFFFFFFFFFFFFFFFFFFFFFE1
:10300000FFFFFFFFF555000000000000000000007A
:10301000000000000000000000005557FFFFFFFF08
:10302000FFFFFFFFFFFFFFFFFFFFFFFFFFFFFFFFB0
:10303000FFFFFFFFFFFFFFF55555555555555555FA
:103040007FFFFFFFFFFFFFFFFFFFFFFFFFFFFFFF10
:10305000FF555555555555555555FFFFFFFFFFFF7A
:10306000FFFFFFFFFFFFFFFFFFD555555555555596
:1030700055557FFFFFFFFFFFFFFFD55555555555B0
:10308000555555FFFFFFFFFFFFFFFFFFFFFFFFFF4E
:10309000FFFFFFFFFFF555555555555555557FFF1A
:1030A000FFFFFD5555555555555555555FF555552A
:1030B0005555555555557FFFFFFFFFFFFFFFFFFF9C
:1030C000FFFFFFFF555555555555555555FFFFFF0A
:1030D000FFFFFFFFFD555555555555555555555550
:1030E00055555555555FFFFFFFFFFFFFFFFFFFFFE2
:1030F000FFFFFFFF555555555555555555555555D8
:10310000555555555555555555555555555FFFFF11
:10311000FFFFFFFFFFFFFFFFFFFFFFFFFD555555BF
:10312000555555555555555555555555555555554F
:103130005555555555555FFFFFFFFFFFFFFFFFFF3B
:10314000FFFFFFFFFFFFFFFFFFFFFFFFFFFFFFFF8F
:10315000FFFFFFFFFFFFFFFFD5550000000000004D
:1031600000000000000000000000000000001557F3
:10317000FFFFFFFFFFFFFFFFFFFFFFFFFFFFFFFF5F
:10318000FFFFFFFFFFFFFFFFFFFFFFF55555555501
:10319000555555557FFFFFFFFFFFFFFFFFFFFFFF67
:1031A000FFFFFFFFFF555555555555555555FFFF29
:1031B000FFFFFFFFFFFFFFFFFFFFFFFFFFD555559D
:1031C000555555555555FFFFFFFFFFFFFFFFD555DF
:1031D00055555555555555FFFFFFFFFFFFFFFFFFA5
:1031E000FFFFFFFFFFFFFFFFFFF5555555555555F5
:1031F00055557FFFFFFFFF555555555555555555AD
:1032000057F555555555555555557FFFFFFFFFFF50
:10321000FFFFFFFFFFFFFFFF55555555555555550E
:1032200055FFFFFFFFFFFFFFFD5555555555555500
:103230005555555555555555555FFFFFFFFFFFFF38
:10324000FFFFFFFFFFFFFFFF5555555555555555DE
:10325000555555555555555555555555555555551E
:10326000555FFFFFFFFFFFFFFFFFFFFFFFFFFFFFB8
:10327000FD55555555555555555555555555555556
:10328000555555555555555555557FFFFFFFFFFF72
:10329000FFFFFFFFFFFFFFFFFFFFFFFFFFFFFFFF3E
:1032A000FFFFFFFFFFFFFFFFFFFFFFFFD554000001
:1032B000000000000000000000000000000000000E
:1032C00000001557FFFFFFFFFFFFFFFFFFFFFFFF9E
:1032D000FFFFFFFFFFFFFFFFFFFFFFFFFFFFFFF508
:1032E00055555555555555557FFFFFFFFFFFFFFFBE
:1032F000FFFFFFFFFFFFFFFFFF5555555555555584
:103300005555FFFFFFFFFFFFFFFFFFFFFFFFFFFF21
:10331000FFD55555555555555555FFFFFFFFFFFF37
:10332000FFFFD555555555555555557FFFFFFFFFA7
:10333000FFFFFFFFFFFFFFFFFFFFFFFFFFF55555FB
:103340005555555555557FFFFFFFFFD555555555DB
:103350005555555555F555555555555555557FFFA9
:10336000FFFFFFFFFFFFFFFFFFFFFFFF5555555515
:103370005555555555FFFFFFFFFFFFFFFD555555AF
:10338000555555555555555555555555555FFFFF8F
:10339000FFFFFFFFFFFFFFFFFFFFFFFF55555555E5
:1033A00055555555555555555555555555555555CD
:1033B00055555555555FFFFFFFFFFFFFFFFFFFFF0F
:1033C000FFFFFFFFFD55555555555555555555555D
:1033D0005555555555555555555555555555FFFF49
:1033E000FFFFFFFFFFFFFFFFFFFFFFFFFFFFFFFFED
:1033F000FFFFFFFFFFFFFFFFFFFFFFFFFFFFFFFFDD
:10340000D554000000000000000000000000000093
:103410000000000000001557FFFFFFFFFFFFFFFF48
:10342000FFFFFFFFFFFFFFFFFFFFFFFFFFFFFFFFAC
:10343000FFFFFFF555555555555555557FFFFFFF76
:10344000FFFFFFFFFFFFFFFFFFFFFFFFFD5555558C
:10345000555555555555FFFFFFFFFFFFFFFFFFFF78
:10346000FFFFFFFFFF5555555555555555555555BA
:103470005555555555555555555555555555557FD2
:10348000FFFFFFFFFFFFFFFFFFFFFFFFFFFFFFFF4C
:10349000FFF555555555555555557FFFFFFFFFD540
:1034A000555555555555555555F55555555555552C
:1034B00055557FFFFFFFFFFFFFFFFFFFFFFFFFFFF0
:1034C000555555555555555555FFFFFFFFFFFFFF06
:1034D000FD555555555555555555555555555555F4
:1034E000555FFFFFFFFFFFFFFFFFFFFFFFFFFFFF36
:1034F000555555555555555555555555555555557C
:103500005555555555555555555FFFFFFFFFFFFF65
:10351000FFFFFFFFFFFFFFFFFD5555555555555563
:10352000555555555555555555555555555555554B
:103530005557FFFFFFFFFFFFFFFFFFFFFFFFFFFFED
:10354000FFFFFFFFFFFFFFFFFFFFFFFFFFFFFFFF8B
:10355000FFFFFFFFD5540000000000000000000046
:10356000000000000000000000001557FFFFFFFFF3
:10357000FFFFFFFFFFFFFFFFFFFFFFFFFFFFFFFF5B
:10358000FFFFFFFFFFFFFFF55555555555555555A5
:103590007FFFFFFFFFFFFFFFFFFFFFFFFFFFFFFFBB
:1035A000FD555555555555555555FFFFFFFFFFFF27
:1035B000FFFFFFFFFFFFFFFFFF55555555555555C1
:1035C00055555555555555555555555555555555AB
:1035D0005555557FFFFFFFFFFFFFFFFFFFFFFFFF79
:1035E000FFFFFFFFFFF555555555555555557FFFC5
:1035F000FFFFFFF5555555555555555555755555BD
:103600005555555555557FFFFFFFFFFFFFFFFFFF46
:10361000FFFFFFFFD555555555555555557FFFFFB4
:10362000FFFFFFFFFD5555555555555555555555FA
:1036300055555555555FFFFFFFFFFFFFFFFFFFFF8C
:10364000FFFFFFFF55555555555555555555555582
:10365000555555555555555555555555555FFFFFBC
:10366000FFFFFFFFFFFFFFFFFFFFFFFFFD5555556A
:1036700055555555555555555555555555555555FA
:1036800055555555557FFFFFFFFFFFFFFFFFFFFF1C
:10369000FFFFFFFFFFFFFFFFFFFFFFFFFFFFFFFF3A
:1036A000FFFFFFFFFFFFFFFFD554000000000000F9
:1036B000000000000000000000000000000015579E
:1036C000FFFFFFFFFFFFFFFFFFFFFFFFFFFFFFFF0A
:1036D000FFFFFFFFFFFFFFFFFFFFFFF555555555AC
:1036E000555555557FFFFFFFFFFFFFFFFFFFFFFF12
:1036F000FFFFFFFFFD555555555555555555FFFFD6
:10370000FFFFFFFFFFFFFFFFFFFFFFFFFF555555C7
:103710005555555555555555555555555555555559
:10372000555555555555555FFFFFFFFFFFFFFFFFEF
:10373000FFFFFFFFFFFFFFFFFFF55555555555559F
:1037400055557FFFFFFFFFFD5555555555555555AF
:10375000555555555555555555557FFFFFFFFFFF9D
:10376000FFFFFFFFFFFFFFFFD55555555555555539
:10377000557FFFFFFFFFFFFFFD555555555555552B
:103780005555555555555555555FFFFFFFFFFFFFE3
:10379000FFFFFFFFFFFFFFFF555555555555555589
:1037A00057FFFFFFFFFFFFFFFFFFFFFFFFFFFFFFD1
:1037B000FFFFFFFFFFFFFFFFFFFFFFFFFFFFFFFF19
:1037C000FD55555555555555555555555555555501
:1037D000555555555555555557FFFFFFFFFFFFFFF1
:1037E000FFFFFFFFFFFFFFFFFFFFFFFFFFFFFFFFE9
:1037F000FFFFFFFFFFFFFFFFFFFFFFFFD5540000AC
:1038000000000000000000000000000000000000B8
:1038100000001557FFFFFFFFFFFFFFFFFFFFFFFF48
:10382000FFFFFFFFFFFFFFFFFFFFFFFFFFFFFFF5B2
:1038300055555555555555557FFFFFFFFFFFFFFF68
:10384000FFFFFFFFFFFFFFFFFD5555555555555530
:103850005557FFFFFFFFFFFFFFFFFFFFFFFFFFFFCA
:10386000FD55555555555555555555555555555560
:1038700055555555555555555555555FFFFFFFFF46
:10388000FFFFFFFFFFFFFFFFFFFFFFFFFFF55555A6
:103890005555555555557FFFFFFFFFFD555555555E
:1038A00055555555555555555555555555557FFFF4
:1038B000FFFFFFFFFFFFFFFFFFFFFFFFD555555540
:1038C00055555555557FFFFFFFFFFFFFFD555555DA
:1038D000555555555555555555555555555FFFFF3A
:1038E000FFFFFFFFFFFFFFFFFFFFFFFF5555555590
:1038F0005555555557FFFFFFFFFFFFFFFFFFFFFF28
:10390000FFFFFFFFFFFFFFFFFFFFFFFFFFFFFFFFC7
:10391000FFFFFFFFFD555555555555555555555507
:103920005555555555555555555555555FFFFFFF3F
:10393000FFFFFFFFFFFFFFFFFFFFFFFFFFFFFFFF97
:10394000FFFFFFFFFFFFFFFFFFFFFFFFFFFFFFFF87
:10395000D55400000000000000000000000000003E
:103960000000000000001555FFFFFFFFFFFFFFFFF5
:10397000FFFFFFFFFFFFFFFFFFFFFFFFFFFFFFFF57
:10398000FFFFFFF555555555555555557FFFFFFF21
:10399000FFFFFFFFFFFFFFFFFFFFFFFFF55555553F
:1039A000555555555557FFFFFFFFFFFFFFFFFFFF21
:1039B000FFFFFFFFFD555555555555555555555567
:1039C00055555555555555555555555555555557A5
:1039D000FFFFFFFFFFFFFFFFFFFFFFFFFFFFFFFFF7
:1039E000FFF555555555555555557FFFFFFFFFFFC1
:1039F0005555555555555555555555555555555577
:103A000055557FFFFFFFFFFFFFFFFFFFFFFFFFFF9A
:103A1000D555555555555555557FFFFFFFFFFFFFB0
:103A2000FD5555555555555555555555555555559E
:103A3000555FFFFFFFFFFFFFFFFFFFFFFFFFFFFFE0
:103A4000555555555555555557FFFFFFFFFFFFFF7E
:103A5000FFFFFFFFFFFFFFFFFFFFFFFFFFFFFFFF76
:103A6000FFFFFFFFFFFFFFFFFD555555555555550E
:103A700055555555555555555555555555555555F6
:103A8000FFFFFFFFFFFFFFFFFFFFFFFFFFFFFFFF46
:103A9000FFFFFFFFFFFFFFFFFFFFFFFFFFFFFFFF36
:103AA000FFFFFFFF55540000000000000000000071
:103AB000000000000000000000000555FFFFFFFFB0
:103AC000FFFFFFFFFFFFFFFFFFFFFFFFFFFFFFFF06
:103AD000FFFFFFFFFFFFFFF5555555555555555550
:103AE0007FFFFFFFFFFFFFFFFFFFFFFFFFFFFFFF66
:103AF000F5555555555555555557FFFFFFFFFFFFD8
:103B0000FFFFFFFFFFFFFFFFFD555555555555556D
:103B10005555555555555555555555555555555555
:103B200055555557FFFFFFFFFFFFFFFFFFFFFFFF4B
:103B3000FFFFFFFFFFF555555555555555557FFF6F
:103B4000FFFFFFFFD55555555555555555555555FD
:103B50005555555555557FFFFFFFFFFFFFFFFFFFF1
:103B6000FFFFFFFFD555555555555555557FFFFF5F
:103B7000FFFFFFFFFD5555555555555555555555A5
:103B800055555555555FFFFFFFFFFFFFFFFFFFFF37
:103B9000FFFFFFFF555555555555555557FFFFFF2D
:103BA000FFFFFFFFFFFFFFFFFFFFFFFFFFFFFFFF25
:103BB000FFFFFFFFFFFFFFFFFFFFFFFFFD55555515
:103BC00055555555555555555555555555555555A5
:103BD00055555557FFFFFFFFFFFFFFFFFFFFFFFF9B
:103BE000FFFFFFFFFFFFFFFFFFFFFFFFFFFFFFFFE5
:103BF000FFFFFFFFFFFFFFFF555000000000000028
:103C0000000000000000000000000000000005555A
:103C1000FFFFFFFFFFFFFFFFFFFFFFFFFFFFFFFFB4
:103C2000FFFFFFFFFFFFFFFFFFFFFFF55555555556
:103C3000555555557FFFFFFFFFFFFFFFFFFFFFFFBC
:103C4000FFFFFFFFF5555555555555555557FFFF86
:103C5000FFFFFFFFFFFFFFFFFFFFFFFFF55555557C
:103C60005555555555555555555555555555555504
:103C70005555555555555557FFFFFFFFFFFFFFFFA2
:103C8000FFFFFFFFFFFFFFFFFFF55555555555554A
:103C900055557FFFFFFFFFFFD555555555555555D8
:103CA000555555555555555555557FFFFFFFFFFF48
:103CB000FFFFFFFFFFFFFFFFD555555555555555E4
:103CC000555FFFFFFFFFFFFFFD55555555555555F6
:103CD0005555555555555555555FFFFFFFFFFFFF8E
:103CE000FFFFFFFFFFFFFFFF555555555555555534
:103CF00057FFFFFFFFFFFFFFFFFFFFFFFFFFFFFF7C
:103D0000FFFFFFFFFFFFFFFFFFFFFFFFFFFFFFFFC3
:103D1000FD555555555555555555555555555555AB
:103D20005555555555555555FFFFFFFFFFFFFFFFF3
:103D3000FFFFFFFFFFFFFFFFFFFFFFFFFFFFFFFF93
:103D4000FFFFFFFFFFFFFFFFFFFFFFFF55500000DA
:103D50000000000000000000000000000000000063
:103D600000000555FFFFFFFFFFFFFFFFFFFFFFFF05
:103D7000FFFFFFFFFFFFFFFFFFFFFFFFFFFFFFF55D
:103D800055555555555555557FFFFFFFFFFFFFFF13
:103D9000FFFFFFFFFFFFFFFFD55555555555555503
:103DA0005557FFFFFFFFFFFFFFFFFFFFFFFFFFFF75
:103DB000F555555555555555555555555555555513
:103DC000555555555555555555555555FFFFFFFFFB
:103DD000FFFFFFFFFFFFFFFFFFFFFFFFFFF5555551
:103DE0005555555555557FFFFFFFFFFFF555555567
:103DF00055555555555555555555555555557FFF9F
:103E0000FFFFFFFFFFFFFFFFFFFFFFFFD5555555EA
:103E100055555555555FFFFFFFFFFFFFFFFFFFFFA4
:103E2000FFFFFFFFFFD5555555555555555FFFFF12
:103E3000FFFFFFFFFFFFFFFFFFFFFFFF555555553A
:103E40005555555557FFFFFFFFFFFFFFFFFFFFFFD2
:103E5000FFFFFFFFFFFFFFFFFFFFFFFFFFFFFFFF72
:103E6000FFFFFFFFFD5555555555555555555555B2
:103E7000555555555555555555555555FFFFFFFF4A
:103E8000FFFFFFFFFFFFFFFFFFFFFFFFFFFFFFFF42
:103E9000FFFFFFFFFFFFFFFFFFFFFFFFFFFFFFFF32
:103EA000555000000000000000000000000000006D
:103EB0000000000000000555FFFFFFFFFFFFFFFFB0
:103EC000FFFFFFFFFFFFFFFFFFFFFFFFFFFFFFFF02
:103ED000FFFFFFF555555555555555557FFFFFFFCC
:103EE000FFFFFFFFFFFFFFFFFFFFFFFFD55555550A
:103EF00055555555555FFFFFFFFFFFFFFFFFFFFFC4
:103F0000FFFFFFFFD5555555555555555555555539
:103F10005555555555555555555555555555555551
:103F2000FFFFFFFFFFFFFFFFFFFFFFFFFFFFFFFFA1
:103F3000FFF555555555555555557FFFFFFFFFFF6B
:103F4000FD55555555555555555555555555555579
:103F500055557FFFFFFFFFFFFFFFFFFFFFFFFFFF45
:103F6000F555555555555555555FFFFFFFFFFFFF5B
:103F7000FFFFFFFFFFFFFFFFFFD555555555555577
:103F8000555FFFFFFFFFFFFFFFFFFFFFFFFFFFFF8B
:103F9000555555555555555557FFFFFFFFFFFFFF29
:103FA000FFFFFFFFFFFFFFFFFFFFFFFFFFFFFFFF21
:103FB000FFFFFFFFFFFFFFFFFD55555555555555B9
:103FC00055555555555555555555555555555555A1
:103FD0007FFFFFFFFFFFFFFFFFFFFFFFFFFFFFFF71
:103FE000FFFFFFFFFFFFFFFFFFFFFFFFFFFFFFFFE1
:103FF000FFFFFFFF55500000000000000000000020
:10400000000000000000000000000555FFFFFFFF5A
:10401000FFFFFFFFFFFFFFFFFFFFFFFFFFFFFFFFB0
:10402000FFFFFFFFFFFFFFF55555555555555555FA
:104030007FFFFFFFFFFFFFFFFFFFFFFFFFFFFFFF10
:10404000D555555555555555555FFFFFFFFFFFFF9A
:10405000FFFFFFFFFFFFFFFFD55555555555555540
:104060005555555555555555555555555555555500
:1040700055555555FFFFFFFFFFFFFFFFFFFFFFFFF8
:10408000FFFFFFFFFFF555555555555555557FFF1A
:10409000FFFFFFFFFD555555555555555555555580
:1040A0005555555555557FFFFFFFFFFFFFFFFFFF9C
:1040B000FFFFFFFFF555555555555555555FFFFF0A
:1040C000FFFFFFFFFFFFFFFFFFFFFFFFFFD555557E
:1040D00055555555555FFFFFFFFFFFFFFFFFFFFFE2
:1040E000FFFFFFFF555555555555555557FFFFFFD8
:1040F000FFFFFFFFFFFFFFFFFFFFFFFFFFFFFFFFD0
:10410000FFFFFFFFFFFFFFFFFFFFFFFFFD555555BF
:10411000555555555555555555555555555555554F
:10412000555555557FFFFFFFFFFFFFFFFFFFFFFFC7
:10413000FFFFFFFFFFFFFFFFFFFFFFFFFFFFFFFF8F
:10414000FFFFFFFFFFFFFFFF5550000000000000D2
:104150000000000000000000000000000000015509
:104160007FFFFFFFFFFFFFFFFFFFFFFFFFFFFFFFDF
:10417000FFFFFFFFFFFFFFFFFFFFFFF55555555501
:10418000555555557FFFFFFFFFFFFFFFFFFFFFFF67
:10419000FFFFFFFF5555555555555555555FFFFFC9
:1041A000FFFFFFFFFFFFFFFFFFFFFFFFD555555547
:1041B00055555555555555555555555555555555AF
:1041C00055555555555555557FFFFFFFFFFFFFFFCF
:1041D000FFFFFFFFFFFFFFFFFFF5555555555555F5
:1041E00055557FFFFFFFFFFFFF5555555555555559
:1041F000555555555555555555557FFFFFFFFFFFF3
:10420000FFFFFFFFFFFFFFFFF5555555555555556E
:104210005557FFFFFFFFFFFFFFFFFFFFFFFFFFFF00
:10422000FFD5555555555555555FFFFFFFFFFFFF0E
:10423000FFFFFFFFFFFFFFFF5555555555555555DE
:1042400057FFFFFFFFFFFFFFFFFFFFFFFFFFFFFF26
:10425000FFFFFFFFFFFFFFFFFFFFFFFFFFFFFFFF6E
:10426000FD55555555555555555555555555555556
:1042700055555555555555555FFFFFFFFFFFFFFF3E
:10428000FFFFFFFFFFFFFFFFFFFFFFFFFFFFFFFF3E
:10429000FFFFFFFFFFFFFFFFFFFFFFFD5540000097
:1042A000000000000000000000000000000000000E
:1042B000000001557FFFFFFFFFFFFFFFFFFFFFFF34
:1042C000FFFFFFFFFFFFFFFFFFFFFFFFFFFFFFF508
:1042D00055555555555555557FFFFFFFFFFFFFFFBE
:1042E000FFFFFFFFFFFFFFFF55555555555555552E
:1042F000555FFFFFFFFFFFFFFFFFFFFFFFFFFFFF18
:10430000555555555555555555555555555555555D
:104310005555555555555555555555557FFFFFFF25
:10432000FFFFFFFFFFFFFFFFFFFFFFFFFFF55555FB
:104330005555555555557FFFFFFFFFFFFFD5555587
:1043400055555555555555555555555555557FFF49
:10435000FFFFFFFFFFFFFFFFFFFFFFFFF555555575
:10436000555555555557FFFFFFFFFFFFFFFFFFFF57
:10437000FFFFFFFFFFD5555555555555555FFFFFBD
:10438000FFFFFFFFFFFFFFFFFFFFFFFF55555555E5
:104390005555555557FFFFFFFFFFFFFFFFFFFFFF7D
:1043A000FFFFFFFFFFFFFFFFFFFFFFFFFFFFFFFF1D
:1043B000FFFFFFFFFD55555555555555555555555D
:1043C0005555555555555555555555555FFFFFFF95
:1043D000FFFFFFFFFFFFFFFFFFFFFFFFFFFFFFFFED
:1043E000FFFFFFFFFFFFFFFFFFFFFFFFFFFFFFFDDF
:1043F0005540000000000000000000000000000028
:1044000000000000000001557FFFFFFFFFFFFFFFDE
:10441000FFFFFFFFFFFFFFFFFFFFFFFFFFFFFFFFAC
:10442000FFFFFFF555555555555555557FFFFFFF76
:10443000FFFFFFFFFFFFFFFFFFFFFFFD5555555536
:1044400055555555555FFFFFFFFFFFFFFFFFFFFF6E
:10445000FFFFFFFF55555555555555555555555564
:1044600055555555555555555555555555555555FC
:104470005FFFFFFFFFFFFFFFFFFFFFFFFFFFFFFFEC
:10448000FFF555555555555555557FFFFFFFFFFF16
:10449000FFD55555555555555555555555555555A2
:1044A00055557FFFFFFFFFFFFFFFFFFFFFFFFFFFF0
:1044B000F5555555555555555557FFFFFFFFFFFF0E
:1044C000FFFFFFFFFFFFFFFFFFD555555555555522
:1044D000555FFFFFFFFFFFFFFFFFFFFFFFFFFFFF36
:1044E000555555555555555557FFFFFFFFFFFFFFD4
:1044F000FFFFFFFFFFFFFFFFFFFFFFFFFFFFFFFFCC
:10450000FFFFFFFFFFFFFFFFFD5555555555555563
:10451000555FFFFFFFFFFFD555555555555555556F
:1045200057FFFFFFFFFFFFFFFFFFFFFFFFFFFFFF43
:10453000FFFFFFFFFFFFFFFFFFFFFFFFFFFFFFFF8B
:10454000FFFFFFFD554000000000000000000000DC
:104550000000000000000000000001557FFFFFFF89
:10456000FFFFFFFFFFFFFFFFFFFFFFFFFFFFFFFF5B
:10457000FFFFFFFFFFFFFFF55555555555555555A5
:104580007FFFFFFFFFFFFFFFFFFFFFFFFFFFFFFDBD
:104590005555555555555555557FFFFFFFFFFFFFA5
:1045A000FFFFFFFFFFFFFFFF55555555555555556B
:1045B00055555555555555555555555555555555AB
:1045C000555555555FFFFFFFFFFFFFFFFFFFFFFF43
:1045D000FFFFFFFFFFF555555555555555557FFFC5
:1045E000FFFFFFFFFFF55555555555555555555589
:1045F0005555555555557FFFFFFFFFFFFFFFFFFF47
:10460000FFFFFFFFFD555555555555555555FFFFB6
:10461000FFFFFFFFFFFFFFFFFFFFFFFFFFD5555528
:1046200055555555555FFFFFFFFFFFFFFFFFFFFF8C
:10463000FFFFFFFF555555555555555557FFFFFF82
:10464000FFFFFFFFFFFFFFFFFFFFFFFFFFFFFFFF7A
:10465000FFFFFFFFFFFFFFFFFFFFFFFFFD5555556A
:1046600055555555555FFFFFFFFFFFD5555555551E
:104670005555555555FFFFFFFFFFFFFFFFFFFFFF9C
:10468000FFFFFFFFFFFFFFFFFFFFFFFFFFFFFFFF3A
:10469000FFFFFFFFFFFFFFFD55400000000000008F
:1046A00000000000000000000000000000000155B4
:1046B0005FFFFFFFFFFFFFFFFFFFFFFFFFFFFFFFAA
:1046C000FFFFFFFFFFFFFFFFFFFFFFF555555555AC
:1046D000555555557FFFFFFFFFFFFFFFFFFFFFFF12
:1046E000FFFFFFF55555555555555555557FFFFF5E
:1046F000FFFFFFFFFFFFFFFFFFFFFFFD5555555574
:104700005555555555555555555555555555555559
:1047100055555555555555555FFFFFFFFFFFFFFF99
:10472000FFFFFFFFFFFFFFFFFFF55555555555559F
:1047300055557FFFFFFFFFFFFFFD5555555555555B
:10474000555555555555555555557FFFFFFFFFFF9D
:10475000FFFFFFFFFFFFFFFFFD5555555555555511
:104760005555FFFFFFFFFFFFFFFFFFFFFFFFFFFFAD
:10477000FFD5555555555555555FFFFFFFFFFFFFB9
:10478000FFFFFFFFFFFFFFFF555555555555555589
:1047900057FFFFFFFFFFFFFFFFFFFFFFFFFFFFFFD1
:1047A000FFFFFFFFFFFFFFFFFFFFFFFFFFFFFFFF19
:1047B000FD55555555555555555FFFFFFFFFFFF505
:1047C000555555555555555555FFFFFFFFFFFFFFF3
:1047D000FFFFFFFFFFFFFFFFFFFFFFFFFFFFFFFFE9
:1047E000FFFFFFFFFFFFFFFFFFFFFFF5554000004A
:1047F00000000000000000000000000000000000B9
:10480000000000555FFFFFFFFFFFFFFFFFFFFFFFFF
:10481000FFFFFFFFFFFFFFFFFFFFFFFFFFFFFFF5B2
:1048200055555555555555557FFFFFFFFFFFFFFF68
:10483000FFFFFFFFFFFFFFD5555555555555555502
:10484000557FFFFFFFFFFFFFFFFFFFFFFFFFFFFDA4
:104850005555555555555555555555555555555508
:1048600055555555555555555555555557FFFFFFF8
:10487000FFFFFFFFFFFFFFFFFFFFFFFFFFF55555A6
:104880005555555555557FFFFFFFFFFFFFFD55550A
:1048900055555555555555555555555555557FFFF4
:1048A000FFFFFFFFFFFFFFFFFFFFFFFFFD55555518
:1048B000555555555555FFFFFFFFFFFFFFFFFFFF04
:1048C000FFFFFFFFFFD5555555555555555FFFFF68
:1048D000FFFFFFFFFFFFFFFFFFFFFFFF5555555590
:1048E0005555555557FFFFFFFFFFFFFFFFFFFFFF28
:1048F000FFFFFFFFFFFFFFFFFFFFFFFFFFFFFFFFC8
:10490000FFFFFFFFFD55555555555555555FFFFFA9
:10491000FFFFFFF55555555555555555557FFFFF2B
:10492000FFFFFFFFFFFFFFFFFFFFFFFFFFFFFFFF97
:10493000FFFFFFFFFFFFFFFFFFFFFFFFFFFFFFF591
:104940005500000000000000000000000000000012
:1049500000000000000000555FFFFFFFFFFFFFFFAA
:10496000FFFFFFFFFFFFFFFFFFFFFFFFFFFFFFFF57
:10497000FFFFFFF555555555555555557FFFFFFF21
:10498000FFFFFFFFFFFFFFFFFFFFFFD55555555509
:104990005555555555FFFFFFFFFFFFFFFFFFFFFF79
:1049A000FFFFFFFD55555555555555555555555511
:1049B00055555555555555555555555555555555A7
:1049C00057FFFFFFFFFFFFFFFFFFFFFFFFFFFFFF9F
:1049D000FFF555555555555555557FFFFFFFFFFFC1
:1049E000FFFF555555555555555555555555555523
:1049F00055557FFFFFFFFFFFFFFFFFFFFFFFFFFF9B
:104A0000FD5555555555555555557FFFFFFFFFFF32
:104A1000FFFFFFFFFFFFFFFFFFD5555555555555CC
:104A2000555FFFFFFFFFFFFFFFFFFFFFFFFFFFFFE0
:104A3000555555555555555557FFFFFFFFFFFFFF7E
:104A4000FFFFFFFFFFFFFFFFFFFFFFFFFFFFFFFF76
:104A5000FFFFFFFFFFFFFFFFFD555555555555550E
:104A6000555FFFFFFFFFFFFD5555555555555555F2
:104A7000557FFFFFFFFFFFFFFFFFFFFFFFFFFFFF70
:104A8000FFFFFFFFFFFFFFFFFFFFFFFFFFFFFFFF36
:104A9000FFFFFFF5550000000000000000000000CF
:104AA00000000000000000000000005557FFFFFF5D
:104AB000FFFFFFFFFFFFFFFFFFFFFFFFFFFFFFFF06
:104AC000FFFFFFFFFFFFFFF5555555555555555550
:104AD0007FFFFFFFFFFFFFFFFFFFFFFFFFFFFF5510
:104AE000555555555555555555FFFFFFFFFFFFFFD0
:104AF000FFFFFFFFFFFFFFF5555555555555555520
:104B00005555555555555555555555555555555555
:104B10005555555557FFFFFFFFFFFFFFFFFFFFFFF5
:104B2000FFFFFFFFFFF555555555555555557FFF6F
:104B3000FFFFFFFFFFFFD5555555555555555555A9
:104B40005555555555557FFFFFFFFFFFFFFFFFFFF1
:104B5000FFFFFFFFFF5555555555555555557FFFDF
:104B6000FFFFFFFFFFFFFFFFFFFFFFFFFFD55555D3
:104B700055555555555FFFFFFFFFFFFFFFFFFFFF37
:104B8000FFFFFFFF555555555555555557FFFFFF2D
:104B9000FFFFFFFFFFFFFFFFFFFFFFFFFFFFFFFF25
:104BA000FFFFFFFFFFFFFFFFFFFFFFFFFD55555515
:104BB00055555555555FFFFFFFFFFFFD55555555A1
:104BC00055555555555FFFFFFFFFFFFFFFFFFFFFE7
:104BD000FFFFFFFFFFFFFFFFFFFFFFFFFFFFFFFFE5
:104BE000FFFFFFFFFFFFFFD55500000000000000A2
:104BF00000000000000000000000000000000015A0
:104C000057FFFFFFFFFFFFFFFFFFFFFFFFFFFFFF5C
:104C1000FFFFFFFFFFFFFFFFFFFFFFF55555555556
:104C2000555555557FFFFFFFFFFFFFFFFFFFFFFFBC
:104C3000FFFFFD55555555555555555555FFFFFF2A
:104C4000FFFFFFFFFFFFFFFFFFFFFFF55555555526
:104C50005555555555555555555555555555555504
:104C6000555555555555555555FFFFFFFFFFFFFF4E
:104C7000FFFFFFFFFFFFFFFFFFF55555555555554A
:104C800055557FFFFFFFFFFFFFFFF5555555555564
:104C9000555555555555555555557FFFFFFFFFFF48
:104CA000FFFFFFFFFFFFFFFFFF55555555555555BA
:104CB00055555FFFFFFFFFFFFFFFFFFFFFFFFFFFF8
:104CC000FFD5555555555555555FFFFFFFFFFFFF64
:104CD000FFFFFFFFFFFFFFFF555555555555555534
:104CE00057FFFFFFFFFFFFFFFFFFFFFFFFFFFFFF7C
:104CF000FFFFFFFFFFFFFFFFFFFFFFFFFFFFFFFFC4
:104D0000FD55555555555555555FFFFFFFFFFFFFA5
:104D10005555555555555555555FFFFFFFFFFFFF3D
:104D2000FFFFFFFFFFFFFFFFFFFFFFFFFFFFFFFF93
:104D3000FFFFFFFFFFFFFFFFFFFFFFD55400000055
:104D40000000000000000000000000000000000063
:104D50000000001557FFFFFFFFFFFFFFFFFFFFFFF2
:104D6000FFFFFFFFFFFFFFFFFFFFFFFFFFFFFFF55D
:104D700055555555555555557FFFFFFFFFFFFFFF13
:104D8000FFFFFFFFFFFFF555555555555555555537
:104D900057FFFFFFFFFFFFFFFFFFFFFFFFFFFFD5F5
:104DA00055555555555555555555555555555555B3
:104DB00055555555555555555555555555FFFFFFA5
:104DC000FFFFFFFFFFFFFFFFFFFFFFFFFFF5555551
:104DD0005555555555557FFFFFFFFFFFFFFFF55513
:104DE00055555555555555555555555555557FFF9F
:104DF000FFFFFFFFFFFFFFFFFFFFFFFFFF555555C1
:104E00005555555555555FFFFFFFFFFFFFFFFFFF4E
:104E1000FFFFFFFFFFD5555555555555555FFFFF12
:104E2000FFFFFFFFFFFFFFFFFFFFFFFF555555553A
:104E30005555555557FFFFFFFFFFFFFFFFFFFFFFD2
:104E4000FFFFFFFFFFFFFFFFFFFFFFFFFFFFFFFF72
:104E5000FFFFFFFFFD55555555555555555FFFFF54
:104E6000FFFFFFFFD5555555555555555557FFFF74
:104E7000FFFFFFFFFFFFFFFFFFFFFFFFFFFFFFFF42
:104E8000FFFFFFFFFFFFFFFFFFFFFFFFFFFFFFD55C
:104E900054000000000000000000000000000000BE
:104EA000000000000000001555FFFFFFFFFFFFFF9F
:104EB000FFFFFFFFFFFFFFFFFFFFFFFFFFFFFFFF02
:104EC000FFFFFFF555555555555555557FFFFFFFCC
:104ED000FFFFFFFFFFFFFFFFFFFFD555555555555E
:104EE0005555555557FFFFFFFFFFFFFFFFFFFFFF22
:104EF000FFFFFFD5555555555555555555555555E4
:104F00005555555555555555555555555555555551
:104F100055FFFFFFFFFFFFFFFFFFFFFFFFFFFFFF4B
:104F2000FFF555555555555555557FFFFFFFFFFF6B
:104F3000FFFFFD5555555555555555555555555525
:104F400055557FFFFFFFFFFFFFFFFFFFFFFFFFFF45
:104F5000FFD5555555555555555557FFFFFFFFFF83
:104F6000FFFFFFFFFFFFFFFFFFD555555555555577
:104F7000555FFFFFFFFFFFFFFFFFFFFFFFFFFFFF8B
:104F8000555555555555555557FFFFFFFFFFFFFF29
:104F9000FFFFFFFFFFFFFFFFFFFFFFFFFFFFFFFF21
:104FA000FFFFFFFFFFFFFFFFFD55555555555555B9
:104FB000555FFFFFFFFFFFFFD5555555555555551B
:104FC0005555FFFFFFFFFFFFFFFFFFFFFFFFFFFF45
:104FD000FFFFFFFFFFFFFFFFFFFFFFFFFFFFFFFFE1
:104FE000FFFFFF555400000000000000000000001B
:104FF00000000000000000000000000555FFFFFF5A
:10500000FFFFFFFFFFFFFFFFFFFFFFFFFFFFFFFFB0
:10501000FFFFFFFFFFFFFFF55555555555555555FA
:105020007FFFFFFFFFFFFFFFFFFFFFFFFFFF555564
:10503000555555555555555557FFFFFFFFFFFFFF78
:10504000FFFFFFFFFFFFFFD55555555555555555EA
:105050005555555555555555555555555555555500
:1050600055555555557FFFFFFFFFFFFFFFFFFFFF22
:10507000FFFFFFFFFFF555555555555555557FFF1A
:10508000FFFFFFFFFFFFFF5555555555555555552A
:105090005555555555557FFFFFFFFFFFFFFFFFFF9C
:1050A000FFFFFFFFFFD5555555555555555555FF34
:1050B000FFFFFFFFFFFFFFFFFFFFFFFFFFD555557E
:1050C00055555555555FFFFFFFFFFFFFFFFFFFFFE2
:1050D000FFFFFFFF555555555555555557FFFFFFD8
:1050E000FFFFFFFFFFFFFFFFFFFFFFFFFFFFFFFFD0
:1050F000FFFFFFFFFFFFFFFFFFFFFFFFFD555555C0
:1051000055555555555FFFFFFFFFFFFFF5555555A9
:10511000555555555555FFFFFFFFFFFFFFFFFFFF9B
:10512000FFFFFFFFFFFFFFFFFFFFFFFFFFFFFFFF8F
:10513000FFFFFFFFFFFFFF555000000000000000D1
:10514000000000000000000000000000000000055A
:1051500055FFFFFFFFFFFFFFFFFFFFFFFFFFFFFF09
:10516000FFFFFFFFFFFFFFFFFFFFFFF55555555501
:10517000555555557FFFFFFFFFFFFFFFFFFFFFFF67
:10518000FFFD555555555555555555555FFFFFFF75
:10519000FFFFFFFFFFFFFFFFFFFFFF555555555571
:1051A00055555555555555555555555555555555AF
:1051B0005555555555555555557FFFFFFFFFFFFF79
:1051C000FFFFFFFFFFFFFFFFFFF5555555555555F5
:1051D00055557FFFFFFFFFFFFFFFFF555555555505
:1051E000555555555555555555557FFFFFFFFFFFF3
:1051F000FFFFFFFFFFFFFFFFFFD5555555555555E5
:10520000555555FFFFFFFFFFFFFFFFFFFFFFFFFFAC
:10521000FFD5555555555555555FFFFFFFFFFFFF0E
:10522000FFFFFFFFFFFFFFFF5555555555555555DE
:1052300057FFFFFFFFFFFFFFFFFFFFFFFFFFFFFF26
:10524000FFFFFFFFFFFFFFFFFFFFFFFFFFFFFFFF6E
:10525000FD55555555555555555FFFFFFFFFFFFF50
:10526000F55555555555555555557FFFFFFFFFFFD2
:10527000FFFFFFFFFFFFFFFFFFFFFFFFFFFFFFFF3E
:10528000FFFFFFFFFFFFFFFFFFFFFF555000000084
:10529000000000000000000000000000000000000E
:1052A00000000005557FFFFFFFFFFFFFFFFFFFFF2F
:1052B000FFFFFFFFFFFFFFFFFFFFFFFFFFFFFFF508
:1052C00055555555555555557FFFFFFFFFFFFFFFBE
:1052D000FFFFFFFFFFF5555555555555555555558C
:1052E0005FFFFFFFFFFFFFFFFFFFFFFFFFFFFF5518
:1052F000555555555555555555555555555555555E
:10530000555555555555555555555555555FFFFFEF
:10531000FFFFFFFFFFFFFFFFFFFFFFFFFFF55555FB
:105320005555555555557FFFFFFFFFFFFFFFFFD533
:1053300055555555555555555555555555557FFF49
:10534000FFFFFFFFFFFFFFFFFFFFFFFFFFF55555CB
:10535000555555555555557FFFFFFFFFFFFFFFFF83
:10536000FFFFFFFFFFD5555555555555555FFFFFBD
:10537000FFFFFFFFFFFFFFFFFFFFFFFF55555555E5
:105380005555555557FFFFFFFFFFFFFFFFFFFFFF7D
:10539000FFFFFFFFFFFFFFFFFFFFFFFFFFFFFFFF1D
:1053A000FFFFFFFFFD55555555555555555FFFFFFF
:1053B000FFFFFFFFFD5555555555555555557FFF79
:1053C000FFFFFFFFFFFFFFFFFFFFFFFFFFFFFFFFED
:1053D000FFFFFFFFFFFFFFFFFFFFFFFFFFFFFD5589
:1053E000500000000000000000000000000000006D
:1053F0000000000000000001557FFFFFFFFFFFFFDE
:10540000FFFFFFFFFFFFFFFFFFFFFFFFFFFFFFFFAC
:10541000FFFFFFF555555555555555557FFFFFFF76
:10542000FFFFFFFFFFFFFFFFFFD5555555555555B2
:10543000555555557FFFFFFFFFFFFFFFFFFFFFFFA4
:10544000FFFFFF555555555555555555555555550E
:1054500055555555555555555555555555555555FC
:10546000555FFFFFFFFFFFFFFFFFFFFFFFFFFFFF96
:10547000FFF555555555555555557FFFFFFFFFFF16
:10548000FFFFFFF55555555555555555555555552E
:1054900055557FFFFFFFFFFFFFFFFFFFFFFFFFFFF0
:1054A000FFF55555555555555555555FFFFFFFFFB0
:1054B000FFFFFFFFFFFFFFFFFFD555555555555522
:1054C000555FFFFFFFFFFFFFFFFFFFFFFFFFFFFF36
:1054D000555555555555555557FFFFFFFFFFFFFFD4
:1054E000FFFFFFFFFFFFFFFFFFFFFFFFFFFFFFFFCC
:1054F000FFFFFFFFFFFFFFFFFD5555555555555564
:10550000555FFFFFFFFFFFFFFD555555555555559D
:1055100055555FFFFFFFFFFFFFFFFFFFFFFFFFFF8F
:10552000FFFFFFFFFFFFFFFFFFFFFFFFFFFFFFFF8B
:10553000FFFFFD55400000000000000000000000DB
:10554000000000000000000000000001557FFFFF88
:10555000FFFFFFFFFFFFFFFFFFFFFFFFFFFFFFFF5B
:10556000FFFFFFFFFFFFFFF55555555555555555A5
:105570007FFFFFFFFFFFFFFFFFFFFFFFFF555555B9
:1055800055555555555555557FFFFFFFFFFFFFFFFB
:10559000FFFFFFFFFFFFFD55555555555555555517
:1055A00055555555555555555555555555555555AB
:1055B00055555555555FFFFFFFFFFFFFFFFFFFFFED
:1055C000FFFFFFFFFFF555555555555555557FFFC5
:1055D000FFFFFFFFFFFFFFF5555555555555555535
:1055E0005555555555557FFFFFFFFFFFFFFFFFFF47
:1055F000FFFFFFFFFFF55555555555555555555F5F
:10560000FFFFFFFFFFFFFFFFFFFFFFFFFFD5555528
:1056100055555555555FFFFFFFFFFFFFFFFFFFFF8C
:10562000FFFFFFFF555555555555555557FFFFFF82
:10563000FFFFFFFFFFFFFFFFFFFFFFFFFFFFFFFF7A
:10564000FFFFFFFFFFFFFFFFFFFFFFFFFD5555556A
:1056500055555555555FFFFFFFFFFFFFFF5555554A
:105660005555555555555FFFFFFFFFFFFFFFFFFFE6
:10567000FFFFFFFFFFFFFFFFFFFFFFFFFFFFFFFF3A
:10568000FFFFFFFFFFFFFD5540000000000000008E
:105690000000000000000000000000000000000109
:1056A000555FFFFFFFFFFFFFFFFFFFFFFFFFFFFF54
:1056B000FFFFFFFFFFFFFFFFFFFFFFF555555555AC
:1056C000555555557FFFFFFFFFFFFFFFFFFFFFFF12
:1056D000FD5555555555555555555555FFFFFFFF2A
:1056E000FFFFFFFFFFFFFFFFFFFFFD55555555551E
:1056F000555555555555555555555555555555555A
:1057000055555555555555555557FFFFFFFFFFFF4B
:10571000FFFFFFFFFFFFFFFFFFF55555555555559F
:1057200055557FFFFFFFFFFFFFFFFFFD5555555507
:10573000555555555555555555557FFFFFFFFFFF9D
:10574000FFFFFFFFFFFFFFFFFFFD55555555555567
:1057500055555557FFFFFFFFFFFFFFFFFFFFFFFFFF
:10576000FF55555555555555555FFFFFFFFFFFFF39
:10577000FFFFFFFFFFFFFFFF555555555555555589
:1057800057FFFFFFFFFFFFFFFFFFFFFFFFFFFFFFD1
:10579000FFFFFFFFFFFFFFFFFFFFFFFFFFFFFFFF19
:1057A000FD55555555555555555FFFFFFFFFFFFFFB
:1057B000FF55555555555555555557FFFFFFFFFF9B
:1057C000FFFFFFFFFFFFFFFFFFFFFFFFFFFFFFFFE9
:1057D000FFFFFFFFFFFFFFFFFFFFF5554000000049
:1057E00000000000000000000000000000000000B9
:1057F00000000000555FFFFFFFFFFFFFFFFFFFFFFF
:10580000FFFFFFFFFFFFFFFFFFFFFFFFFFFFFFF5B2
:1058100055555555555555557FFFFFFFFFFFFFFF68
:10582000FFFFFFFFD5555555555555555555555500
:10583000FFFFFFFFFFFFFFFFFFFFFFFFFFFFF5552C
:105840005555555555555555555555555555555508
:105850005555555555555555555555555557FFFFA2
:10586000FFFFFFFFFFFFFFFFFFFFFFFFFFF55555A6
:105870005555555555557FFFFFFFFFFFFFFFFFFFB4
:1058800055555555555555555555555555557FFFF4
:10589000FFFFFFFFFFFFFFFFFFFFFFFFFFFD55556E
:1058A0005555555555555555FFFFFFFFFFFFFFFF58
:1058B000FFFFFFFFFD55555555555555555FFFFFEA
:1058C000FFFFFFFFFFFFFFFFFFFFFFFF5555555590
:1058D0005555555557FFFFFFFFFFFFFFFFFFFFFF28
:1058E000FFFFFFFFFFFFFFFFFFFFFFFFFFFFFFFFC8
:1058F000FFFFFFFFFD55555555555555555FFFFFAA
:10590000FFFFFFFFFFD5555555555555555555FFCB
:10591000FFFFFFFFFFFFFFFFFFFFFFFFFFFFFFFF97
:10592000FFFFFFFFFFFFFFFFFFFFFFFFFFFFF5553B
:105930000000000000000000000000000000000067
:1059400000000000000000005557FFFFFFFFFFFFB1
:10595000FFFFFFFFFFFFFFFFFFFFFFFFFFFFFFFF57
:10596000FFFFFFF555555555555555557FFFFFFF21
:10597000FFFFFFFFFFFFFFFD555555555555555589
:1059800055555557FFFFFFFFFFFFFFFFFFFFFFFFCD
:10599000FFFFF555555555555555555555555555C3
:1059A00055555555555555555555555555555555A7
:1059B0005557FFFFFFFFFFFFFFFFFFFFFFFFFFFF49
:1059C000FFF555555555555555557FFFFFFFFFFFC1
:1059D000FFFFFFFF555555555555555555555555CF
:1059E00055557FFFFFFFFFFFFFFFFFFFFFFFFFFF9B
:1059F000FFFF555555555555555555557FFFFFFFDB
:105A0000FFFFFFFFFFFFFFFFF55555555555555556
:105A1000555FFFFFFFFFFFFFFFFFFFFFFFFFFFFFE0
:105A2000555555555555555557FFFFFFFFFFFFFF7E
:105A3000FFFFFFFFFFFFFFFFFFFFFFFFFFFFFFFF76
:105A4000FFFFFFFFFFFFFFFFFD555555555555550E
:105A5000555FFFFFFFFFFFFFFFD5555555555555C6
:105A6000555555FFFFFFFFFFFFFFFFFFFFFFFFFF44
:105A7000FFFFFFFFFFFFFFFFFFFFFFFFFFFFFFFF36
:105A8000FFFFD555000000000000000000000000EE
:105A90000000000000000000000000009557FFFF1C
:105AA000FFFFFFFFFFFFFFFFFFFFFFFFFFFFFFFF06
:105AB000FFFFFFFFFFFFFFF5555555555555555550
:105AC0007FFFFFFFFFFFFFFFFFFFFFD55555555538
:105AD0005555555555555557FFFFFFFFFFFFFFFF24
:105AE000FFFFFFFFFFFFF5555555555555555555CA
:105AF0005555555555555555555555555555555556
:105B0000555555555555FFFFFFFFFFFFFFFFFFFFA1
:105B1000FFFFFFFFFFF555555555555555557FFF6F
:105B2000FFFFFFFFFFFFFFFFD55555555555555555
:105B30005555555555557FFFFFFFFFFFFFFFFFFFF1
:105B4000FFFFFFFFFFFF5555555555555555555509
:105B50005FFFFFFFFFFFFFFFFFFFFFFFD55555551D
:105B600055555555555FFFFFFFFFFFFFFFFFFFFF37
:105B7000FFFFFFFF555555555555555557FFFFFF2D
:105B8000FFFFFFFFFFFFFFFFFFFFFFFFFFFFFFFF25
:105B9000FFFFFFFFFFFFFFFFFFFFFFFFFD55555515
:105BA00055555555555FFFFFFFFFFFFFFFF5555555
:105BB000555555555555557FFFFFFFFFFFFFFFFF1B
:105BC000FFFFFFFFFFFFFFFFFFFFFFFFFFFFFFFFE5
:105BD000FFFFFFFFFFFFD5560000000000000000A0
:105BE00000000000000000000000000000000000B5
:105BF0001555FFFFFFFFFFFFFFFFFFFFFFFFFFFF49
:105C0000FFFFFFFFFFFFFFFFFFFFFFF55555555556
:105C1000555555557FFFFFFFFFFFFFFFFFFFFD5568
:105C200055555555555555555555555FFFFFFFFF72
:105C3000FFFFFFFFFFFFFFFFFFFFD55555555555F0
:105C40005555555555555555555555555555555504
:105C500055555555555555555555FFFFFFFFFFFFF8
:105C6000FFFFFFFFFFFFFFFFFFF55555555555554A
:105C700055557FFFFFFFFFFFFFFFFFFFF555555510
:105C8000555555555555555555557FFFFFFFFFFF48
:105C9000FFFFFFFFFFFFFFFFFFFFD5555555555590
:105CA0005555555557FFFFFFFFFFFFFFFFFFFFFF54
:105CB0005555555555555555555FFFFFFFFFFFFF8E
:105CC000FFFFFFFFFFFFFFFF555555555555555534
:105CD00057FFFFFFFFFFFFFFFFFFFFFFFFFFFFFF7C
:105CE000FFFFFFFFFFFFFFFFFFFFFFFFFFFFFFFFC4
:105CF000FD55555555555555555FFFFFFFFFFFFFA6
:105D0000FFF55555555555555555557FFFFFFFFF27
:105D1000FFFFFFFFFFFFFFFFFFFFFFFFFFFFFFFF93
:105D2000FFFFFFFFFFFFFFFFFFFF95540000000094
:105D30000000000000000000000000000000000063
:105D4000000000001555FFFFFFFFFFFFFFFFFFFFF3
:105D5000FFFFFFFFFFFFFFFFFFFFFFFFFFFFFFF55D
:105D600055555555555555557FFFFFFFFFFFFFFF13
:105D7000FFFFD55555555555555555555555555FF5
:105D8000FFFFFFFFFFFFFFFFFFFFFFFFFFFFD555F7
:105D900055555555555555555555555555555555B3
:105DA00055555555555555555555555555557FFFCF
:105DB000FFFFFFFFFFFFFFFFFFFFFFFFFFF5555551
:105DC0005555555555557FFFFFFFFFFFFFFFFFFF5F
:105DD000F5555555555555555555555555557FFFFF
:105DE000FFFFFFFFFFFFFFFFFFFFFFFFFFFFD55597
:105DF0005555555555555555557FFFFFFFFFFFFF2D
:105E0000FFFFFFFD5555555555555555555FFFFF3E
:105E1000FFFFFFFFFFFFFFFFFFFFFFFF555555553A
:105E20005555555557FFFFFFFFFFFFFFFFFFFFFFD2
:105E3000FFFFFFFFFFFFFFFFFFFFFFFFFFFFFFFF72
:105E4000FFFFFFFFFD55555555555555555FFFFF54
:105E5000FFFFFFFFFFFD5555555555555555555FEE
:105E6000FFFFFFFFFFFFFFFFFFFFFFFFFFFFFFFF42
:105E7000FFFFFFFFFFFFFFFFFFFFFFFFFFFF555487
:105E80000000000000000000000000000000000012
:105E900000000000000000000555BFFFFFFFFFFFEE
:105EA000FFFFFFFFFFFFFFFFFFFFFFFFFFFFFFFF02
:105EB000FFFFFFF555555555555555557FFFFFFFCC
:105EC000FFFFFFFFFFF55555555555555555555590
:105ED0005555557FFFFFFFFFFFFFFFFFFFFFFFFF50
:105EE000FFFFD5555555555555555555555555558E
:105EF0005555555555555555555555555555555552
:105F000055557FFFFFFFFFFFFFFFFFFFFFFFFFFF75
:105F1000FFF555555555555555557FFFFFFFFFFF6B
:105F2000FFFFFFFFFD5555555555555555555555D1
:105F300055557FFFFFFFFFFFFFFFFFFFFFFFFFFF45
:105F4000FFFFF5555555555555555555555FFFFFAF
:105F5000FFFFFFFFFFFFFFD55555555555555555CB
:105F6000555FFFFFFFFFFFFFFFFFFFFFFFFFFFFF8B
:105F7000555555555555555557FFFFFFFFFFFFFF29
:105F8000FFFFFFFFFFFFFFFFFFFFFFFFFFFFFFFF21
:105F9000FFFFFFFFFFFFFFFFFD55555555555555B9
:105FA000555FFFFFFFFFFFFFFFFD55555555555549
:105FB0005555555FFFFFFFFFFFFFFFFFFFFFFFFF8F
:105FC000FFFFFFFFFFFFFFFFFFFFFFFFFFFFFFFFE1
:105FD000FFFE55500000000000000000000000001F
:105FE00000000000000000000000000005557FFFD9
:105FF000FFFFFFFFFFFFFFFFFFFFFFFFFFFFFFFFB1
:10600000FFFFFFFFFFFFFFF55555555555555555FA
:106010007FFFFFFFFFFFFFFFF555555555555555C0
:1060200055555555555555FFFFFFFFFFFFFFFFFF26
:10603000FFFFFFFFFFFF555555555555555555FF6A
:10604000FFFFFFFFFFFFFFFFFFFFFFFFFFD55555DE
:106050005555555555557FFFFFFFFFFFFFFFFFFFCC
:10606000FFFFFFFFFFF555555555555555557FFF1A
:10607000FFFFFFFFFFFFFFFFFF55555555555555D6
:106080005555555555557FFFFFFFFFFFFFFFFFFF9C
:10609000FFFFFFFFFFFFF555555555555555555514
:1060A0005555FFFFFFFFFFFFFFFFFD5555555555A8
:1060B00055555555555FFFFFFFFFFFFFFFFFFFFFE2
:1060C000FFFFFFFF555555555555555557FFFFFFD8
:1060D000FFFFFFFFFFFFFFFFFFFFFFFFFFFFFFFFD0
:1060E000FFFFFFFFFFFFFFFFFFFFFFFFFD555555C0
:1060F00055555555555FFFFFFFFFFFFFFFFF5555F6
:106100005555555555555557FFFFFFFFFFFFFFFFED
:10611000FFFFFFFFFFFFFFFFFFFFFFFFFFFFFFFF8F
:10612000FFFFFFFFFFFD55500000000000000000D2
:10613000000000000000000000000000000000005F
:1061400001555FFFFFFFFFFFFFFFFFFFFFFFFFFFA7
:10615000FFFFFFFFFFFFFFFFFFFFFFF55555555501
:10616000555555557FFFFFFFFFFFFD5555555555BB
:106170005555555555555555555555FFFFFFFFFF7D
:10618000FFFFFFFFFFFFFFFFFFFF5555555555551B
:10619000555555FFFFFFFFFFFFFFFFFFFFFFFFFF0D
:1061A000FFD555555555555555555FFFFFFFFFFF19
:1061B000FFFFFFFFFFFFFFFFFFF5555555555555F5
:1061C00055557FFFFFFFFFFFFFFFFFFFFF555555B1
:1061D000555555555555555555557FFFFFFFFFFFF3
:1061E000FFFFFFFFFFFFFFFFFFFFFD555555555513
:1061F0005555555555555FFFFFFFFFFFFFFFD5551F
:106200005555555555555555555FFFFFFFFFFFFF38
:10621000FFFFFFFFFFFFFFFF5555555555555555DE
:1062200057FFFFFFFFFFFFFFFFFFFFFFFFFFFFFF26
:10623000FFFFFFFFFFFFFFFFFFFFFFFFFFFFFFFF6E
:10624000FD55555555555555555FFFFFFFFFFFFF50
:10625000FFFF55555555555555555555FFFFFFFFF2
:10626000FFFFFFFFFFFFFFFFFFFFFFFFFFFFFFFF3E
:10627000FFFFFFFFFFFFFFFFFFF55540000000009D
:10628000000000000000000000000000000000000E
:106290000000000001555FFFFFFFFFFFFFFFFFFF52
:1062A000FFFFFFFFFFFFFFFFFFFFFFFFFFFFFFF508
:1062B000555555555555555555555555555555558E
:1062C000555555555555555555555555555557FFD2
:1062D000FFFFFFFFFFFFFFFFFFFFFFFFFFFF555522
:1062E00055555555555555FFFFFFFFFFFFFFFFFF64
:1062F000FFFFFFFFFFF555555555555555555FFFA8
:10630000FFFFFFFFFFFFFFFFFFFFFFFFFFF55555FB
:106310005555555555557FFFFFFFFFFFFFFFFFFF09
:10632000FFD55555555555555555555555557FFF1F
:10633000FFFFFFFFFFFFFFFFFFFFFFFFFFFFFD5519
:106340005555555555555555555555FFFFFFFFFFAB
:10635000FFFD55555555555555555555555FFFFF3D
:10636000FFFFFFFFFFFFFFFFFFFFFFFF55555555E5
:106370005555555557FFFFFFFFFFFFFFFFFFFFFF7D
:10638000FFFFFFFFFFFFFFFFFFFFFFFFFFFFFFFF1D
:10639000FFFFFFFFFD55555555555555555FFFFFFF
:1063A000FFFFFFFFFFFFD555555555555555555521
:1063B000FFFFFFFFFFFFFFFFFFFFFFFFFFFFFFFFED
:1063C000FFFFFFFFFFFFFFFFFFFFFFFFFFF5554050
:1063D00000000000000000000000000000000000BD
:1063E0000000000000000000005557FFFFFFFFFF06
:1063F000FFFFFFFFFFFFFFFFFFFFFFFFFFFFFFFFAD
:10640000FFFFFFF55555555555555555555555559E
:10641000555555555555555555555555555555552C
:1064200055555FFFFFFFFFFFFFFFFFFFFFFFFFFF70
:10643000FFFD555555555555555557FFFFFFFFFF66
:10644000FFFFFFFFFFFFFFFFFFF555555555555562
:1064500055555FFFFFFFFFFFFFFFFFFFFFFFFFFF40
:10646000FFF555555555555555557FFFFFFFFFFF16
:10647000FFFFFFFFFFF555555555555555555555DA
:1064800055557FFFFFFFFFFFFFFFFFFFFFFFFFFFF0
:10649000FFFFFF55555555555555555555555555AE
:1064A000FFFFFFFFFD55555555555555555555554C
:1064B000555FFFFFFFFFFFFFFFFFFFFFFFFFFFFF36
:1064C000555555555555555555555555555555557C
:1064D0005555555555555555555555FFFFFFFFFF1A
:1064E000FFFFFFFFFFFFFFFFFD5555555555555564
:1064F000555FFFFFFFFFFFFFFFFFD5555555555572
:10650000555555557FFFFFFFFFFFFFFFFFFFFFFFC3
:10651000FFFFFFFFFFFFFFFFFFFFFFFFFFFFFFFF8B
:10652000FFD5550000000000000000000000000042
:10653000000000000000000000000000005557FFB0
:10654000FFFFFFFFFFFFFFFFFFFFFFFFFFFFFFFF5B
:10655000FFFFFFFFFFFFFFF55555555555555555A5
:1065600055555555555555555555555555555555DB
:106570005555555555555FFFFFFFFFFFFFFFFFFFC7
:10658000FFFFFFFFFFFD555555555555555557FF15
:10659000FFFFFFFFFFFFFFFFFFFFFFFFFFF5555569
:1065A00055555555555557FFFFFFFFFFFFFFFFFF9F
:1065B000FFFFFFFFFFF555555555555555557FFFC5
:1065C000FFFFFFFFFFFFFFFFFFF5555555555555E1
:1065D0005555555555557FFFFFFFFFFFFFFFFFFF47
:1065E000FFFFFFFFFFFFFF555555555555555555B5
:1065F00055555555555FFF55555555555555555597
:1066000055555555555FFFFFFFFFFFFFFFFFFFFF8C
:10661000FFFFFFFF55555555555555555555555582
:10662000555555555555555555555555555555FF70
:10663000FFFFFFFFFFFFFFFFFFFFFFFFFD5555556A
:1066400055555555555FFFFFFFFFFFFFFFFFF55500
:1066500055555555555555557FFFFFFFFFFFFFFF1A
:10666000FFFFFFFFFFFFFFFFFFFFFFFFFFFFFFFF3A
:10667000FFFFFFFFFFD555000000000000000000F5
:10668000000000000000000000000000000000000A
:10669000001555FFFFFFFFFFFFFFFFFFFFFFFFFF9D
:1066A000FFFFFFFFFFFFFFFFFFFFFFF555555555AC
:1066B000555555555555555555555555555555558A
:1066C000555555555555555555557FFFFFFFFFFFFE
:1066D000FFFFFFFFFFFFFFFFFFF5555555555555D0
:1066E000555557FFFFFFFFFFFFFFFFFFFFFFFFFFB6
:1066F000FFFD555555555555555557FFFFFFFFFFA4
:10670000FFFFFFFFFFFFFFFFFFF55555555555559F
:1067100055557FFFFFFFFFFFFFFFFFFFFFFD5555B3
:10672000555555555555555555557FFFFFFFFFFF9D
:10673000FFFFFFFFFFFFFFFFFFFFFFD5555555553B
:1067400055555555555555555555555555555555F9
:106750005555555555555555555FFFFFFFFFFFFFE3
:10676000FFFFFFFFFFFFFFFF555555555555555589
:1067700055555555555555555555555555555555C9
:10678000555555FFFFFFFFFFFFFFFFFFFFFFFFFF17
:10679000FD55555555555555555FFFFFFFFFFFFFFB
:1067A000FFFFF55555555555555555555FFFFFFF9D
:1067B000FFFFFFFFFFFFFFFFFFFFFFFFFFFFFFFFE9
:1067C000FFFFFFFFFFFFFFFFFF5554000000000029
:1067D00000000000000000000000000000000000B9
:1067E00000000000001555FFFFFFFFFFFFFFFFFF48
:1067F000FFFFFFFFFFFFFFFFFFFFFFFFFFFFFFF5B3
:106800005555555555555555555555555555555538
:106810005555555555555555555555555555FFFFD4
:10682000FFFFFFFFFFFFFFFFFFFFFFFFFFF55555D6
:106830005555555555555FFFFFFFFFFFFFFFFFFF04
:10684000FFFFFFFFFFFD555555555555555557FF52
:10685000FFFFFFFFFFFFFFFFFFFFFFFFFFF55555A6
:106860005555555555557FFFFFFFFFFFFFFFFFFFB4
:10687000FFFF5555555555555555555555557FFFA0
:10688000FFFFFFFFFFFFFFFFFFFFFFFFFFFFFFF522
:1068900055555555555555555555555555555555A8
:1068A000555555555555555555555555555FFFFF3A
:1068B000FFFFFFFFFFFFFFFFFFFFFFFF5555555590
:1068C0005555555555555555555555555555555578
:1068D00055555555555555FFFFFFFFFFFFFFFFFF6E
:1068E000FFFFFFFFFD55555555555555555FFFFFAA
:1068F000FFFFFFFFFFFFFD555555555555555555A4
:106900005FFFFFFFFFFFFFFFFFFFFFFFFFFFFFFF37
:10691000FFFFFFFFFFFFFFFFFFFFFFFFFF555400DB
:106920000000000000000000000000000000000067
:1069300000000000000000000005557FFFFFFFFF82
:10694000FFFFFFFFFFFFFFFFFFFFFFFFFFFFFFFF57
:10695000FFFFFFF555555555555555555555555549
:1069600055555555555555555555555555555555D7
:106970005557FFFFFFFFFFFFFFFFFFFFFFFFFFFF79
:10698000FFF555555555555555555FFFFFFFFFFF11
:10699000FFFFFFFFFFFFFFFFFFFD55555555555505
:1069A000555555FFFFFFFFFFFFFFFFFFFFFFFFFFF5
:1069B000FFF555555555555555557FFFFFFFFFFFC1
:1069C000FFFFFFFFFFFF555555555555555555557B
:1069D00055557FFFFFFFFFFFFFFFFFFFFFFFFFFF9B
:1069E000FFFFFFF5555555555555555555555555B9
:1069F0005555555555555555555555555555555547
:106A0000557FFFFFFFFFFFFFFFFFFFFFFFFFFFFFC0
:106A10005555555555555555555555555555555526
:106A20005555555555555555555555FFFFFFFFFFC4
:106A3000FFFFFFFFFFFFFFFFFD555555555555550E
:106A4000555FFFFFFFFFFFFFFFFFFD5555555555F4
:106A50005555555557FFFFFFFFFFFFFFFFFFFFFF96
:106A6000FFFFFFFFFFFFFFFFFFFFFFFFFFFFFFFF36
:106A7000FD55500000000000000000000000000074
:106A80000000000000000000000000000005557F2D
:106A9000FFFFFFFFFFFFFFFFFFFFFFFFFFFFFFFF06
:106AA000FFFFFFFFFFFFFFF5555555555555555550
:106AB0005555555555555555555555555555555586
:106AC000555555555557FFFFFFFFFFFFFFFFFFFFD0
:106AD000FFFFFFFFFFD555555555555555555FFFE0
:106AE000FFFFFFFFFFFFFFFFFFFFFFFFFFFF55550A
:106AF00055555555555555FFFFFFFFFFFFFFFFFF4C
:106B0000FFFFFFFFFFF555555555555555557FFF6F
:106B1000FFFFFFFFFFFFFFFFFFFFD5555555555501
:106B20005555555555557FFFFFFFFFFFFFFFFFFFF1
:106B3000FFFFFFFFFFFFFFFD5555555555555555B7
:106B400055555555555555555555555555555555F5
:106B50005555555555FFFFFFFFFFFFFFFFFFFFFF97
:106B6000FFFFFFFF5555555555555555555555552D
:106B7000555555555555555555555555555555FF1B
:106B8000FFFFFFFFFFFFFFFFFFFFFFFFFD55555515
:106B900055555555555FFFFFFFFFFFFFFFFFFF55A1
:106BA000555555555555555555FFFFFFFFFFFFFFEF
:106BB000FFFFFFFFFFFFFFFFFFFFFFFFFFFFFFFFE5
:106BC000FFFFFFFFFD555000000000000000000027
:106BD00000000000000000000000000000000000B5
:106BE0000001555FFFFFFFFFFFFFFFFFFFFFFFFFFC
:106BF000FFFFFFFFFFFFFFFFFFFFFFF55555555557
:106C00005555555555555555555555555555555534
:106C10005555555555555555555FFFFFFFFFFFFF1E
:106C2000FFFFFFFFFFFFFFFFFFD55555555555559A
:106C300055557FFFFFFFFFFFFFFFFFFFFFFFFFFF38
:106C4000FFFF5555555555555555557FFFFFFFFFCE
:106C5000FFFFFFFFFFFFFFFFFFF55555555555554A
:106C600055557FFFFFFFFFFFFFFFFFFFFFFFF555BC
:106C7000555555555555555555557FFFFFFFFFFF48
:106C8000FFFFFFFFFFFFFFFFFFFFFFFF55555555BC
:106C900055555555555555555555555555555555A4
:106CA000555555555555555557FFFFFFFFFFFFFFEC
:106CB000FFFFFFFFFFFFFFFF555555555555555534
:106CC0005555555555555555555555555555555574
:106CD000555555FFFFFFFFFFFFFFFFFFFFFFFFFFC2
:106CE000FD55555555555555555FFFFFFFFFFFFFA6
:106CF000FFFFFF55555555555555555555FFFFFF48
:106D0000FFFFFFFFFFFFFFFFFFFFFFFFFFFFFFFF93
:106D1000FFFFFFFFFFFFFFFFF555400000000000F1
:106D20000000000000000000000000000000000063
:106D30000000000000005557FFFFFFFFFFFFFFFFAF
:106D4000FFFFFFFFFFFFFFFFFFFFFFFFFFFFFFF55D
:106D500055555555555555555555555555555555E3
:106D6000555555555555555555555555557FFFFF55
:106D7000FFFFFFFFFFFFFFFFFFFFFFFFFFD55555A1
:106D80005555555555557FFFFFFFFFFFFFFFFFFF8F
:106D9000FFFFFFFFFFFF5555555555555555557F7D
:106DA000FFFFFFFFFFFFFFFFFFFFFFFFFFF5555551
:106DB0005555555555557FFFFFFFFFFFFFFFFFFF5F
:106DC000FFFFF555555555555555555555557FFFAB
:106DD000FFFFFFFFFFFFFFFFFFFFFFFFFFFFFFFFC3
:106DE0005555555555555555555555555555555553
:106DF0005555555555555555555555555FFFFFFF3B
:106E0000FFFFFFFFFFFFFFFFFFFFFFFF555555553A
:106E10005555555555555555555555555555555522
:106E200055555555555555FFFFFFFFFFFFFFFFFF18
:106E3000FFFFFFFFFD55555555555555555FFFFF54
:106E4000FFFFFFFFFFFFFFD55555555555555555CC
:106E5000557FFFFFFFFFFFFFFFFFFFFFFFFFFFFF6C
:106E6000FFFFFFFFFFFFFFFFFFFFFFFFD555000004
:106E70000000000000000000000000000000000012
:106E8000000000000000000000005557FFFFFFFF5A
:106E9000FFFFFFFFFFFFFFFFFFFFFFFFFFFFFFFF02
:106EA000FFFFFFF5555555555555555555555555F4
:106EB0005555555555555555555555555555555582
:106EC00055FFFFFFFFFFFFFFFFFFFFFFFFFFFFFF7C
:106ED000FF5555555555555555557FFFFFFFFFFF3C
:106EE000FFFFFFFFFFFFFFFFFFFFD555555555552E
:106EF0005555557FFFFFFFFFFFFFFFFFFFFFFFFF20
:106F0000FFF555555555555555557FFFFFFFFFFF6B
:106F1000FFFFFFFFFFFFFD5555555555555555557D
:106F200055557FFFFFFFFFFFFFFFFFFFFFFFFFFF45
:106F3000FFFFFFFFD55555555555555555555555D9
:106F400055555555555555555555555555555555F1
:106F50005FFFFFFFFFFFFFFFFFFFFFFFFFFFFFFFE1
:106F600055555555555555555555555555555555D1
:106F70005555555555555555555555FFFFFFFFFF6F
:106F8000FFFFFFFFFFFFFFFFFD55555555555555B9
:106F9000555FFFFFFFFFFFFFFFFFFFD5555555551D
:106FA00055555555557FFFFFFFFFFFFFFFFFFFFFC3
:106FB000FFFFFFFFFFFFFFFFFFFFFFFFFFFFFFFFE1
:106FC000D555000000000000000000000000000097
:106FD0000000000000000000000000000000155547
:106FE000FFFFFFFFFFFFFFFFFFFFFFFFFFFFFFFFB1
:106FF000FFFFFFFFFFFFFFF55555555555555555FB
:107000005555555555555555555555555555555530
:107010005555555557FFFFFFFFFFFFFFFFFFFFFFD0
:10702000FFFFFFFFFF555555555555555555FFFF6A
:10703000FFFFFFFFFFFFFFFFFFFFFFFFFFFFD55534
:10704000555555555555555FFFFFFFFFFFFFFFFF96
:10705000FFFFFFFFFFF555555555555555557FFF1A
:10706000FFFFFFFFFFFFFFFFFFFFFF555555555582
:107070005555555555557FFFFFFFFFFFFFFFFFFF9C
:10708000FFFFFFFFFFFFFFFFF555555555555555C0
:1070900055555555555555555555555555555555A0
:1070A000555555557FFFFFFFFFFFFFFFFFFFFFFF18
:1070B000FFFFFFFF555555555555555555555555D8
:1070C000555555555555555555555555555555FFC6
:1070D000FFFFFFFFFFFFFFFFFFFFFFFFFD555555C0
:1070E00055555555555FFFFFFFFFFFFFFFFFFFF5AC
:1070F0005555555555555555555FFFFFFFFFFFFF3A
:10710000FFFFFFFFFFFFFFFFFFFFFFFFFFFFFFFF8F
:10711000FFFFFFFF555400000000000000000000CA
:10712000000000000000000000000000000000005F
:10713000000015557FFFFFFFFFFFFFFFFFFFFFFF71
:10714000FFFFFFFFFFFFFFFFFFFFFFF55555555501
:1071500055555555555555555555555555555555DF
:1071600055555555555555555FFFFFFFFFFFFFFF1F
:10717000FFFFFFFFFFFFFFFFFF55555555555555C5
:107180005555FFFFFFFFFFFFFFFFFFFFFFFFFFFF63
:10719000FFFFD555555555555555555FFFFFFFFF19
:1071A000FFFFFFFFFFFFFFFFFFF5555555555555F5
:1071B00055557FFFFFFFFFFFFFFFFFFFFFFFFF555D
:1071C000555555555555555555557FFFFFFFFFFFF3
:1071D000FFFFFFFFFFFFFFFFFFFFFFFFFD555555BF
:1071E000555555555555555555555555555555554F
:1071F0005555555555555555FFFFFFFFFFFFFFFFEF
:10720000FFFFFFFFFFFFFFFF5555555555555555DE
:10721000555555555555555555555555555555551E
:10722000555555FFFFFFFFFFFFFFFFFFFFFFFFFF6C
:10723000FD55555555555555555FFFFFFFFFFFFF50
:10724000FFFFFFF55555555555555555555FFFFFF2
:10725000FFFFFFFFFFFFFFFFFFFFFFFFFFFFFFFF3E
:10726000FFFFFFFFFFFFFFFD55540000000000007F
:10727000000000000000000000000000000000000E
:1072800000000000000005557FFFFFFFFFFFFFFF2C
:10729000FFFFFFFFFFFFFFFFFFFFFFFFFFFFFFF508
:1072A000555555555555555555555555555555558E
:1072B0005555555555555555555555557FFFFFFF56
:1072C000FFFFFFFFFFFFFFFFFFFFFFFFFD555555CE
:1072D000555555555555FFFFFFFFFFFFFFFFFFFFBA
:1072E000FFFFFFFFFFFFF555555555555555555FA8
:1072F000FFFFFFFFFFFFFFFFFFFFFFFFFFF55555FC
:107300005555555555557FFFFFFFFFFFFFFFFFFF09
:10731000FFFFFFD5555555555555555555557FFFCB
:10732000FFFFFFFFFFFFFFFFFFFFFFFFFFFFFFFF6D
:10733000FF55555555555555555555555555555553
:10734000555555555555555555555557FFFFFFFF43
:10735000FFFFFFFFFFFFFFFFFFFFFFFF55555555E5
:1073600055555555555555555555555555555555CD
:1073700055555555555555FFFFFFFFFFFFFFFFFFC3
:10738000FFFFFFFFFD55555555555555555FFFFFFF
:10739000FFFFFFFFFFFFFFFD55555555555555554F
:1073A0005557FFFFFFFFFFFFFFFFFFFFFFFFFFFF3F
:1073B000FFFFFFFFFFFFFFFFFFFFFFFD5550000036
:1073C00000000000000000000000000000000000BD
:1073D0000000000000000000000001555FFFFFFFFB
:1073E000FFFFFFFFFFFFFFFFFFFFFFFFFFFFFFFFAD
:1073F000FFFFFFF55555555555555555555555559F
:10740000555555555555555555555555555555572A
:10741000FFFFFFFFFFFFFFFFFFFFFFFFFFFFFFFF7C
:10742000FD555555555555555557FFFFFFFFFFFF66
:10743000FFFFFFFFFFFFFFFFFFFFF55555555555B8
:1074400055555557FFFFFFFFFFFFFFFFFFFFFFFFF2
:10745000FFF555555555555555557FFFFFFFFFFF16
:10746000FFFFFFFFFFFFFFF5555555555555555586
:1074700055557FFFFFFFFFFFFFFFFFFFFFFFFFFFF0
:10748000FFFFFFFFFFD555555555555555555555DA
:107490005555555555555555555555555555555F92
:1074A000FFFFFFFFFFFFFFFFFFFFFFFFFFFFFFFFEC
:1074B000555555555555555555555555555555557C
:1074C0005555555555555555555555FFFFFFFFFF1A
:1074D000FFFFFFFFFFFFFFFFFD5555555555555564
:1074E000555FFFFFFFFFFFFFFFFFFFFF555555559E
:1074F000555555555555FFFFFFFFFFFFFFFFFFFF98
:10750000FFFFFFFFFFFFFFFFFFFFFFFFFFFFFFF595
:1075100055400000000000000000000000000000D6
:107520000000000000000000000000000000015505
:1075300057FFFFFFFFFFFFFFFFFFFFFFFFFFFFFF03
:10754000FFFFFFFFFFFFFFF55555555555555555A5
:1075500055555555555555555555555555555555DB
:107560005555555FFFFFFFFFFFFFFFFFFFFFFFFFC9
:10757000FFFFFFFFF5555555555555555557FFFF1D
:10758000FFFFFFFFFFFFFFFFFFFFFFFFFFFFF555BF
:107590005555555555555557FFFFFFFFFFFFFFFF49
:1075A000FFFFFFFFFFF555555555555555557FFFC5
:1075B000FFFFFFFFFFFFFFFFFFFFFFFD5555555585
:1075C0005555555555557FFFFFFFFFFFFFFFFFFF47
:1075D000FFFFFFFFFFFFFFFFFFD5555555555555E1
:1075E000555555555555555555555555555555554B
:1075F0005555557FFFFFFFFFFFFFFFFFFFFFFFFF19
:10760000FFFFFFFF55555555555555555555555582
:10761000555555555555555555555555555555FF70
:10762000FFFFFFFFFFFFFFFFFFFFFFFFFD5555556A
:1076300055555555555FFFFFFFFFFFFFFFFFFFFF4C
:1076400055555555555555555555FFFFFFFFFFFFEE
:10765000FFFFFFFFFFFFFFFFFFFFFFFFFFFFFFFF3A
:10766000FFFFFFD5554000000000000000000000B3
:10767000000000000000000000000000000000000A
:107680000000005555FFFFFFFFFFFFFFFFFFFFFF5B
:10769000FFFFFFFFFFFFFFFFFFFFFFF555555555AC
:1076A000555555555555555555555555555555558A
:1076B000555555555555557FFFFFFFFFFFFFFFFF00
:1076C000FFFFFFFFFFFFFFFFF5555555555555557A
:1076D0005557FFFFFFFFFFFFFFFFFFFFFFFFFFFF0C
:1076E000FFFFFD555555555555555555FFFFFFFFA6
:1076F000FFFFFFFFFFFFFFFFFFF5555555555555A0
:1077000055557FFFFFFFFFFFFFFFFFFFFFFFFFFD5F
:10771000555555555555555555557FFFFFFFFFFF9D
:10772000FFFFFFFFFFFFFFFFFFFFFFFFFFF55555C7
:1077300055555555555555555555555555555555F9
:1077400055555555555555FFFFFFFFFFFFFFFFFFEF
:10775000FFFFFFFFFFFFFFFF555555555555555589
:1077600055555555555555555555555555555555C9
:10777000555555FFFFFFFFFFFFFFFFFFFFFFFFFF17
:10778000FD55555555555555555FFFFFFFFFFFFFFB
:10779000FFFFFFFFD55555555555555555557FFF9D
:1077A000FFFFFFFFFFFFFFFFFFFFFFFFFFFFFFFFE9
:1077B000FFFFFFFFFFFFFF55550000000000000026
:1077C00000000000000000000000000000000000B9
:1077D000000000000000001555FFFFFFFFFFFFFF46
:1077E000FFFFFFFFFFFFFFFFFFFFFFFFFFFFFFF5B3
:1077F0005555555555555555555555555555555539
:107800005555555555555555555555FFFFFFFFFFD6
:10781000FFFFFFFFFFFFFFFFFFFFFFFFF555555580
:1078200055555555555FFFFFFFFFFFFFFFFFFFFF5A
:10783000FFFFFFFFFFFFFD55555555555555555554
:10784000FFFFFFFFFFFFFFFFFFFFFFFFFFF55555A6
:107850005555555555557FFFFFFFFFFFFFFFFFFFB4
:10786000FFFFFFFF555555555555555555557FFF4C
:10787000FFFFFFFFFFFFFFFFFFFFFFFFFFFFFFFF18
:10788000FFFD555555555555555555555555555556
:107890005555555555555555555557FFFFFFFFFF44
:1078A000FFFFFFFFFFFFFFFFFFFFFFFF5555555590
:1078B0005555555555555555555555555555555578
:1078C00055555555555555FFFFFFFFFFFFFFFFFF6E
:1078D000FFFFFFFFFD55555555555555555FFFFFAA
:1078E000FFFFFFFFFFFFFFFFD55555555555555578
:1078F00055557FFFFFFFFFFFFFFFFFFFFFFFFFFF6C
:10790000FFFFFFFFFFFFFFFFFFFFFF5554000000D9
:107910000000000000000000000000000000000067
:10792000000000000000000000000005557FFFFF80
:10793000FFFFFFFFFFFFFFFFFFFFFFFFFFFFFFFF57
:10794000FFFFFFF555555555555555555555555549
:1079500055555555555555555555555555555FFF23
:10796000FFFFFFFFFFFFFFFFFFFFFFFFFFFFFFFF27
:10797000D555555555555555555FFFFFFFFFFFFF31
:10798000FFFFFFFFFFFFFFFFFFFFFD55555555555B
:1079900055555555FFFFFFFFFFFFFFFFFFFFFFFF9F
:1079A000FFF555555555555555557FFFFFFFFFFFC1
:1079B000FFFFFFFFFFFFFFFFD555555555555555A7
:1079C00055557FFFFFFFFFFFFFFFFFFFFFFFFFFF9B
:1079D000FFFFFFFFFFFF555555555555555555555B
:1079E00055555555555555555555555555555FFF93
:1079F000FFFFFFFFFFFFFFFFFFFFFFFFFFFFFFFF97
:107A00005555555555555555555555555555555526
:107A10005555555555555555555555FFFFFFFFFFC4
:107A2000FFFFFFFFFFFFFFFFFD555555555555550E
:107A3000555FFFFFFFFFFFFFFFFFFFFFF5555555A8
:107A40005555555555555FFFFFFFFFFFFFFFFFFFE2
:107A5000FFFFFFFFFFFFFFFFFFFFFFFFFFFFFD55E2
:107A600050000000000000000000000000000000C6
:107A70000000000000000000000000000000000501
:107A8000555FFFFFFFFFFFFFFFFFFFFFFFFFFFFF50
:107A9000FFFFFFFFFFFFFFF5555555555555555550
:107AA0005555555555555555555555555555555586
:107AB00055557FFFFFFFFFFFFFFFFFFFFFFFFFFFAA
:107AC000FFFFFFFFD555555555555555555FFFFFE0
:107AD000FFFFFFFFFFFFFFFFFFFFFFFFFFFFFF5560
:107AE00055555555555555557FFFFFFFFFFFFFFF76
:107AF000FFFFFFFFFFF555555555555555557FFF70
:107B0000FFFFFFFFFFFFFFFFFFFFFFFFD5555555AD
:107B10005555555555557FFFFFFFFFFFFFFFFFFFF1
:107B2000FFFFFFFFFFFFFFFFFFFFF55555555555C1
:107B300055555555555555555555555555555555F5
:107B40005555FFFFFFFFFFFFFFFFFFFFFFFFFFFF99
:107B5000FFFFFFFF5555555555555555555555552D
:107B6000555555555555555555555555555555FF1B
:107B7000FFFFFFFFFFFFFFFFFFFFFFFFFD55555515
:107B800055555555555FFFFFFFFFFFFFFFFFFFFFF7
:107B9000F55555555555555555555FFFFFFFFFFF99
:107BA000FFFFFFFFFFFFFFFFFFFFFFFFFFFFFFFFE5
:107BB000FFFFF5555000000000000000000000002D
:107BC00000000000000000000000000000000000B5
:107BD000000000015557FFFFFFFFFFFFFFFFFFFF02
:107BE000FFFFFFFFFFFFFFFFFFFFFFF55555555557
:107BF0005555555555555555555555555555555535
:107C0000555555555557FFFFFFFFFFFFFFFFFFFF7E
:107C1000FFFFFFFFFFFFFFFFD55555555555555544
:107C2000557FFFFFFFFFFFFFFFFFFFFFFFFFFFFF8E
:107C3000FFFFFF5555555555555555557FFFFFFFCE
:107C4000FFFFFFFFFFFFFFFFFFF55555555555554A
:107C500055557FFFFFFFFFFFFFFFFFFFFFFFFFFF08
:107C6000F55555555555555555557FFFFFFFFFFFA8
:107C7000FFFFFFFFFFFFFFFFFFFFFFFFFFFFFD55C0
:107C800055555555555555555555555555555555A4
:107C9000555555555557FFFFFFFFFFFFFFFFFFFFEE
:107CA000FFFFFFFFFFFFFFFF555555555555555534
:107CB0005555555555555555555555555555555574
:107CC000555555FFFFFFFFFFFFFFFFFFFFFFFFFFC2
:107CD000FD55555555555555555FFFFFFFFFFFFFA6
:107CE000FFFFFFFFFD55555555555555555557FF48
:107CF000FFFFFFFFFFFFFFFFFFFFFFFFFFFFFFFF94
:107D0000FFFFFFFFFFFFD55540000000000000000F
:107D10000000000000000000000000000000000063
:107D200000000000000000005555FFFFFFFFFFFFAF
:107D3000FFFFFFFFFFFFFFFFFFFFFFFFFFFFFFF55D
:107D400055555555555555555555555555555555E3
:107D50005555555555555555555FFFFFFFFFFFFFCD
:107D6000FFFFFFFFFFFFFFFFFFFFFFFF55555555CB
:107D700055555555557FFFFFFFFFFFFFFFFFFFFFE5
:107D8000FFFFFFFFFFFFFF555555555555555555FD
:107D90007FFFFFFFFFFFFFFFFFFFFFFFFFF55555D1
:107DA0005555555555557FFFFFFFFFFFFFFFFFFF5F
:107DB000FFFFFFFFFD5555555555555555557FFF4F
:107DC000FFFFFFFFFFFFFFFFFFFFFFFFFFFFFFFFC3
:107DD000FFFFFF5555555555555555555555555555
:107DE0005555555555555555555FFFFFFFFFFFFF3D
:107DF000FFFFFFFFFFFFFFFFFFFFFFFF555555553B
:107E00005555555555555555555555555555555522
:107E100055555555555555FFFFFFFFFFFFFFFFFF18
:107E2000FFFFFFFFFD55555555555555555FFFFF54
:107E3000FFFFFFFFFFFFFFFFFD55555555555555FA
:107E4000555555FFFFFFFFFFFFFFFFFFFFFFFFFF40
:107E5000FFFFFFFFFFFFFFFFFFFF55550000000082
:107E60000000000000000000000000000000000012
:107E700000000000000000000000000015557FFF1A
:107E8000FFFFFFFFFFFFFFFFFFFFFFFFFFFFFFFF02
:107E9000FFFFFFF5555555555555555555555555F4
:107EA00055555555555555555555555555FFFFFF84
:107EB000FFFFFFFFFFFFFFFFFFFFFFFFFFFFFFFFD2
:107EC0005555555555555555557FFFFFFFFFFFFF3C
:107ED000FFFFFFFFFFFFFFFFFFFFFFD55555555584
:107EE000555555555FFFFFFFFFFFFFFFFFFFFFFFEA
:107EF000FFF555555555555555557FFFFFFFFFFF6C
:107F0000FFFFFFFFFFFFFFFFFD5555555555555529
:107F100055557FFFFFFFFFFFFFFFFFFFFFFFFFFF45
:107F2000FFFFFFFFFFFFFFD55555555555555555DB
:107F3000555555555555555555555555557FFFFF73
:107F4000FFFFFFFFFFFFFFFFFFFFFFFFFFFFFFFF41
:107F500055555555555555555555555555555555D1
:107F60005555555555555555555555FFFFFFFFFF6F
:107F7000FFFFFFFFFFFFFFFFFD55555555555555B9
:107F8000555FFFFFFFFFFFFFFFFFFFFFFF55555549
:107F900055555555555555FFFFFFFFFFFFFFFFFF97
:107FA000FFFFFFFFFFFFFFFFFFFFFFFFFFFD555438
:107FB00000000000000000000000000000000000C1
:107FC00000000000000000000000000000000000B1
:107FD00005555FFFFFFFFFFFFFFFFFFFFFFFFFFFF5
:107FE000FFFFFFFFFFFFFFF55555555555555555FB
:107FF0005555555555555555555555555555555531
:108000005FFFFFFFFFFFFFFFFFFFFFFFFFFFFFFF20
:10801000FFFFFFFD555555555555555555FFFFFF6C
:10802000FFFFFFFFFFFFFFFFFFFFFFFFFFFFFFD58A
:1080300055555555555555555FFFFFFFFFFFFFFF40
:10804000FFFFFFFFFFF555555555555555557FFF1A
:10805000FFFFFFFFFFFFFFFFFFFFFFFFFF5555552E
:108060005555555555557FFFFFFFFFFFFFFFFFFF9C
:10807000FFFFFFFFFFFFFFFFFFFFFFFD55555555BA
:1080800055555555555555555555555555555555A0
:1080900057FFFFFFFFFFFFFFFFFFFFFFFFFFFFFF98
:1080A000FFFFFFFF555555555555555555555555D8
:1080B000555555555555555555555555555555FFC6
:1080C000FFFFFFFFFFFFFFFFFFFFFFFFFD555555C0
:1080D00055555555555FFFFFFFFFFFFFFFFFFFFFA2
:1080E000FF555555555555555555557FFFFFFFFFC4
:1080F000FFFFFFFFFFFFFFFFFFFFFFFFFFFFFFFF90
:10810000FFF55550000000000000000000000000D6
:10811000000000000000000000000000000000005F
:1081200000000000055557FFFFFFFFFFFFFFFFFFA7
:10813000FFFFFFFFFFFFFFFFFFFFFFF55555555501
:1081400055555555555555555555555555555555DF
:1081500055555555FFFFFFFFFFFFFFFFFFFFFFFFD7
:10816000FFFFFFFFFFFFFFFD555555555555555571
:1081700055FFFFFFFFFFFFFFFFFFFFFFFFFFFFFFB9
:10818000FFFFFFD555555555555555555FFFFFFF19
:10819000FFFFFFFFFFFFFFFFFFF5555555555555F5
:1081A00055557FFFFFFFFFFFFFFFFFFFFFFFFFFFB3
:1081B000FFD555555555555555557FFFFFFFFFFFC9
:1081C000FFFFFFFFFFFFFFFFFFFFFFFFFFFFFFFFBF
:1081D000555555555555555555555555555555554F
:1081E000555555555FFFFFFFFFFFFFFFFFFFFFFFE7
:1081F000FFFFFFFFFFFFFFFF5555555555555555DF
:10820000555555555555555555555555555555551E
:10821000555555FFFFFFFFFFFFFFFFFFFFFFFFFF6C
:10822000FD55555555555555555FFFFFFFFFFFFF50
:10823000FFFFFFFFFFD55555555555555555557FF2
:10824000FFFFFFFFFFFFFFFFFFFFFFFFFFFFFFFF3E
:10825000FFFFFFFFFFD555500000000000000000A9
:10826000000000000000000000000000000000000E
:108270000000000000000000015555FFFFFFFFFF58
:10828000FFFFFFFFFFFFFFFFFFFFFFFFFFFFFFF508
:10829000555555555555555555555555555555558E
:1082A000555555555555555FFFFFFFFFFFFFFFFF24
:1082B000FFFFFFFFFFFFFFFFFFFFFFFD5555555578
:1082C0005555555555FFFFFFFFFFFFFFFFFFFFFF10
:1082D000FFFFFFFFFFFFFFF5555555555555555508
:1082E00057FFFFFFFFFFFFFFFFFFFFFFFFF55555A4
:1082F0005555555555557FFFFFFFFFFFFFFFFFFF0A
:10830000FFFFFFFFFFD555555555555555557FFF77
:10831000FFFFFFFFFFFFFFFFFFFFFFFFFFFFFFFF6D
:10832000FFFFFFFFF55555555555555555555555B5
:108330005555555555555555FFFFFFFFFFFFFFFF9D
:10834000FFFFFFFFFFFFFFFFFFFFFFFF55555555E5
:1083500055555555555555555555555555555555CD
:1083600055555555555555FFFFFFFFFFFFFFFFFFC3
:10837000FFFFFFFFFD55555555555555555FFFFFFF
:10838000FFFFFFFFFFFFFFFFFFD555555555555523
:108390005555555FFFFFFFFFFFFFFFFFFFFFFFFF8B
:1083A000FFFFFFFFFFFFFFFFFF55554000000000EC
:1083B00000000000000000000000000000000000BD
:1083C0000000000000000000000000000055557F84
:1083D000FFFFFFFFFFFFFFFFFFFFFFFFFFFFFFFFAD
:1083E000FFFFFFF55555555555555555555555559F
:1083F0005555555555555555555555FFFFFFFFFFDB
:10840000FFFFFFFFFFFFFFFFFFFFFFFFFFFFFFF586
:10841000555555555555555557FFFFFFFFFFFFFF64
:10842000FFFFFFFFFFFFFFFFFFFFFFF5555555550E
:108430005555555557FFFFFFFFFFFFFFFFFFFFFF9C
:10844000FFF555555555555555557FFFFFFFFFFF16
:10845000FFFFFFFFFFFFFFFFFFF555555555555532
:1084600055557FFFFFFFFFFFFFFFFFFFFFFFFFFFF0
:10847000FFFFFFFFFFFFFFFFFD55555555555555B4
:10848000555555555555555555555557FFFFFFFFF2
:10849000FFFFFFFFFFFFFFFFFFFFFFFFFFFFFFFFEC
:1084A000555555555555555555555555555555557C
:1084B0005555555555555555555555FFFFFFFFFF1A
:1084C000FFFFFFFFFFFFFFFFFD5555555555555564
:1084D000555FFFFFFFFFFFFFFFFFFFFFFFF5555554
:1084E000555555555555555FFFFFFFFFFFFFFFFFE2
:1084F000FFFFFFFFFFFFFFFFFFFFFFFFFD555500E1
:10850000000000000000000000000000000000006B
:10851000000000000000000000000000000000005B
:108520000015555FFFFFFFFFFFFFFFFFFFFFFFFF8E
:10853000FFFFFFFFFFFFFFF55555555555555555A5
:1085400055555555555555555555555555557FFF07
:10855000FFFFFFFFFFFFFFFFFFFFFFFFFFFFFFFF2B
:10856000FFFFFFF5555555555555555557FFFFFF1D
:10857000FFFFFFFFFFFFFFFFFFFFFFFFFFFFFFFD0D
:10858000555555555555555555FFFFFFFFFFFFFFF5
:10859000FFFFFFFFFFF555555555555555557FFFC5
:1085A000FFFFFFFFFFFFFFFFFFFFFFFFFFFD555531
:1085B0005555555555557FFFFFFFFFFFFFFFFFFF47
:1085C000FFFFFFFFFFFFFFFFFFFFFFFFFFD5555539
:1085D0005555555555555555555555555555557F21
:1085E000FFFFFFFFFFFFFFFFFFFFFFFFFFFFFFFF9B
:1085F000FFFFFFFF55555555555555555555555583
:10860000555555555555555555555555555555FF70
:10861000FFFFFFFFFFFFFFFFFFFFFFFFFD5555556A
:1086200055555555555FFFFFFFFFFFFFFFFFFFFF4C
:10863000FFF555555555555555555557FFFFFFFFF6
:10864000FFFFFFFFFFFFFFFFFFFFFFFFFFFFFFFF3A
:10865000F55554000000000000000000000000007C
:10866000000000000000000000000000000000000A
:108670000000000000055557FFFFFFFFFFFFFFFF51
:10868000FFFFFFFFFFFFFFFFFFFFFFF555555555AC
:10869000555555555555555555555555555555558A
:1086A000555FFFFFFFFFFFFFFFFFFFFFFFFFFFFF24
:1086B000FFFFFFFFFFFFFFF5555555555555555524
:1086C00057FFFFFFFFFFFFFFFFFFFFFFFFFFFFFF62
:1086D000FFFFFFFD555555555555555555FFFFFFA6
:1086E000FFFFFFFFFFFFFFFFFFF5555555555555A0
:1086F00055557FFFFFFFFFFFFFFFFFFFFFFFFFFF5E
:10870000FFFD55555555555555557FFFFFFFFFFF4B
:10871000FFFFFFFFFFFFFFFFFFFFFFFFFFFFFFFF69
:10872000FFFD5555555555555555555555555555A7
:10873000555557FFFFFFFFFFFFFFFFFFFFFFFFFF45
:10874000FFFFFFFFFFFFFFFF555555555555555589
:1087500055555555555555555555555555555555C9
:10876000555555FFFFFFFFFFFFFFFFFFFFFFFFFF17
:10877000FD55555555555555555FFFFFFFFFFFFFFB
:10878000FFFFFFFFFFFD555555555555555555559F
:10879000FFFFFFFFFFFFFFFFFFFFFFFFFFFFFFFFE9
:1087A000FFFFFFFFD5555000000000000000000053
:1087B00000000000000000000000000000000000B9
:1087C000000000000000000000015555FFFFFFFF02
:1087D000FFFFFFFFFFFFFFFFFFFFFFFFFFFFFFF5B3
:1087E0005555555555555555555555555555555539
:1087F0005555555557FFFFFFFFFFFFFFFFFFFFFFD9
:10880000FFFFFFFFFFFFFFFFFFFFFFD5555555554A
:10881000555555555FFFFFFFFFFFFFFFFFFFFFFFB0
:10882000FFFFFFFFFFFFFFFD5555555555555555AA
:1088300055FFFFFFFFFFFFFFFFFFFFFFFFF5555550
:108840005555555555557FFFFFFFFFFFFFFFFFFFB4
:10885000FFFFFFFFFFFF55555555555555557FFFF8
:10886000FFFFFFFFFFFFFFFFFFFFFFFFFFFFFFFF18
:10887000FFFFFFFFFFFFD55555555555555555552C
:108880005555555555557FFFFFFFFFFFFFFFFFFF74
:10889000FFFFFFFFFFFFFFFFFFFFFFFF5555555590
:1088A0005555555555555555555555555555555578
:1088B00055555555555555FFFFFFFFFFFFFFFFFF6E
:1088C000FFFFFFFFFD55555555555555555FFFFFAA
:1088D000FFFFFFFFFFFFFFFFFFFD555555555555A6
:1088E00055555555FFFFFFFFFFFFFFFFFFFFFFFF40
:1088F000FFFFFFFFFFFFFFFF555540000000000096
:108900000000000000000000000000000000000067
:1089100000000000000000000000000000005555AD
:108920007FFFFFFFFFFFFFFFFFFFFFFFFFFFFFFFD7
:10893000FFFFFFF555555555555555555555555549
:108940005555555555555557FFFFFFFFFFFFFFFF85
:10895000FFFFFFFFFFFFFFFFFFFFFFFFFFFFFFD551
:1089600055555555555555555FFFFFFFFFFFFFFF07
:10897000FFFFFFFFFFFFFFFFFFFFFFFF55555555AF
:1089800055555555557FFFFFFFFFFFFFFFFFFFFFC9
:10899000FFF555555555555555557FFFFFFFFFFFC1
:1089A000FFFFFFFFFFFFFFFFFFFFD5555555555553
:1089B00055557FFFFFFFFFFFFFFFFFFFFFFFFFFF9B
:1089C000FFFFFFFFFFFFFFFFFFFFFD55555555550B
:1089D00055555555555555555557FFFFFFFFFFFF49
:1089E000FFFFFFFFFFFFFFFFFFFFFFFFFFFFFFFF97
:1089F0005555555555555555555555555555555527
:108A00005555555555555555555555FFFFFFFFFFC4
:108A1000FFFFFFFFFFFFFFFFFD555555555555550E
:108A2000555FFFFFFFFFFFFFFFFFFFFFFFFF5555F4
:108A300055555555555555557FFFFFFFFFFFFFFF16
:108A4000FFFFFFFFFFFFFFFFFFFFFFFD555500008A
:108A50000000000000000000000000000000000016
:108A60000000000000000000000000000000000006
:108A7000000015555FFFFFFFFFFFFFFFFFFFFFFF38
:108A8000FFFFFFFFFFFFFFF5555555555555555550
:108A90005555555555555555555557FFFFFFFFFF32
:108AA000FFFFFFFFFFFFFFFFFFFFFFFFFFFFFFFFD6
:108AB000FFFFFFD555555555555555555FFFFFFFE0
:108AC000FFFFFFFFFFFFFFFFFFFFFFFFFFFFFFFFB6
:108AD0005555555555555555557FFFFFFFFFFFFF20
:108AE000FFFFFFFFFFF555555555555555557FFF70
:108AF000FFFFFFFFFFFFFFFFFFFFFFFFFFFFD5555A
:108B00005555555555557FFFFFFFFFFFFFFFFFFFF1
:108B1000FFFFFFFFFFFFFFFFFFFFFFFFFFFFFFD58F
:108B200055555555555555555555555555FFFFFFF7
:108B3000FFFFFFFFFFFFFFFFFFFFFFFFFFFFFFFF45
:108B4000FFFFFFFF5555555555555555555555552D
:108B5000555555555555555555555555555555FF1B
:108B6000FFFFFFFFFFFFFFFFFFFFFFFFFD55555515
:108B700055555555555FFFFFFFFFFFFFFFFFFFFFF7
:108B8000FFFF555555555555555555557FFFFFFF19
:108B9000FFFFFFFFFFFFFFFFFFFFFFFFFFFFFFF5EF
:108BA000555400000000000000000000000000001C
:108BB00000000000000000000000000000000000B5
:108BC000000000000000055557FFFFFFFFFFFFFFFB
:108BD000FFFFFFFFFFFFFFFFFFFFFFF55555555557
:108BE000555555555555555555555555557FFFFFB7
:108BF000FFFFFFFFFFFFFFFFFFFFFFFFFFFFFFFF85
:108C0000FFFFFFFFFFFFFF5555555555555555556E
:108C10007FFFFFFFFFFFFFFFFFFFFFFFFFFFFFFFE4
:108C2000FFFFFFFF5555555555555555557FFFFFCE
:108C3000FFFFFFFFFFFFFFFFFFF55555555555554A
:108C400055557FFFFFFFFFFFFFFFFFFFFFFFFFFF08
:108C5000FFFFF5555555555555557FFFFFFFFFFF54
:108C6000FFFFFFFFFFFFFFFFFFFFFFFFFFFFFFFF14
:108C7000FFFFFFFF555555555555555555555555FC
:108C80007FFFFFFFFFFFFFFFFFFFFFFFFFFFFFFF74
:108C9000FFFFFFFFFFFFFFFF555555555555555534
:108CA0005555555555555555555555555555555574
:108CB000555555FFFFFFFFFFFFFFFFFFFFFFFFFFC2
:108CC000FD55555555555555555FFFFFFFFFFFFFA6
:108CD000FFFFFFFFFFFFD5555555555555555555C8
:108CE0005FFFFFFFFFFFFFFFFFFFFFFFFFFFFFFF34
:108CF000FFFFFFD5555000000000000000000000FD
:108D00000000000000000000000000000000000063
:108D100000000000000000000000015555FFFFFFAB
:108D2000FFFFFFFFFFFFFFFFFFFFFFFFFFFFFFF55D
:108D300055555555555555555555555555557FFF0F
:108D4000FFFFFFFFFFFFFFFFFFFFFFFFFFFFFFFF33
:108D5000FFFFFFFFFFFFFFFFFFFFFF555555555575
:108D6000555555557FFFFFFFFFFFFFFFFFFFFFFF3B
:108D7000FFFFFFFFFFFFFFFFD555555555555555D3
:108D8000555FFFFFFFFFFFFFFFFFFFFFFFF555559B
:108D90005555555555557FFFFFFFFFFFFFFFFFFF5F
:108DA000FFFFFFFFFFFFFD555555555555557FFFFB
:108DB000FFFFFFFFFFFFFFFFFFFFFFFFFFFFFFFFC3
:108DC000FFFFFFFFFFFFFFFFFD555555555555555B
:108DD0005555555FFFFFFFFFFFFFFFFFFFFFFFFF41
:108DE000FFFFFFFFFFFFFFFFFFFFFFFF555555553B
:108DF0005555555555555555555555555555555523
:108E000055555555555555FFFFFFFFFFFFFFFFFF18
:108E1000FFFFFFFFFD55555555555555555FFFFF54
:108E2000FFFFFFFFFFFFFFFFFFFFD55555555555CE
:108E3000555555555FFFFFFFFFFFFFFFFFFFFFFF8A
:108E4000FFFFFFFFFFFFFF5555400000000000003F
:108E50000000000000000000000000000000000012
:108E600000000000000000000000000000000055AD
:108E7000557FFFFFFFFFFFFFFFFFFFFFFFFFFFFF2C
:108E8000FFFFFFFFFFFFFFFFFFFFFFFFFFFFFFFFF2
:108E9000FFFFFFFFFFFFFFFFFFFFFFFFFFFFFFFFE2
:108EA000FFFFFFFFFFFFFFFFFFFFFFFFFFFFFFFFD2
:108EB000FFFFFFFFFFFFFFFFFFFFFFFFFFFFFFFFC2
:108EC000FFFFFFFFFFFFFFFFFFFFFFFFFFFFFFFFB2
:108ED000FFFFFFFFFFFFFFFFFFFFFFFFFFFFFFFFA2
:108EE000FFFFFFFFFFFFFFFFFFFFFFFFFFFFFFFF92
:108EF000FFFFFFFFFFFFFFFFFFFFFFFFFFFFFFFF82
:108F0000FFFFFFFFFFFFFFFFFFFFFFFFFFFFFFFF71
:108F1000FFFFFFFFFFFFFFFFFFFFFFFFFFFD5555B7
:108F20005555555555555FFFFFFFFFFFFFFFFFFFED
:108F3000FFFFFFFFFFFFFFFFFFFFFFFFFFFFFFFF41
:108F4000FFFFFFFFFFFFFFFFFFFFFFFFFFFFFFFF31
:108F5000FFFFFFFFFFFFFFFFFFFFFFFFFFFFFFFF21
:108F6000FFFFFFFFFFFFFFFFFFFFFFFFFFFFFFFF11
:108F7000FFFFFFFFFFFFFFFFFFFFFFFFFFFFFFFF01
:108F8000FFFFFFFFFFFFFFFFFFFFFFFFFFFFFFFFF1
:108F9000FFFFFFFFFFFFFFFFFFFFFD555500000034
:108FA00000000000000000000000000000000000C1
:108FB00000000000000000000000000000000000B1
:108FC000000000155557FFFFFFFFFFFFFFFFFFFFEA
:108FD000FFFFFFFFFFFFFFFFFFFFFFFFFFFFFFFFA1
:108FE000FFFFFFFFFFFFFFFFFFFFFFFFFFFFFFFF91
:108FF000FFFFFFFFFFFFFFFFFFFFFFFFFFFFFFFF81
:10900000FFFFFFFFFFFFFFFFFFFFFFFFFFFFFFFF70
:10901000FFFFFFFFFFFFFFFFFFFFFFFFFFFFFFFF60
:10902000FFFFFFFFFFFFFFFFFFFFFFFFFFFFFFFF50
:10903000FFFFFFFFFFFFFFFFFFFFFFFFFFFFFFFF40
:10904000FFFFFFFFFFFFFFFFFFFFFFFFFFFFFFFF30
:10905000FFFFFFFFFFFFFFFFFFFFFFFFFFFFFFFF20
:10906000FFFFFFFFFFFFFFFFFFFFFFFFFFFFFFFF10
:10907000FFFFFFD555555555557FFFFFFFFFFFFFFC
:10908000FFFFFFFFFFFFFFFFFFFFFFFFFFFFFFFFF0
:10909000FFFFFFFFFFFFFFFFFFFFFFFFFFFFFFFFE0
:1090A000FFFFFFFFFFFFFFFFFFFFFFFFFFFFFFFFD0
:1090B000FFFFFFFFFFFFFFFFFFFFFFFFFFFFFFFFC0
:1090C000FFFFFFFFFFFFFFFFFFFFFFFFFFFFFFFFB0
:1090D000FFFFFFFFFFFFFFFFFFFFFFFFFFFFFFFFA0
:1090E000FFFFFFFFFFFFFFFFFFFFFFFFFFFFD55564
:1090F000540000000000000000000000000000001C
:10910000000000000000000000000000000000005F
:1091100000000000000000055555FFFFFFFFFFFFA6
:10912000FFFFFFFFFFFFFFFFFFFFFFFFFFFFFFFF4F
:10913000FFFFFFFFFFFFFFFFFFFFFFFFFFFFFFFF3F
:10914000FFFFFFFFFFFFFFFFFFFFFFFFFFFFFFFF2F
:10915000FFFFFFFFFFFFFFFFFFFFFFFFFFFFFFFF1F
:10916000FFFFFFFFFFFFFFFFFFFFFFFFFFFFFFFF0F
:10917000FFFFFFFFFFFFFFFFFFFFFFFFFFFFFFFFFF
:10918000FFFFFFFFFFFFFFFFFFFFFFFFFFFFFFFFEF
:10919000FFFFFFFFFFFFFFFFFFFFFFFFFFFFFFFFDF
:1091A000FFFFFFFFFFFFFFFFFFFFFFFFFFFFFFFFCF
:1091B000FFFFFFFFFFFFFFFFFFFFFFFFFFFFFFFFBF
:1091C000FFFFFFFFFFFFFFFFFFFFFFFFFFFFFFFFAF
:1091D000FFFFFFFFFFFFFFFFFFFFFFFFFFFFFFFF9F
:1091E000FFFFFFFFFFFFFFFFFFFFFFFFFFFFFFFF8F
:1091F000FFFFFFFFFFFFFFFFFFFFFFFFFFFFFFFF7F
:10920000FFFFFFFFFFFFFFFFFFFFFFFFFFFFFFFF6E
:10921000FFFFFFFFFFFFFFFFFFFFFFFFFFFFFFFF5E
:10922000FFFFFFFFFFFFFFFFFFFFFFFFFFFFFFFF4E
:10923000FFFFFFFFFFFFFFFFFFFFFFFFFFFFFFFF3E
:10924000FFFF555550000000000000000000000026
:10925000000000000000000000000000000000000E
:1092600000000000000000000000000055557FFFD6
:10927000FFFFFFFFFFFFFFFFFFFFFFFFFFFFFFFFFE
:10928000FFFFFFFFFFFFFFFFFFFFFFFFFFFFFFFFEE
:10929000FFFFFFFFFFFFFFFFFFFFFFFFFFFFFFFFDE
:1092A000FFFFFFFFFFFFFFFFFFFFFFFFFFFFFFFFCE
:1092B000FFFFFFFFFFFFFFFFFFFFFFFFFFFFFFFFBE
:1092C000FFFFFFFFFFFFFFFFFFFFFFFFFFFFFFFFAE
:1092D000FFFFFFFFFFFFFFFFFFFFFFFFFFFFFFFF9E
:1092E000FFFFFFFFFFFFFFFFFFFFFFFFFFFFFFFF8E
:1092F000FFFFFFFFFFFFFFFFFFFFFFFFFFFFFFFF7E
:10930000FFFFFFFFFFFFFFFFFFFFFFFFFFFFFFFF6D
:10931000FFFFFFFFFFFFFFFFFFFFFFFFFFFFFFFF5D
:10932000FFFFFFFFFFFFFFFFFFFFFFFFFFFFFFFF4D
:10933000FFFFFFFFFFFFFFFFFFFFFFFFFFFFFFFF3D
:10934000FFFFFFFFFFFFFFFFFFFFFFFFFFFFFFFF2D
:10935000FFFFFFFFFFFFFFFFFFFFFFFFFFFFFFFF1D
:10936000FFFFFFFFFFFFFFFFFFFFFFFFFFFFFFFF0D
:10937000FFFFFFFFFFFFFFFFFFFFFFFFFFFFFFFFFD
:10938000FFFFFFFFFFFFFFFFFFFFFFFFFFFFFFFFED
:10939000FFFFFFFFFFFD555500000000000000002B
:1093A00000000000000000000000000000000000BD
:1093B00000000000000000000000000000000000AD
:1093C000155557FFFFFFFFFFFFFFFFFFFFFFFFFFE9
:1093D000FFFFFFFFFFFFFFFFFFFFFFFFFFFFFFFF9D
:1093E000FFFFFFFFFFFFFFFFFFFFFFFFFFFFFFFF8D
:1093F000FFFFFFFFFFFFFFFFFFFFFFFFFFFFFFFF7D
:10940000FFFFFFFFFFFFFFFFFFFFFFFFFFFFFFFF6C
:10941000FFFFFFFFFFFFFFFFFFFFFFFFFFFFFFFF5C
:10942000FFFFFFFFFFFFFFFFFFFFFFFFFFFFFFFF4C
:10943000FFFFFFFFFFFFFFFFFFFFFFFFFFFFFFFF3C
:10944000FFFFFFFFFFFFFFFFFFFFFFFFFFFFFFFF2C
:10945000FFFFFFFFFFFFFFFFFFFFFFFFFFFFFFFF1C
:10946000FFFFFFFFFFFFFFFFFFFFFFFFFFFFFFFF0C
:10947000FFFFFFFFFFFFFFFFFFFFFFFFFFFFFFFFFC
:10948000FFFFFFFFFFFFFFFFFFFFFFFFFFFFFFFFEC
:10949000FFFFFFFFFFFFFFFFFFFFFFFFFFFFFFFFDC
:1094A000FFFFFFFFFFFFFFFFFFFFFFFFFFFFFFFFCC
:1094B000FFFFFFFFFFFFFFFFFFFFFFFFFFFFFFFFBC
:1094C000FFFFFFFFFFFFFFFFFFFFFFFFFFFFFFFFAC
:1094D000FFFFFFFFFFFFFFFFFFFFFFFFFFFFFFFF9C
:1094E000FFFFFFFFFFFFFFFFFFD555540000000007
:1094F000000000000000000000000000000000006C
:10950000000000000000000000000000000000005B
:1095100000000000055555FFFFFFFFFFFFFFFFFFA5
:10952000FFFFFFFFFFFFFFFFFFFFFFFFFFFFFFFF4B
:10953000FFFFFFFFFFFFFFFFFFFFFFFFFFFFFFFF3B
:10954000FFFFFFFFFFFFFFFFFFFFFFFFFFFFFFFF2B
:10955000FFFFFFFFFFFFFFFFFFFFFFFFFFFFFFFF1B
:10956000FFFFFFFFFFFFFFFFFFFFFFFFFFFFFFFF0B
:10957000FFFFFFFFFFFFFFFFFFFFFFFFFFFFFFFFFB
:10958000FFFFFFFFFFFFFFFFFFFFFFFFFFFFFFFFEB
:10959000FFFFFFFFFFFFFFFFFFFFFFFFFFFFFFFFDB
:1095A000FFFFFFFFFFFFFFFFFFFFFFFFFFFFFFFFCB
:1095B000FFFFFFFFFFFFFFFFFFFFFFFFFFFFFFFFBB
:1095C000FFFFFFFFFFFFFFFFFFFFFFFFFFFFFFFFAB
:1095D000FFFFFFFFFFFFFFFFFFFFFFFFFFFFFFFF9B
:1095E000FFFFFFFFFFFFFFFFFFFFFFFFFFFFFFFF8B
:1095F000FFFFFFFFFFFFFFFFFFFFFFFFFFFFFFFF7B
:10960000FFFFFFFFFFFFFFFFFFFFFFFFFFFFFFFF6A
:10961000FFFFFFFFFFFFFFFFFFFFFFFFFFFFFFFF5A
:10962000FFFFFFFFFFFFFFFFFFFFFFFFFFFFFFFF4A
:10963000FFFFFFFFFFFFFFFFFFFFFFFFFF5555503D
:10964000000000000000000000000000000000001A
:10965000000000000000000000000000000000000A
:1096600000000000000000000155555FFFFFFFFFF4
:10967000FFFFFFFFFFFFFFFFFFFFFFFFFFFFFFFFFA
:10968000FFFFFFFFFFFFFFFFFFFFFFFFFFFFFFFFEA
:10969000FFFFFFFFFFFFFFFFFFFFFFFFFFFFFFFFDA
:1096A000FFFFFFFFFFFFFFFFFFFFFFFFFFFFFFFFCA
:1096B000FFFFFFFFFFFFFFFFFFFFFFFFFFFFFFFFBA
:1096C000FFFFFFFFFFFFFFFFFFFFFFFFFFFFFFFFAA
:1096D000FFFFFFFFFFFFFFFFFFFFFFFFFFFFFFFF9A
:1096E000FFFFFFFFFFFFFFFFFFFFFFFFFFFFFFFF8A
:1096F000FFFFFFFFFFFFFFFFFFFFFFFFFFFFFFFF7A
:10970000FFFFFFFFFFFFFFFFFFFFFFFFFFFFFFFF69
:10971000FFFFFFFFFFFFFFFFFFFFFFFFFFFFFFFF59
:10972000FFFFFFFFFFFFFFFFFFFFFFFFFFFFFFFF49
:10973000FFFFFFFFFFFFFFFFFFFFFFFFFFFFFFFF39
:10974000FFFFFFFFFFFFFFFFFFFFFFFFFFFFFFFF29
:10975000FFFFFFFFFFFFFFFFFFFFFFFFFFFFFFFF19
:10976000FFFFFFFFFFFFFFFFFFFFFFFFFFFFFFFF09
:10977000FFFFFFFFFFFFFFFFFFFFFFFFFFFFFFFFF9
:10978000FFFFFFFFFFFFFFFFFFFFFFFFFFFFFFFFE9
:10979000F5555540000000000000000000000000EA
:1097A00000000000000000000000000000000000B9
:1097B00000000000000000000000000000155557E8
:1097C000FFFFFFFFFFFFFFFFFFFFFFFFFFFFFFFFA9
:1097D000FFFFFFFFFFFFFFFFFFFFFFFFFFFFFFFF99
:1097E000FFFFFFFFFFFFFFFFFFFFFFFFFFFFFFFF89
:1097F000FFFFFFFFFFFFFFFFFFFFFFFFFFFFFFFF79
:10980000FFFFFFFFFFFFFFFFFFFFFFFFFFFFFFFF68
:10981000FFFFFFFFFFFFFFFFFFFFFFFFFFFFFFFF58
:10982000FFFFFFFFFFFFFFFFFFFFFFFFFFFFFFFF48
:10983000FFFFFFFFFFFFFFFFFFFFFFFFFFFFFFFF38
:10984000FFFFFFFFFFFFFFFFFFFFFFFFFFFFFFFF28
:10985000FFFFFFFFFFFFFFFFFFFFFFFFFFFFFFFF18
:10986000FFFFFFFFFFFFFFFFFFFFFFFFFFFFFFFF08
:10987000FFFFFFFFFFFFFFFFFFFFFFFFFFFFFFFFF8
:10988000FFFFFFFFFFFFFFFFFFFFFFFFFFFFFFFFE8
:10989000FFFFFFFFFFFFFFFFFFFFFFFFFFFFFFFFD8
:1098A000FFFFFFFFFFFFFFFFFFFFFFFFFFFFFFFFC8
:1098B000FFFFFFFFFFFFFFFFFFFFFFFFFFFFFFFFB8
:1098C000FFFFFFFFFFFFFFFFFFFFFFFFFFFFFFFFA8
:1098D000FFFFFFFFFFFFFFFFFFFFFFFFFFFFFFFF98
:1098E000FFFFFFFFD55554000000000000000000FE
:1098F0000000000000000000000000000000000068
:109900000000000000000000000000000000000057
:10991000000555557FFFFFFFFFFFFFFFFFFFFFFF24
:10992000FFFFFFFFFFFFFFFFFFFFFFFFFFFFFFFF47
:10993000FFFFFFFFFFFFFFFFFFFFFFFFFFFFFFFF37
:10994000FFFFFFFFFFFFFFFFFFFFFFFFFFFFFFFF27
:10995000FFFFFFFFFFFFFFFFFFFFFFFFFFFFFFFF17
:10996000FFFFFFFFFFFFFFFFFFFFFFFFFFFFFFFF07
:10997000FFFFFFFFFFFFFFFFFFFFFFFFFFFFFFFFF7
:10998000FFFFFFFFFFFFFFFFFFFFFFFFFFFFFFFFE7
:10999000FFFFFFFFFFFFFFFFFFFFFFFFFFFFFFFFD7
:1099A000FFFFFFFFFFFFFFFFFFFFFFFFFFFFFFFFC7
:1099B000FFFFFFFFFFFFFFFFFFFFFFFFFFFFFFFFB7
:1099C000FFFFFFFFFFFFFFFFFFFFFFFFFFFFFFFFA7
:1099D000FFFFFFFFFFFFFFFFFFFFFFFFFFFFFFFF97
:1099E000FFFFFFFFFFFFFFFFFFFFFFFFFFFFFFFF87
:1099F000FFFFFFFFFFFFFFFFFFFFFFFFFFFFFFFF77
:109A0000FFFFFFFFFFFFFFFFFFFFFFFFFFFFFFFF66
:109A1000FFFFFFFFFFFFFFFFFFFFFFFFFFFFFFFF56
:109A2000FFFFFFFFFFFFFFFFFFFFFFFFFFFFFFFF46
:109A3000FFFFFFFFFFFFFFFD555550000000000036
:109A40000000000000000000000000000000000016
:109A50000000000000000000000000000000000006
:109A6000000000000001555557FFFFFFFFFFFFFFFB
:109A7000FFFFFFFFFFFFFFFFFFFFFFFFFFFFFFFFF6
:109A8000FFFFFFFFFFFFFFFFFFFFFFFFFFFFFFFFE6
:109A9000FFFFFFFFFFFFFFFFFFFFFFFFFFFFFFFFD6
:109AA000FFFFFFFFFFFFFFFFFFFFFFFFFFFFFFFFC6
:109AB000FFFFFFFFFFFFFFFFFFFFFFFFFFFFFFFFB6
:109AC000FFFFFFFFFFFFFFFFFFFFFFFFFFFFFFFFA6
:109AD000FFFFFFFFFFFFFFFFFFFFFFFFFFFFFFFF96
:109AE000FFFFFFFFFFFFFFFFFFFFFFFFFFFFFFFF86
:109AF000FFFFFFFFFFFFFFFFFFFFFFFFFFFFFFFF76
:109B0000FFFFFFFFFFFFFFFFFFFFFFFFFFFFFFFF65
:109B1000FFFFFFFFFFFFFFFFFFFFFFFFFFFFFFFF55
:109B2000FFFFFFFFFFFFFFFFFFFFFFFFFFFFFFFF45
:109B3000FFFFFFFFFFFFFFFFFFFFFFFFFFFFFFFF35
:109B4000FFFFFFFFFFFFFFFFFFFFFFFFFFFFFFFF25
:109B5000FFFFFFFFFFFFFFFFFFFFFFFFFFFFFFFF15
:109B6000FFFFFFFFFFFFFFFFFFFFFFFFFFFFFFFF05
:109B7000FFFFFFFFFFFFFFFFFFFFFFFFFFFFFFFFF5
:109B8000FFFFFFFFFFFFFFFFFFFFFFD55555400021
:109B900000000000000000000000000000000000C5
:109BA00000000000000000000000000000000000B5
:109BB000000000000000000000001555557FFFFF69
:109BC000FFFFFFFFFFFFFFFFFFFFFFFFFFFFFFFFA5
:109BD000FFFFFFFFFFFFFFFFFFFFFFFFFFFFFFFF95
:109BE000FFFFFFFFFFFFFFFFFFFFFFFFFFFFFFFF85
:109BF000FFFFFFFFFFFFFFFFFFFFFFFFFFFFFFFF75
:109C0000FFFFFFFFFFFFFFFFFFFFFFFFFFFFFFFF64
:109C1000FFFFFFFFFFFFFFFFFFFFFFFFFFFFFFFF54
:109C2000FFFFFFFFFFFFFFFFFFFFFFFFFFFFFFFF44
:109C3000FFFFFFFFFFFFFFFFFFFFFFFFFFFFFFFF34
:109C4000FFFFFFFFFFFFFFFFFFFFFFFFFFFFFFFF24
:109C5000FFFFFFFFFFFFFFFFFFFFFFFFFFFFFFFF14
:109C6000FFFFFFFFFFFFFFFFFFFFFFFFFFFFFFFF04
:109C7000FFFFFFFFFFFFFFFFFFFFFFFFFFFFFFFFF4
:109C8000FFFFFFFFFFFFFFFFFFFFFFFFFFFFFFFFE4
:109C9000FFFFFFFFFFFFFFFFFFFFFFFFFFFFFFFFD4
:109CA000FFFFFFFFFFFFFFFFFFFFFFFFFFFFFFFFC4
:109CB000FFFFFFFFFFFFFFFFFFFFFFFFFFFFFFFFB4
:109CC000FFFFFFFFFFFFFFFFFFFFFFFFFFFFFFFFA4
:109CD000FFFFFFFFFFFFFFFFFFFFFFFFFFFFFD5540
:109CE00055540000000000000000000000000000CB
:109CF0000000000000000000000000000000000064
:109D000000000000000000000000000000000555F9
:109D1000555BFFFFFFFFFFFFFFFFFFFFFFFFFFFFA1
:109D2000FFFFFFFFFFFFFFFFFFFFFFFFFFFFFFFF43
:109D3000FFFFFFFFFFFFFFFFFFFFFFFFFFFFFFFF33
:109D4000FFFFFFFFFFFFFFFFFFFFFFFFFFFFFFFF23
:109D5000FFFFFFFFFFFFFFFFFFFFFFFFFFFFFFFF13
:109D6000FFFFFFFFFFFFFFFFFFFFFFFFFFFFFFFF03
:109D7000FFFFFFFFFFFFFFFFFFFFFFFFFFFFFFFFF3
:109D8000FFFFFFFFFFFFFFFFFFFFFFFFFFFFFFFFE3
:109D9000FFFFFFFFFFFFFFFFFFFFFFFFFFFFFFFFD3
:109DA000FFFFFFFFFFFFFFFFFFFFFFFFFFFFFFFFC3
:109DB000FFFFFFFFFFFFFFFFFFFFFFFFFFFFFFFFB3
:109DC000FFFFFFFFFFFFFFFFFFFFFFFFFFFFFFFFA3
:109DD000FFFFFFFFFFFFFFFFFFFFFFFFFFFFFFFF93
:109DE000FFFFFFFFFFFFFFFFFFFFFFFFFFFFFFFF83
:109DF000FFFFFFFFFFFFFFFFFFFFFFFFFFFFFFFF73
:109E0000FFFFFFFFFFFFFFFFFFFFFFFFFFFFFFFF62
:109E1000FFFFFFFFFFFFFFFFFFFFFFFFFFFFFFFF52
:109E2000FFFFFFFFFFFFFFFFFFFFFFFFFFFFFFFF42
:109E3000FFFFE55555500000000000000000000045
:109E40000000000000000000000000000000000012
:109E50000000000000000000000000000000000002
:109E6000000000555555FFFFFFFFFFFFFFFFFFFFFD
:109E7000FFFFFFFFFFFFFFFFFFFFFFFFFFFFFFFFF2
:109E8000FFFFFFFFFFFFFFFFFFFFFFFFFFFFFFFFE2
:109E9000FFFFFFFFFFFFFFFFFFFFFFFFFFFFFFFFD2
:109EA000FFFFFFFFFFFFFFFFFFFFFFFFFFFFFFFFC2
:109EB000FFFFFFFFFFFFFFFFFFFFFFFFFFFFFFFFB2
:109EC000FFFFFFFFFFFFFFFFFFFFFFFFFFFFFFFFA2
:109ED000FFFFFFFFFFFFFFFFFFFFFFFFFFFFFFFF92
:109EE000FFFFFFFFFFFFFFFFFFFFFFFFFFFFFFFF82
:109EF000FFFFFFFFFFFFFFFFFFFFFFFFFFFFFFFF72
:109F0000FFFFFFFFFFFFFFFFFFFFFFFFFFFFFFFF61
:109F1000FFFFFFFFFFFFFFFFFFFFFFFFFFFFFFFF51
:109F2000FFFFFFFFFFFFFFFFFFFFFFFFFFFFFFFF41
:109F3000FFFFFFFFFFFFFFFFFFFFFFFFFFFFFFFF31
:109F4000FFFFFFFFFFFFFFFFFFFFFFFFFFFFFFFF21
:109F5000FFFFFFFFFFFFFFFFFFFFFFFFFFFFFFFF11
:109F6000FFFFFFFFFFFFFFFFFFFFFFFFFFFFFFFF01
:109F7000FFFFFFFFFFFFFFFFFFFFFFFFFFFFFFFFF1
:109F8000FFFFFFFFFFFF55555500000000000000D8
:109F900000000000000000000000000000000000C1
:109FA00000000000000000000000000000000000B1
:109FB0000000000000000005555557FFFFFFFFFFA0
:109FC000FFFFFFFFFFFFFFFFFFFFFFFFFFFFFFFFA1
:109FD000FFFFFFFFFFFFFFFFFFFFFFFFFFFFFFFF91
:109FE000FFFFFFFFFFFFFFFFFFFFFFFFFFFFFFFF81
:109FF000FFFFFFFFFFFFFFFFFFFFFFFFFFFFFFFF71
:10A00000FFFFFFFFFFFFFFFFFFFFFFFFFFFFFFFF60
:10A01000FFFFFFFFFFFFFFFFFFFFFFFFFFFFFFFF50
:10A02000FFFFFFFFFFFFFFFFFFFFFFFFFFFFFFFF40
:10A03000FFFFFFFFFFFFFFFFFFFFFFFFFFFFFFFF30
:10A04000FFFFFFFFFFFFFFFFFFFFFFFFFFFFFFFF20
:10A05000FFFFFFFFFFFFFFFFFFFFFFFFFFFFFFFF10
:10A06000FFFFFFFFFFFFFFFFFFFFFFFFFFFFFFFF00
:10A07000FFFFFFFFFFFFFFFFFFFFFFFFFFFFFFFFF0
:10A08000FFFFFFFFFFFFFFFFFFFFFFFFFFFFFFFFE0
:10A09000FFFFFFFFFFFFFFFFFFFFFFFFFFFFFFFFD0
:10A0A000FFFFFFFFFFFFFFFFFFFFFFFFFFFFFFFFC0
:10A0B000FFFFFFFFFFFFFFFFFFFFFFFFFFFFFFFFB0
:10A0C000FFFFFFFFFFFFFFFFFFFFFFFFFFFFFFFFA0
:10A0D000FFFFFFFFFFFFFFFFFFD5555550000000BA
:10A0E0000000000000000000000000000000000070
:10A0F0000000000000000000000000000000000060
:10A100000000000000000000000000015555557FD0
:10A11000FFFFFFFFFFFFFFFFFFFFFFFFFFFFFFFF4F
:10A12000FFFFFFFFFFFFFFFFFFFFFFFFFFFFFFFF3F
:10A13000FFFFFFFFFFFFFFFFFFFFFFFFFFFFFFFF2F
:10A14000FFFFFFFFFFFFFFFFFFFFFFFFFFFFFFFF1F
:10A15000FFFFFFFFFFFFFFFFFFFFFFFFFFFFFFFF0F
:10A16000FFFFFFFFFFFFFFFFFFFFFFFFFFFFFFFFFF
:10A17000FFFFFFFFFFFFFFFFFFFFFFFFFFFFFFFFEF
:10A18000FFFFFFFFFFFFFFFFFFFFFFFFFFFFFFFFDF
:10A19000FFFFFFFFFFFFFFFFFFFFFFFFFFFFFFFFCF
:10A1A000FFFFFFFFFFFFFFFFFFFFFFFFFFFFFFFFBF
:10A1B000FFFFFFFFFFFFFFFFFFFFFFFFFFFFFFFFAF
:10A1C000FFFFFFFFFFFFFFFFFFFFFFFFFFFFFFFF9F
:10A1D000FFFFFFFFFFFFFFFFFFFFFFFFFFFFFFFF8F
:10A1E000FFFFFFFFFFFFFFFFFFFFFFFFFFFFFFFF7F
:10A1F000FFFFFFFFFFFFFFFFFFFFFFFFFFFFFFFF6F
:10A20000FFFFFFFFFFFFFFFFFFFFFFFFFFFFFFFF5E
:10A21000FFFFFFFFFFFFFFFFFFFFFFFFFFFFFFFF4E
:10A22000FFFFFFFFFFFFFFFFFFFFFFFFFD5555553E
:10A2300040000000000000000000000000000000DE
:10A24000000000000000000000000000000000000E
:10A2500000000000000000000000000000000000FE
:10A2600015555557FFFFFFFFFFFFFFFFFFFFFFFFE4
:10A27000FFFFFFFFFFFFFFFFFFFFFFFFFFFFFFFFEE
:10A28000FFFFFFFFFFFFFFFFFFFFFFFFFFFFFFFFDE
:10A29000FFFFFFFFFFFFFFFFFFFFFFFFFFFFFFFFCE
:10A2A000FFFFFFFFFFFFFFFFFFFFFFFFFFFFFFFFBE
:10A2B000FFFFFFFFFFFFFFFFFFFFFFFFFFFFFFFFAE
:10A2C000FFFFFFFFFFFFFFFFFFFFFFFFFFFFFFFF9E
:10A2D000FFFFFFFFFFFFFFFFFFFFFFFFFFFFFFFF8E
:10A2E000FFFFFFFFFFFFFFFFFFFFFFFFFFFFFFFF7E
:10A2F000FFFFFFFFFFFFFFFFFFFFFFFFFFFFFFFF6E
:10A30000FFFFFFFFFFFFFFFFFFFFFFFFFFFFFFFF5D
:10A31000FFFFFFFFFFFFFFFFFFFFFFFFFFFFFFFF4D
:10A32000FFFFFFFFFFFFFFFFFFFFFFFFFFFFFFFF3D
:10A33000FFFFFFFFFFFFFFFFFFFFFFFFFFFFFFFF2D
:10A34000FFFFFFFFFFFFFFFFFFFFFFFFFFFFFFFF1D
:10A35000FFFFFFFFFFFFFFFFFFFFFFFFFFFFFFFF0D
:10A36000FFFFFFFFFFFFFFFFFFFFFFFFFFFFFFFFFD
:10A37000FFFFFFFFFFFFFFFFFFFFFFFFFFFFFFFFED
:10A38000D5555554000000000000000000000000FA
:10A3900000000000000000000000000000000000BD
:10A3A00000000000000000000000000000000000AD
:10A3B00000000000015555555FFFFFFFFFFFFFFF45
:10A3C000FFFFFFFFFFFFFFFFFFFFFFFFFFFFFFFF9D
:10A3D000FFFFFFFFFFFFFFFFFFFFFFFFFFFFFFFF8D
:10A3E000FFFFFFFFFFFFFFFFFFFFFFFFFFFFFFFF7D
:10A3F000FFFFFFFFFFFFFFFFFFFFFFFFFFFFFFFF6D
:10A40000FFFFFFFFFFFFFFFFFFFFFFFFFFFFFFFF5C
:10A41000FFFFFFFFFFFFFFFFFFFFFFFFFFFFFFFF4C
:10A42000FFFFFFFFFFFFFFFFFFFFFFFFFFFFFFFF3C
:10A43000FFFFFFFFFFFFFFFFFFFFFFFFFFFFFFFF2C
:10A44000FFFFFFFFFFFFFFFFFFFFFFFFFFFFFFFF1C
:10A45000FFFFFFFFFFFFFFFFFFFFFFFFFFFFFFFF0C
:10A46000FFFFFFFFFFFFFFFFFFFFFFFFFFFFFFFFFC
:10A47000FFFFFFFFFFFFFFFFFFFFFFFFFFFFFFFFEC
:10A48000FFFFFFFFFFFFFFFFFFFFFFFFFFFFFFFFDC
:10A49000FFFFFFFFFFFFFFFFFFFFFFFFFFFFFFFFCC
:10A4A000FFFFFFFFFFFFFFFFFFFFFFFFFFFFFFFFBC
:10A4B000FFFFFFFFFFFFFFFFFFFFFFFFFFFFFFFFAC
:10A4C000FFFFFFFFFFFFFFFFFFFFFFFFFFFFFFFF9C
:10A4D000FFFFFFF55555554000000000000000004B
:10A4E000000000000000000000000000000000006C
:10A4F000000000000000000000000000000000005C
:10A50000000000000000000000155555557FFFFFBA
:10A51000FFFFFFFFFFFFFFFFFFFFFFFFFFFFFFFF4B
:10A52000FFFFFFFFFFFFFFFFFFFFFFFFFFFFFFFF3B
:10A53000FFFFFFFFFFFFFFFFFFFFFFFFFFFFFFFF2B
:10A54000FFFFFFFFFFFFFFFFFFFFFFFFFFFFFFFF1B
:10A55000FFFFFFFFFFFFFFFFFFFFFFFFFFFFFFFF0B
:10A56000FFFFFFFFFFFFFFFFFFFFFFFFFFFFFFFFFB
:10A57000FFFFFFFFFFFFFFFFFFFFFFFFFFFFFFFFEB
:10A58000FFFFFFFFFFFFFFFFFFFFFFFFFFFFFFFFDB
:10A59000FFFFFFFFFFFFFFFFFFFFFFFFFFFFFFFFCB
:10A5A000FFFFFFFFFFFFFFFFFFFFFFFFFFFFFFFFBB
:10A5B000FFFFFFFFFFFFFFFFFFFFFFFFFFFFFFFFAB
:10A5C000FFFFFFFFFFFFFFFFFFFFFFFFFFFFFFFF9B
:10A5D000FFFFFFFFFFFFFFFFFFFFFFFFFFFFFFFF8B
:10A5E000FFFFFFFFFFFFFFFFFFFFFFFFFFFFFFFF7B
:10A5F000FFFFFFFFFFFFFFFFFFFFFFFFFFFFFFFF6B
:10A60000FFFFFFFFFFFFFFFFFFFFFFFFFFFFFFFF5A
:10A61000FFFFFFFFFFFFFFFFFFFFFFFFFFFFFFFF4A
:10A62000FFFFFFFFFFFFFD555555540000000000E0
:10A63000000000000000000000000000000000001A
:10A64000000000000000000000000000000000000A
:10A65000000000000000000000000000000155554F
:10A660005555FFFFFFFFFFFFFFFFFFFFFFFFFFFF4E
:10A67000FFFFFFFFFFFFFFFFFFFFFFFFFFFFFFFFEA
:10A68000FFFFFFFFFFFFFFFFFFFFFFFFFFFFFFFFDA
:10A69000FFFFFFFFFFFFFFFFFFFFFFFFFFFFFFFFCA
:10A6A000FFFFFFFFFFFFFFFFFFFFFFFFFFFFFFFFBA
:10A6B000FFFFFFFFFFFFFFFFFFFFFFFFFFFFFFFFAA
:10A6C000FFFFFFFFFFFFFFFFFFFFFFFFFFFFFFFF9A
:10A6D000FFFFFFFFFFFFFFFFFFFFFFFFFFFFFFFF8A
:10A6E000FFFFFFFFFFFFFFFFFFFFFFFFFFFFFFFF7A
:10A6F000FFFFFFFFFFFFFFFFFFFFFFFFFFFFFFFF6A
:10A70000FFFFFFFFFFFFFFFFFFFFFFFFFFFFFFFF59
:10A71000FFFFFFFFFFFFFFFFFFFFFFFFFFFFFFFF49
:10A72000FFFFFFFFFFFFFFFFFFFFFFFFFFFFFFFF39
:10A73000FFFFFFFFFFFFFFFFFFFFFFFFFFFFFFFF29
:10A74000FFFFFFFFFFFFFFFFFFFFFFFFFFFFFFFF19
:10A75000FFFFFFFFFFFFFFFFFFFFFFFFFFFFFFFF09
:10A76000FFFFFFFFFFFFFFFFFFFFFFFFFFFFFFFFF9
:10A77000FFFFFFFFFFFFFFFFFFFF5555555540004F
:10A7800000000000000000000000000000000000C9
:10A7900000000000000000000000000000000000B9
:10A7A00000000000000000000000000000000000A9
:10A7B00000001555555557FFFFFFFFFFFFFFFFFF37
:10A7C000FFFFFFFFFFFFFFFFFFFFFFFFFFFFFFFF99
:10A7D000FFFFFFFFFFFFFFFFFFFFFFFFFFFFFFFF89
:10A7E000FFFFFFFFFFFFFFFFFFFFFFFFFFFFFFFF79
:10A7F000FFFFFFFFFFFFFFFFFFFFFFFFFFFFFFFF69
:10A80000FFFFFFFFFFFFFFFFFFFFFFFFFFFFFFFF58
:10A81000FFFFFFFFFFFFFFFFFFFFFFFFFFFFFFFF48
:10A82000FFFFFFFFFFFFFFFFFFFFFFFFFFFFFFFF38
:10A83000FFFFFFFFFFFFFFFFFFFFFFFFFFFFFFFF28
:10A84000FFFFFFFFFFFFFFFFFFFFFFFFFFFFFFFF18
:10A85000FFFFFFFFFFFFFFFFFFFFFFFFFFFFFFFF08
:10A86000FFFFFFFFFFFFFFFFFFFFFFFFFFFFFFFFF8
:10A87000FFFFFFFFFFFFFFFFFFFFFFFFFFFFFFFFE8
:10A88000FFFFFFFFFFFFFFFFFFFFFFFFFFFFFFFFD8
:10A89000FFFFFFFFFFFFFFFFFFFFFFFFFFFFFFFFC8
:10A8A000FFFFFFFFFFFFFFFFFFFFFFFFFFFFFFFFB8
:10A8B000FFFFFFFFFFFFFFFFFFFFFFFFFFFFFFFFA8
:10A8C000FFFFFFFFFFFFFFFFFFFFFFFFFFD5555516
:10A8D00055540000000000000000000000000000CF
:10A8E0000000000000000000000000000000000068
:10A8F0000000000000000000000000000000000058
:10A90000000000000000015555555557FFFFFFFF9F
:10A91000FFFFFFFFFFFFFFFFFFFFFFFFFFFFFFFF47
:10A92000FFFFFFFFFFFFFFFFFFFFFFFFFFFFFFFF37
:10A93000FFFFFFFFFFFFFFFFFFFFFFFFFFFFFFFF27
:10A94000FFFFFFFFFFFFFFFFFFFFFFFFFFFFFFFF17
:10A95000FFFFFFFFFFFFFFFFFFFFFFFFFFFFFFFF07
:10A96000FFFFFFFFFFFFFFFFFFFFFFFFFFFFFFFFF7
:10A97000FFFFFFFFFFFFFFFFFFFFFFFFFFFFFFFFE7
:10A98000FFFFFFFFFFFFFFFFFFFFFFFFFFFFFFFFD7
:10A99000FFFFFFFFFFFFFFFFFFFFFFFFFFFFFFFFC7
:10A9A000FFFFFFFFFFFFFFFFFFFFFFFFFFFFFFFFB7
:10A9B000FFFFFFFFFFFFFFFFFFFFFFFFFFFFFFFFA7
:10A9C000FFFFFFFFFFFFFFFFFFFFFFFFFFFFFFFF97
:10A9D000FFFFFFFFFFFFFFFFFFFFFFFFFFFFFFFF87
:10A9E000FFFFFFFFFFFFFFFFFFFFFFFFFFFFFFFF77
:10A9F000FFFFFFFFFFFFFFFFFFFFFFFFFFFFFFFF67
:10AA0000FFFFFFFFFFFFFFFFFFFFFFFFFFFFFFFF56
:10AA1000FFFFFFFFFFFFFFFFFFFFFFFFFFFFFFFF46
:10AA2000D5555555554000000000000000000000BD
:10AA30000000000000000000000000000000000016
:10AA40000000000000000000000000000000000006
:10AA5000000000000000000000000005555555559D
:10AA600055BFFFFFFFFFFFFFFFFFFFFFFFFFFFFFE0
:10AA7000FFFFFFFFFFFFFFFFFFFFFFFFFFFFFFFFE6
:10AA8000FFFFFFFFFFFFFFFFFFFFFFFFFFFFFFFFD6
:10AA9000FFFFFFFFFFFFFFFFFFFFFFFFFFFFFFFFC6
:10AAA000FFFFFFFFFFFFFFFFFFFFFFFFFFFFFFFFB6
:10AAB000FFFFFFFFFFFFFFFFFFFFFFFFFFFFFFFFA6
:10AAC000FFFFFFFFFFFFFFFFFFFFFFFFFFFFFFFF96
:10AAD000FFFFFFFFFFFFFFFFFFFFFFFFFFFFFFFF86
:10AAE000FFFFFFFFFFFFFFFFFFFFFFFFFFFFFFFF76
:10AAF000FFFFFFFFFFFFFFFFFFFFFFFFFFFFFFFF66
:10AB0000FFFFFFFFFFFFFFFFFFFFFFFFFFFFFFFF55
:10AB1000FFFFFFFFFFFFFFFFFFFFFFFFFFFFFFFF45
:10AB2000FFFFFFFFFFFFFFFFFFFFFFFFFFFFFFFF35
:10AB3000FFFFFFFFFFFFFFFFFFFFFFFFFFFFFFFF25
:10AB4000FFFFFFFFFFFFFFFFFFFFFFFFFFFFFFFF15
:10AB5000FFFFFFFFFFFFFFFFFFFFFFFFFFFFFFFF05
:10AB6000FFFFFFFFFFFFFFFFFFFFFFFFFFFFFFFFF5
:10AB7000FFFFFE55555555555000000000000000E0
:10AB800000000000000000000000000000000000C5
:10AB900000000000000000000000000000000000B5
:10ABA00000000000000000000000000000000000A5
:10ABB00015555555555555FFFFFFFFFFFFFFFFFF8B
:10ABC000FFFFFFFFFFFFFFFFFFFFFFFFFFFFFFFF95
:10ABD000FFFFFFFFFFFFFFFFFFFFFFFFFFFFFFFF85
:10ABE000FFFFFFFFFFFFFFFFFFFFFFFFFFFFFFFF75
:10ABF000FFFFFFFFFFFFFFFFFFFFFFFFFFFFFFFF65
:10AC0000FFFFFFFFFFFFFFFFFFFFFFFFFFFFFFFF54
:10AC1000FFFFFFFFFFFFFFFFFFFFFFFFFFFFFFFF44
:10AC2000FFFFFFFFFFFFFFFFFFFFFFFFFFFFFFFF34
:10AC3000FFFFFFFFFFFFFFFFFFFFFFFFFFFFFFFF24
:10AC4000FFFFFFFFFFFFFFFFFFFFFFFFFFFFFFFF14
:10AC5000FFFFFFFFFFFFFFFFFFFFFFFFFFFFFFFF04
:10AC6000FFFFFFFFFFFFFFFFFFFFFFFFFFFFFFFFF4
:10AC7000FFFFFFFFFFFFFFFFFFFFFFFFFFFFFFFFE4
:10AC8000FFFFFFFFFFFFFFFFFFFFFFFFFFFFFFFFD4
:10AC9000FFFFFFFFFFFFFFFFFFFFFFFFFFFFFFFFC4
:10ACA000FFFFFFFFFFFFFFFFFFFFFFFFFFFFFFFFB4
:10ACB000FFFFFFFFFFFFFFFFFFFFFFFFFFFFFFFFA4
:10ACC000FFFFFFFFFF555555555555540000000037
:10ACD0000000000000000000000000000000000074
:10ACE0000000000000000000000000000000000064
:10ACF0000000000000000000000000000000000054
:10AD0000000000000055555555555555555555559C
:10AD100055555555555555555555555555555555E3
:10AD200055555555555555555555555555555555D3
:10AD300055555555555555555555555555555555C3
:10AD400055555555555555555555555555555555B3
:10AD500055555555555555555555555555555555A3
:10AD60005555555555555555555555555555555593
:10AD70005555555555555555555555555555555583
:10AD80005555555555555555555555555555555573
:10AD90005555555555555555555555555555555563
:10ADA0005555555555555555555555555555555553
:10ADB0005555555555555555555555555555555543
:10ADC0005555555555555555555555555555555533
:10ADD0005555555555555555555555555555555523
:10ADE0005555555555555555555555555555555513
:10ADF0005555555555555555555555555555555503
:10AE000055555555555555555555555555555555F2
:10AE10005555555555555555555555555555550037
:10AE20000000000000000000000000000000000022
:10AE30000000000000000000000000000000000012
:10AE40000000000000000000000000000000000002
:10AE500000000000000000000001555555555555F3
:10AE60005555555555555555555555555555555592
:10AE70005555555555555555555555555555555582
:10AE80005555555555555555555555555555555572
:10AE90005555555555555555555555555555555562
:10AEA0005555555555555555555555555555555552
:10AEB0005555555555555555555555555555555542
:10AEC0005555555555555555555555555555555532
:10AED0005555555555555555555555555555555522
:10AEE0005555555555555555555555555555555512
:10AEF0005555555555555555555555555555555502
:10AF000055555555555555555555555555555555F1
:10AF100055555555555555555555555555555555E1
:10AF200055555555555555555555555555555555D1
:10AF300055555555555555555555555555555555C1
:10AF400055555555555555555555555555555555B1
:10AF500055555555555555555555555555555555A1
:10AF60005555555555555555555555555555555591
:10AF700055554000000000000000000000000000E7
:10AF800000000000000000000000000000000000C1
:10AF900000000000000000000000000000000000B1
:10AFA0000000000000000000000000000000055547
:10AFB0005555555555555555555555555555555541
:10AFC0005555555555555555555555555555555531
:10AFD0005555555555555555555555555555555521
:10AFE0005555555555555555555555555555555511
:10AFF0005555555555555555555555555555555501
:10B0000055555555555555555555555555555555F0
:10B0100055555555555555555555555555555555E0
:10B0200055555555555555555555555555555555D0
:10B0300055555555555555555555555555555555C0
:10B0400055555555555555555555555555555555B0
:10B0500055555555555555555555555555555555A0
:10B060005555555555555555555555555555555590
:10B070005555555555555555555555555555555580
:10B080005555555555555555555555555555555570
:10B090005555555555555555555555555555555560
:10B0A0005555555555555555555555555555555550
:10B0B0005555555555555555555555555555555540
:10B0C0005555555555500000000000000000000087
:10B0D0000000000000000000000000000000000070
:10B0E0000000000000000000000000000000000060
:10B0F0000000000000000000000000000000000050
:10B10000000000055555555555555555555555553E
:10B1100055555555555555555555555555555555DF
:10B1200055555555555555555555555555555555CF
:10B1300055555555555555555555555555555555BF
:10B1400055555555555555555555555555555555AF
:10B15000555555555555555555555555555555559F
:10B16000555555555555555555555555555555558F
:10B17000555555555555555555555555555555557F
:10B18000555555555555555555555555555555556F
:10B19000555555555555555555555555555555555F
:10B1A000555555555555555555555555555555554F
:10B1B000555555555555555555555555555555553F
:10B1C000555555555555555555555555555555552F
:10B1D000555555555555555555555555555555551F
:10B1E000555555555555555555555555555555550F
:10B1F00055555555555555555555555555555555FF
:10B2000055555555555555555555555555555555EE
:10B210005555555555555555500000000000000036
:10B22000000000000000000000000000000000001E
:10B23000000000000000000000000000000000000E
:10B2400000000000000000000000000000000000FE
:10B25000000000000000000000555555555555559B
:10B26000555555555555555555555555555555558E
:10B27000555555555555555555555555555555557E
:10B28000555555555555555555555555555555556E
:10B29000555555555555555555555555555555555E
:10B2A000555555555555555555555555555555554E
:10B2B000555555555555555555555555555555553E
:10B2C000555555555555555555555555555555552E
:10B2D000555555555555555555555555555555551E
:10B2E000555555555555555555555555555555550E
:10B2F00055555555555555555555555555555555FE
:10B3000055555555555555555555555555555555ED
:10B3100055555555555555555555555555555555DD
:10B3200055555555555555555555555555555555CD
:10B3300055555555555555555555555555555555BD
:10B3400055555555555555555555555555555555AD
:10B35000555555555555555555555555555555559D
:10B360005555555555555555555555000000000036
:10B3700000000000000000000000000000000000CD
:10B3800000000000000000000000000000000000BD
:10B3900000000000000000000000000000000000AD
:10B3A0000000000000000000000000000000015547
:10B3B000555555555555555555555555555555553D
:10B3C000555555555555555555555555555555552D
:10B3D000555555555555555555555555555555551D
:10B3E000555555555555555555555555555555550D
:10B3F00055555555555555555555555555555555FD
:10B4000055555555555555555555555555555555EC
:10B4100055555555555555555555555555555555DC
:10B4200055555555555555555555555555555555CC
:10B4300055555555555555555555555555555555BC
:10B4400055555555555555555555555555555555AC
:10B45000555555555555555555555555555555559C
:10B46000555555555555555555555555555555558C
:10B47000555555555555555555555555555555557C
:10B48000555555555555555555555555555555556C
:10B49000555555555555555555555555555555555C
:10B4A000555555555555555555555555555555554C
:10B4B00055555555555555555555555555400000FB
:10B4C000000000000000000000000000000000007C
:10B4D000000000000000000000000000000000006C
:10B4E000000000000000000000000000000000005C
:10B4F000000000000000000000000000000000004C
:10B50000000000000000000000000000000000003B
:10B51000000000000000000000000000000000002B
:10B52000000000000000000000000000000000001B
:10B53000000000000000000000000000000000000B
:10B5400000000000000000000000000000000000FB
:10B5500000000000000000000000000000000000EB
:10B5600000000000000000000000000000000000DB
:10B5700000000000000000000000000000000000CB
:10B5800000000000000000000000000000000000BB
:10B5900000000000000000000000000000000000AB
:10B5A000000000000000000000000000000000009B
:10B5B000000000000000000000000000000000008B
:10B5C000000000000000000000000000000000007B
:10B5D000000000000000000000000000000000006B
:10B5E000000000000000000000000000000000005B
:10B5F000000000000000000000000000000000004B
:10B60000000000000000000000000000000000003A
:10B61000000000000000000000000000000000002A
:10B62000000000000000000000000000000000001A
:10B63000000000000000000000000000000000000A
:10B6400000000000000000000000000000000000FA
:10B6500000000000000000000000000000000000EA
:10B6600000000000000000000000000000000000DA
:10B6700000000000000000000000000000000000CA
:10B6800000000000000000000000000000000000BA
:10B6900000000000000000000000000000000000AA
:10B6A000000000000000000000000000000000009A
:10B6B000000000000000000000000000000000008A
:10B6C000000000000000000000000000000000007A
:10B6D000000000000000000000000000000000006A
:10B6E000000000000000000000000000000000005A
:10B6F000000000000000000000000000000000004A
:10B700000000000000000000000000000000000039
:10B710000000000000000000000000000000000029
:10B720000000000000000000000000000000000019
:10B730000000000000000000000000000000000009
:10B7400000000000000000000000000000000000F9
:10B7500000000000000000000000000000000000E9
:10B7600000000000000000000000000000000000D9
:10B7700000000000000000000000000000000000C9
:10B7800000000000000000000000000000000000B9
:10B7900000000000000000000000000000000000A9
:10B7A0000000000000000000000000000000000099
:10B7B0000000000000000000000000000000000089
:10B7C0000000000000000000000000000000000079
:10B7D0000000000000000000000000000000000069
:10B7E0000000000000000000000000000000000059
:10B7F0000000000000000000000000000000000049
:10B800000000000000000000000000000000000038
:10B810000000000000000000000000000000000028
:10B820000000000000000000000000000000000018
:10B830000000000000000000000000000000000008
:10B8400000000000000000000000000000000000F8
:10B8500000000000000000000000000000000000E8
:10B8600000000000000000000000000000000000D8
:10B8700000000000000000000000000000000000C8
:10B8800000000000000000000000000000000000B8
:10B8900000000000000000000000000000000000A8
:10B8A0000000000000000000000000000000000098
:10B8B0000000000000000000000000000000000088
:10B8C0000000000000000000000000000000000078
:10B8D0000000000000000000000000000000000068
:10B8E0000000000000000000000000000000000058
:10B8F0000000000000000000000000000000000048
:10B900000000000000000000000000000000000037
:10B910000000000000000000000000000000000027
:10B920000000000000000000000000000000000017
:10B930000000000000000000000000000000000007
:10B9400000000000000000000000000000000000F7
:10B9500000000000000000000000000000000000E7
:10B9600000000000000000000000000000000000D7
:10B9700000000000000000000000000000000000C7
:10B9800000000000000000000000000000000000B7
:10B9900000000000000000000000000000000000A7
:10B9A0000000000000000000000000000000000097
:10B9B0000000000000000000000000000000000087
:10B9C0000000000000000000000000000000000077
:10B9D0000000000000000000000000000000000067
:10B9E0000000000000000000000000000000000057
:10B9F0000000000000000000000000000000000047
:10BA00000000000000000000000000000000000036
:10BA10000000000000000000000000000000000026
:10BA20000000000000000000000000000000000016
:10BA30000000000000000000000000000000000006
:10BA400000000000000000000000000000000000F6
:10BA500000000000000000000000000000000000E6
:10BA600000000000000000000000000000000000D6
:10BA700000000000000000000000000000000000C6
:10BA800000000000000000000000000000000000B6
:10BA900000000000000000000000000000000000A6
:10BAA0000000000000000000000000000000000096
:10BAB0000000000000000000000000000000000086
:10BAC0000000000000000000000000000000000076
:10BAD0000000000000000000000000000000000066
:10BAE0000000000000000000000000000000000056
:10BAF0000000000000000000000000000000000046
:10BB00000000000000000000000000000000000035
:10BB10000000000000000000000000000000000025
:10BB20000000000000000000000000000000000015
:10BB30000000000000000000000000000000000005
:10BB400000000000000000000000000000000000F5
:10BB500000000000000000000000000000000000E5
:10BB600000000000000000000000000000000000D5
:10BB700000000000000000000000000000000000C5
:10BB800000000000000000000000000000000000B5
:10BB900000000000000000000000000000000000A5
:10BBA0000000000000000000000000000000000095
:10BBB0000000000000000000000000000000000085
:10BBC0000000000000000000000000000000000075
:10BBD0000000000000000000000000000000000065
:10BBE0000000000000000000000000000000000055
:10BBF0000000000000000000000000000000000045
:10BC00000000000000000000000000000000000034
:10BC10000000000000000000000000000000000024
:10BC20000000000000000000000000000000000014
:10BC30000000000000000000000000000000000004
:10BC400000000000000000000000000000000000F4
:10BC500000000000000000000000000000000000E4
:10BC600000000000000000000000000000000000D4
:10BC700000000000000000000000000000000000C4
:10BC800000000000000000000000000000000000B4
:10BC900000000000000000000000000000000000A4
:10BCA0000000000000000000000000000000000094
:10BCB0000000000000000000000000000000000084
:10BCC0000000000000000000000000000000000074
:10BCD0000000000000000000000000000000000064
:10BCE0000000000000000000000000000000000054
:10BCF0000000000000000000000000000000000044
:10BD00000000000000000000000000000000000033
:10BD10000000000000000000000000000000000023
:10BD20000000000000000000000000000000000013
:10BD30000000000000000000000000000000000003
:10BD400000000000000000000000000000000000F3
:10BD500000000000000000000000000000000000E3
:10BD600000000000000000000000000000000000D3
:10BD700000000000000000000000000000000000C3
:10BD800000000000000000000000000000000000B3
:10BD900000000000000000000000000000000000A3
:10BDA0000000000000000000000000000000000093
:10BDB0000000000000000000000000000000000083
:10BDC0000000000000000000000000000000000073
:10BDD0000000000000000000000000000000000063
:10BDE0000000000000000000000000000000000053
:10BDF0000000000000000000000000000000000043
:10BE00000000000000000000000000000000000032
:10BE10000000000000000000000000000000000022
:10BE20000000000000000000000000000000000012
:10BE30000000000000000000000000000000000002
:10BE400000000000000000000000000000000000F2
:10BE500000000000000000000000000000000000E2
:10BE600000000000000000000000000000000000D2
:10BE700000000000000000000000000000000000C2
:10BE800000000000000000000000000000000000B2
:10BE900000000000000000000000000000000000A2
:10BEA0000000000000000000000000000000000092
:10BEB0000000000000000000000000000000000082
:10BEC0000000000000000000000000000000000072
:10BED0000000000000000000000000000000000062
:10BEE0000000000000000000000000000000000052
:10BEF0000000000000000000000000000000000042
:10BF00000000000000000000000000000000000031
:10BF10000000000000000000000000000000000021
:10BF20000000000000000000000000000000000011
:10BF30000000000000000000000000000000000001
:10BF400000000000000000000000000000000000F1
:10BF500000000000000000000000000000000000E1
:10BF600000000000000000000000000000000000D1
:10BF700000000000000000000000000000000000C1
:10BF800000000000000000000000000000000000B1
:10BF900000000000000000000000000000000000A1
:10BFA0000000000000000000000000000000000091
:10BFB0000000000000000000000000000000000081
:10BFC0000000000000000000000000000000000071
:10BFD0000000000000000000000000000000000061
:10BFE0000000000000000000000000000000000051
:10BFF0000000000000000000000000000000000041
:10C000000000000000000000000000000000000030
:10C010000000000000000000000000000000000020
:10C020000000000000000000000000000000000010
:10C030000000000000000000000000000000000000
:10C0400000000000000000000000000000000000F0
:10C0500000000000000000000000000000000000E0
:10C0600000000000000000000000000000000000D0
:10C0700000000000000000000000000000000000C0
:10C0800000000000000000000000000000000000B0
:10C0900000000000000000000000000000000000A0
:10C0A0000000000000000000000000000000000090
:10C0B0000000000000000000000000000000000080
:10C0C0000000000000000000000000000000000070
:10C0D0000000000000000000000000000000000060
:10C0E0000000000000000000000000000000000050
:10C0F0000000000000000000000000000000000040
:10C10000000000000000000000000000000000002F
:10C11000000000000000000000000000000000001F
:10C12000000000000000000000000000000000000F
:10C1300000000000000000000000000000000000FF
:10C1400000000000000000000000000000000000EF
:10C1500000000000000000000000000000000000DF
:10C1600000000000000000000000000000000000CF
:10C1700000000000000000000000000000000000BF
:10C1800000000000000000000000000000000000AF
:10C19000000000000000000000000000000000009F
:10C1A000000000000000000000000000000000008F
:10C1B000000000000000000000000000000000007F
:10C1C000000000000000000000000000000000006F
:10C1D000000000000000000000000000000000005F
:10C1E000000000000000000000000000000000004F
:10C1F000000000000000000000000000000000003F
:10C20000000000000000000000000000000000002E
:10C21000000000000000000000000000000000001E
:10C22000000000000000000000000000000000000E
:10C2300000000000000000000000000000000000FE
:10C2400000000000000000000000000000000000EE
:10C2500000000000000000000000000000000000DE
:10C2600000000000000000000000000000000000CE
:10C2700000000000000000000000000000000000BE
:10C2800000000000000000000000000000000000AE
:10C29000000000000000000000000000000000009E
:10C2A000000000000000000000000000000000008E
:10C2B000000000000000000000000000000000007E
:10C2C000000000000000000000000000000000006E
:10C2D000000000000000000000000000000000005E
:10C2E000000000000000000000000000000000004E
:10C2F000000000000000000000000000000000003E
:10C30000000000000000000000000000000000002D
:10C31000000000000000000000000000000000001D
:10C32000000000000000000000000000000000000D
:10C3300000000000000000000000000000000000FD
:10C3400000000000000000000000000000000000ED
:10C3500000000000000000000000000000000000DD
:10C3600000000000000000000000000000000000CD
:10C3700000000000000000000000000000000000BD
:10C3800000000000000000000000000000000000AD
:10C39000000000000000000000000000000000009D
:10C3A000000000000000000000000000000000008D
:10C3B000000000000000000000000000000000007D
:10C3C000000000000000000000000000000000006D
:10C3D000000000000000000000000000000000005D
:10C3E000000000000000000000000000000000004D
:10C3F000000000000000000000000000000000003D
:10C40000000000000000000000000000000000002C
:10C41000000000000000000000000000000000001C
:10C42000000000000000000000000000000000000C
:10C4300000000000000000000000000000000000FC
:10C4400000000000000000000000000000000000EC
:10C4500000000000000000000000000000000000DC
:10C4600000000000000000000000000000000000CC
:10C4700000000000000000000000000000000000BC
:10C4800000000000000000000000000000000000AC
:10C49000000000000000000000000000000000009C
:10C4A000000000000000000000000000000000008C
:10C4B000000000000000000000000000000000007C
:10C4C000000000000000000000000000000000006C
:10C4D000000000000000000000000000000000005C
:10C4E000000000000000000000000000000000004C
:10C4F000000000000000000000000000000000003C
:10C50000000000000000000000000000000000002B
:10C51000000000000000000000000000000000001B
:10C52000000000000000000000000000000000000B
:10C5300000000000000000000000000000000000FB
:10C5400000000000000000000000000000000000EB
:10C5500000000000000000000000000000000000DB
:10C5600000000000000000000000000000000000CB
:10C5700000000000000000000000000000000000BB
:10C5800000000000000000000000000000000000AB
:10C59000000000000000000000000000000000009B
:10C5A000000000000000000000000000000000008B
:10C5B000000000000000000000000000000000007B
:10C5C000000000000000000000000000000000006B
:10C5D000000000000000000000000000000000005B
:10C5E000000000000000000000000000000000004B
:10C5F000000000000000000000000000000000003B
:10C60000000000000000000000000000000000002A
:10C61000000000000000000000000000000000001A
:10C62000000000000000000000000000000000000A
:10C6300000000000000000000000000000000000FA
:10C6400000000000000000000000000000000000EA
:10C6500000000000000000000000000000000000DA
:10C6600000000000000000000000000000000000CA
:10C6700000000000000000000000000000000000BA
:10C6800000000000000000000000000000000000AA
:10C69000000000000000000000000000000000009A
:10C6A000000000000000000000000000000000008A
:10C6B000000000000000000000000000000000007A
:10C6C000000000000000000000000000000000006A
:10C6D000000000000000000000000000000000005A
:10C6E000000000000000000000000000000000004A
:10C6F000000000000000000000000000000000003A
:10C700000000000000000000000000000000000029
:10C710000000000000000000000000000000000019
:10C720000000000000000000000000000000000009
:10C7300000000000000000000000000000000000F9
:10C7400000000000000000000000000000000000E9
:10C7500000000000000000000000000000000000D9
:10C7600000000000000000000000000000000000C9
:10C7700000000000000000000000000000000000B9
:10C7800000000000000000000000000000000000A9
:10C790000000000000000000000000000000000099
:10C7A0000000000000000000000000000000000089
:10C7B0000000000000000000000000000000000079
:10C7C0000000000000000000000000000000000069
:10C7D0000000000000000000000000000000000059
:10C7E0000000000000000000000000000000000049
:10C7F0000000000000000000000000000000000039
:10C800000000000000000000000000000000000028
:10C810000000000000000000000000000000000018
:10C820000000000000000000000000000000000008
:10C8300000000000000000000000000000000000F8
:10C8400000000000000000000000000000000000E8
:10C8500000000000000000000000000000000000D8
:10C8600000000000000000000000000000000000C8
:10C8700000000000000000000000000000000000B8
:10C8800000000000000000000000000000000000A8
:10C890000000000000000000000000000000000098
:10C8A0000000000000000000000000000000000088
:10C8B0000000000000000000000000000000000078
:10C8C0000000000000000000000000000000000068
:10C8D0000000000000000000000000000000000058
:10C8E0000000000000000000000000000000000048
:10C8F0000000000000000000000000000000000038
:10C900000000000000000000000000000000000027
:10C910000000000000000000000000000000000017
:10C920000000000000000000000000000000000007
:10C9300000000000000000000000000000000000F7
:10C9400000000000000000000000000000000000E7
:10C9500000000000000000000000000000000000D7
:10C9600000000000000000000000000000000000C7
:10C9700000000000000000000000000000000000B7
:10C9800000000000000000000000000000000000A7
:10C990000000000000000000000000000000000097
:10C9A0000000000000000000000000000000000087
:10C9B0000000000000000000000000000000000077
:10C9C0000000000000000000000000000000000067
:10C9D0000000000000000000000000000000000057
:10C9E0000000000000000000000000000000000047
:10C9F0000000000000000000000000000000000037
:10CA00000000000000000000000000000000000026
:10CA10000000000000000000000000000000000016
:10CA20000000000000000000000000000000000006
:10CA300000000000000000000000000000000000F6
:10CA400000000000000000000000000000000000E6
:10CA500000000000000000000000000000000000D6
:10CA600000000000000000000000000000000000C6
:10CA700000000000000000000000000000000000B6
:10CA800000000000000000000000000000000000A6
:10CA90000000000000000000000000000000000096
:10CAA0000000000000000000000000000000000086
:10CAB0000000000000000000000000000000000076
:10CAC0000000000000000000000000000000000066
:10CAD0000000000000000000000000000000000056
:10CAE0000000000000000000000000000000000046
:10CAF0000000000000000000000000000000000036
:10CB00000000000000000000000000000000000025
:10CB10000000000000000000000000000000000015
:10CB20000000000000000000000000000000000005
:10CB300000000000000000000000000000000000F5
:10CB400000000000000000000000000000000000E5
:10CB500000000000000000000000000000000000D5
:10CB600000000000000000000000000000000000C5
:10CB700000000000000000000000000000000000B5
:10CB800000000000000000000000000000000000A5
:10CB90000000000000000000000000000000000095
:10CBA0000000000000000000000000000000000085
:10CBB0000000000000000000000000000000000075
:10CBC0000000000000000000000000000000000065
:10CBD0000000000000000000000000000000000055
:10CBE0000000000000000000000000000000000045
:10CBF0000000000000000000000000000000000035
:10CC00000000000000000000000000000000000024
:10CC10000000000000000000000000000000000014
:10CC20000000000000000000000000000000000004
:10CC300000000000000000000000000000000000F4
:10CC400000000000000000000000000000000000E4
:10CC500000000000000000000000000000000000D4
:10CC600000000000000000000000000000000000C4
:10CC700000000000000000000000000000000000B4
:10CC800000000000000000000000000000000000A4
:10CC90000000000000000000000000000000000094
:10CCA0000000000000000000000000000000000084
:10CCB0000000000000000000000000000000000074
:10CCC0000000000000000000000000000000000064
:10CCD0000000000000000000000000000000000054
:10CCE0000000000000000000000000000000000044
:10CCF0000000000000000000000000000000000034
:10CD00000000000000000000000000000000000023
:10CD10000000000000000000000000000000000013
:10CD20000000000000000000000000000000000003
:10CD300000000000000000000000000000000000F3
:10CD400000000000000000000000000000000000E3
:10CD500000000000000000000000000000000000D3
:10CD600000000000000000000000000000000000C3
:10CD700000000000000000000000000000000000B3
:10CD800000000000000000000000000000000000A3
:10CD90000000000000000000000000000000000093
:10CDA0000000000000000000000000000000000083
:10CDB0000000000000000000000000000000000073
:10CDC0000000000000000000000000000000000063
:10CDD0000000000000000000000000000000000053
:10CDE0000000000000000000000000000000000043
:10CDF0000000000000000000000000000000000033
:10CE00000000000000000000000000000000000022
:10CE10000000000000000000000000000000000012
:10CE20000000000000000000000000000000000002
:10CE300000000000000000000000000000000000F2
:10CE400000000000000000000000000000000000E2
:10CE500000000000000000000000000000000000D2
:10CE600000000000000000000000000000000000C2
:10CE700000000000000000000000000000000000B2
:10CE800000000000000000000000000000000000A2
:10CE90000000000000000000000000000000000092
:10CEA0000000000000000000000000000000000082
:10CEB0000000000000000000000000000000000072
:10CEC0000000000000000000000000000000000062
:10CED0000000000000000000000000000000000052
:10CEE0000000000000000000000000000000000042
:10CEF0000000000000000000000000000000000032
:10CF00000000000000000000000000000000000021
:10CF10000000000000000000000000000000000011
:10CF20000000000000000000000000000000000001
:10CF300000000000000000000000000000000000F1
:10CF400000000000000000000000000000000000E1
:10CF500000000000000000000000000000000000D1
:10CF600000000000000000000000000000000000C1
:10CF700000000000000000000000000000000000B1
:10CF800000000000000000000000000000000000A1
:10CF90000000000000000000000000000000000091
:10CFA0000000000000000000000000000000000081
:10CFB0000000000000000000000000000000000071
:10CFC0000000000000000000000000000000000061
:10CFD0000000000000000000000000000000000051
:10CFE0000000000000000000000000000000000041
:10CFF0000000000000000000000000000000000031
:10D000000000000000000000000000000000000020
:10D010000000000000000000000000000000000010
:10D020000000000000000000000000000000000000
:10D0300000000000000000000000000000000000F0
:10D0400000000000000000000000000000000000E0
:10D0500000000000000000000000000000000000D0
:10D0600000000000000000000000000000000000C0
:10D0700000000000000000000000000000000000B0
:10D0800000000000000000000000000000000000A0
:10D090000000000000000000000000000000000090
:10D0A0000000000000000000000000000000000080
:10D0B0000000000000000000000000000000000070
:10D0C0000000000000000000000000000000000060
:10D0D0000000000000000000000000000000000050
:10D0E0000000000000000000000000000000000040
:10D0F0000000000000000000000000000000000030
:10D10000000000000000000000000000000000001F
:10D11000000000000000000000000000000000000F
:10D1200000000000000000000000000000000000FF
:10D1300000000000000000000000000000000000EF
:10D1400000000000000000000000000000000000DF
:10D1500000000000000000000000000000000000CF
:10D1600000000000000000000000000000000000BF
:10D1700000000000000000000000000000000000AF
:10D18000000000000000000000000000000000009F
:10D19000000000000000000000000000000000008F
:10D1A000000000000000000000000000000000007F
:10D1B000000000000000000000000000000000006F
:10D1C000000000000000000000000000000000005F
:10D1D000000000000000000000000000000000004F
:10D1E000000000000000000000000000000000003F
:10D1F000000000000000000000000000000000002F
:10D20000000000000000000000000000000000001E
:10D21000000000000000000000000000000000000E
:10D2200000000000000000000000000000000000FE
:10D2300000000000000000000000000000000000EE
:10D2400000000000000000000000000000000000DE
:10D2500000000000000000000000000000000000CE
:10D2600000000000000000000000000000000000BE
:10D2700000000000000000000000000000000000AE
:10D28000000000000000000000000000000000009E
:10D29000000000000000000000000000000000008E
:10D2A000000000000000000000000000000000007E
:10D2B000000000000000000000000000000000006E
:10D2C000000000000000000000000000000000005E
:10D2D000000000000000000000000000000000004E
:10D2E000000000000000000000000000000000003E
:10D2F000000000000000000000000000000000002E
:10D30000000000000000000000000000000000001D
:10D31000000000000000000000000000000000000D
:10D3200000000000000000000000000000000000FD
:10D3300000000000000000000000000000000000ED
:10D3400000000000000000000000000000000000DD
:10D3500000000000000000000000000000000000CD
:10D3600000000000000000000000000000000000BD
:10D3700000000000000000000000000000000000AD
:10D38000000000000000000000000000000000009D
:10D39000000000000000000000000000000000008D
:10D3A000000000000000000000000000000000007D
:10D3B000000000000000000000000000000000006D
:10D3C000000000000000000000000000000000005D
:10D3D000000000000000000000000000000000004D
:10D3E000000000000000000000000000000000003D
:10D3F000000000000000000000000000000000002D
:10D40000000000000000000000000000000000001C
:10D41000000000000000000000000000000000000C
:10D4200000000000000000000000000000000000FC
:10D4300000000000000000000000000000000000EC
:10D4400000000000000000000000000000000000DC
:10D4500000000000000000000000000000000000CC
:10D4600000000000000000000000000000000000BC
:10D4700000000000000000000000000000000000AC
:10D48000000000000000000000000000000000009C
:10D49000000000000000000000000000000000008C
:10D4A000000000000000000000000000000000007C
:10D4B000000000000000000000000000000000006C
:10D4C000000000000000000000000000000000005C
:10D4D000000000000000000000000000000000004C
:10D4E000000000000000000000000000000000003C
:10D4F000000000000000000000000000000000002C
:10D50000000000000000000000000000000000001B
:10D51000000000000000000000000000000000000B
:10D5200000000000000000000000000000000000FB
:10D5300000000000000000000000000000000000EB
:10D5400000000000000000000000000000000000DB
:10D5500000000000000000000000000000000000CB
:10D5600000000000000000000000000000000000BB
:10D5700000000000000000000000000000000000AB
:10D58000000000000000000000000000000000009B
:10D59000000000000000000000000000000000008B
:10D5A000000000000000000000000000000000007B
:10D5B000000000000000000000000000000000006B
:10D5C000000000000000000000000000000000005B
:10D5D000000000000000000000000000000000004B
:10D5E000000000000000000000000000000000003B
:10D5F000000000000000000000000000000000002B
:10D60000000000000000000000000000000000001A
:10D61000000000000000000000000000000000000A
:10D6200000000000000000000000000000000000FA
:10D6300000000000000000000000000000000000EA
:10D6400000000000000000000000000000000000DA
:10D6500000000000000000000000000000000000CA
:10D6600000000000000000000000000000000000BA
:10D6700000000000000000000000000000000000AA
:10D68000000000000000000000000000000000009A
:10D69000000000000000000000000000000000008A
:10D6A000000000000000000000000000000000007A
:10D6B000000000000000000000000000000000006A
:10D6C000000000000000000000000000000000005A
:10D6D000000000000000000000000000000000004A
:10D6E000000000000000000000000000000000003A
:10D6F000000000000000000000000000000000002A
:10D700000000000000000000000000000000000019
:10D710000000000000000000000000000000000009
:10D7200000000000000000000000000000000000F9
:10D7300000000000000000000000000000000000E9
:10D7400000000000000000000000000000000000D9
:10D7500000000000000000000000000000000000C9
:10D7600000000000000000000000000000000000B9
:10D7700000000000000000000000000000000000A9
:10D780000000000000000000000000000000000099
:10D790000000000000000000000000000000000089
:10D7A0000000000000000000000000000000000079
:10D7B0000000000000000000000000000000000069
:10D7C0000000000000000000000000000000000059
:10D7D0000000000000000000000000000000000049
:10D7E0000000000000000000000000000000000039
:10D7F0000000000000000000000000000000000029
:10D800000000000000000000000000000000000018
:10D810000000000000000000000000000000000008
:10D8200000000000000000000000000000000000F8
:10D8300000000000000000000000000000000000E8
:10D8400000000000000000000000000000000000D8
:10D8500000000000000000000000000000000000C8
:10D8600000000000000000000000000000000000B8
:10D8700000000000000000000000000000000000A8
:10D880000000000000000000000000000000000098
:10D890000000000000000000000000000000000088
:10D8A0000000000000000000000000000000000078
:10D8B0000000000000000000000000000000000068
:10D8C0000000000000000000000000000000000058
:10D8D0000000000000000000000000000000000048
:10D8E0000000000000000000000000000000000038
:10D8F0000000000000000000000000000000000028
:10D900000000000000000000000000000000000017
:10D910000000000000000000000000000000000007
:10D9200000000000000000000000000000000000F7
:10D9300000000000000000000000000000000000E7
:10D9400000000000000000000000000000000000D7
:10D9500000000000000000000000000000000000C7
:10D9600000000000000000000000000000000000B7
:10D9700000000000000000000000000000000000A7
:10D980000000000000000000000000000000000097
:10D990000000000000000000000000000000000087
:10D9A0000000000000000000000000000000000077
:10D9B0000000000000000000000000000000000067
:10D9C0000000000000000000000000000000000057
:10D9D0000000000000000000000000000000000047
:10D9E0000000000000000000000000000000000037
:10D9F0000000000000000000000000000000000027
:10DA00000000000000000000000000000000000016
:10DA10000000000000000000000000000000000006
:10DA200000000000000000000000000000000000F6
:10DA300000000000000000000000000000000000E6
:10DA400000000000000000000000000000000000D6
:10DA500000000000000000000000000000000000C6
:10DA600000000000000000000000000000000000B6
:10DA700000000000000000000000000000000000A6
:10DA80000000000000000000000000000000000096
:10DA90000000000000000000000000000000000086
:10DAA0000000000000000000000000000000000076
:10DAB0000000000000000000000000000000000066
:10DAC0000000000000000000000000000000000056
:10DAD0000000000000000000000000000000000046
:10DAE0000000000000000000000000000000000036
:10DAF0000000000000000000000000000000000026
:10DB00000000000000000000000000000000000015
:10DB10000000000000000000000000000000000005
:10DB200000000000000000000000000000000000F5
:10DB300000000000000000000000000000000000E5
:10DB400000000000000000000000000000000000D5
:10DB500000000000000000000000000000000000C5
:10DB600000000000000000000000000000000000B5
:10DB700000000000000000000000000000000000A5
:10DB80000000000000000000000000000000000095
:10DB90000000000000000000000000000000000085
:10DBA0000000000000000000000000000000000075
:10DBB0000000000000000000000000000000000065
:10DBC0000000000000000000000000000000000055
:10DBD0000000000000000000000000000000000045
:10DBE0000000000000000000000000000000000035
:10DBF0000000000000000000000000000000000025
:10DC00000000000000000000000000000000000014
:10DC10000000000000000000000000000000000004
:10DC200000000000000000000000000000000000F4
:10DC300000000000000000000000000000000000E4
:10DC400000000000000000000000000000000000D4
:10DC500000000000000000000000000000000000C4
:10DC600000000000000000000000000000000000B4
:10DC700000000000000000000000000000000000A4
:10DC80000000000000000000000000000000000094
:10DC90000000000000000000000000000000000084
:10DCA0000000000000000000000000000000000074
:10DCB0000000000000000000AAAAAAAAAAAAAAAA14
:10DCC000AAAAAAAAAAAAAAAAAAAAAAAAAAAAAAAAB4
:10DCD000AAAAAAAAAAAAAAAAAAAAAAAAAAAAAAAAA4
:10DCE000AAAAAAAAAAAAAAAAAAAAAAAAAAAAAAAA94
:10DCF000AAAAAAAAAAAAAAAAAAAAAAAAAAAAAAAA84
:10DD0000AAAAAAAAAAAAAAAAAAAAAAAAAAAAAAAA73
:10DD1000AAAAAAAAAAAAAAAAAAAAAAAAAAAAAAAA63
:10DD2000AAAAAAAAAAAAAAAAAAAAAAAAAAAAAAAA53
:10DD3000AAAAAAAAAAAAAAAAAAAAAAAAAAAAAAAA43
:10DD4000AAAAAAAAAAAAAAAAAAAAAAAAAAAAAAAA33
:10DD5000AAAAAAAAAAAAAAAAAAAAAAAAAAAAAAAA23
:10DD6000AAAAAAAAAAAAAAAAAAAAAAAAAAAAAAAA13
:10DD7000AAAAAAAAAAAAAAAAAAAAAAAAAAAAAAAA03
:10DD8000AAAAAAAAAAAAAAAAAAAAAAAAAAAAAAAAF3
:10DD9000AAAAAAAAAAAAAAAAAAAAAAAAAAAAAAAAE3
:10DDA000AAAAAAAAAAAAAAAAAAAAAAAAAAAAAAAAD3
:10DDB000AAAAAAAAAAAAAAAAAAAAAAAAAAAAAAAAC3
:10DDC000AAAAAAAAAAAAAAAAAAAAAAAAAAAAAAAAB3
:10DDD000AAAAAAAAAAAAAAAAAAAAAAAAAAAAAAAAA3
:10DDE000AAAAAAAAAAAAAAAAAAAAAAAAAAAAAAAA93
:10DDF000AAAAAAAAAAAAAAAAAAAAAAAAAAAAAAAA83
:10DE0000AAAAAAAAAAAAAAAAAAAAAAAAAAAAAAAA72
:10DE1000AAAAAAAAAAAAAAAAAAAAAAAAAAAAAAAA62
:10DE2000AAAAAAAAAAAAAAAAAAAAAAAAAAAAAAAA52
:10DE3000AAAAAAAAAAAAAAAAAAAAAAAAAAAAAAAA42
:10DE4000AAAAAAAAAAAAAAAAAAAAAAAAAAAAAAAA32
:10DE5000AAAAAAAAAAAAAAAAAAAAAAAAAAAAAAAA22
:10DE6000AAAAAAAAAAAAAAAAAAAAAAAAAAAAAAAA12
:10DE7000AAAAAAAAAAAAAAAAAAAAAAAAAAAAAAAA02
:10DE8000AAAAAAAAAAAAAAAAAAAAAAAAAAAAAAAAF2
:10DE9000AAAAAAAAAAAAAAAAAAAAAAAAAAAAAAAAE2
:10DEA000AAAAAAAAAAAAAAAAAAAAAAAAAAAAAAAAD2
:10DEB000AAAAAAAAAAAAAAAAAAAAAAAAAAAAAAAAC2
:10DEC000AAAAAAAAAAAAAAAAAAAAAAAAAAAAAAAAB2
:10DED000AAAAAAAAAAAAAAAAAAAAAAAAAAAAAAAAA2
:10DEE000AAAAAAAAAAAAAAAAAAAAAAAAAAAAAAAA92
:10DEF000AAAAAAAAAAAAAAAAAAAAAAAAAAAAAAAA82
:10DF0000AAAAAAAAAAAAAAAAAAAAAAAAAAAAAAAA71
:10DF1000AAAAAAAAAAAAAAAAAAAAAAAAAAAAAAAA61
:10DF2000AAAAAAAAAAAAAAAAAAAAAAAAAAAAAAAA51
:10DF3000AAAAAAAAAAAAAAAAAAAAAAAAAAAAAAAA41
:10DF4000AAAAAAAAAAAAAAAAAAAAAAAAAAAAAAAA31
:10DF5000AAAAAAAAAAAAAAAAAAAAAAAAAAAAAAAA21
:10DF6000AAAAAAAAAAAAAAAAAAAAAAAAAAAAAAAA11
:10DF7000AAAAAAAAAAAAAAAAAAAAAAAAAAAAAAAA01
:10DF8000AAAAAAAAAAAAAAAAAAAAAAAAAAAAAAAAF1
:10DF9000AAAAAAAAAAAAAAAAAAAAAAAAAAAAAAAAE1
:10DFA000AAAAAAAAAAAAAAAAAAAAAAAAAAAAAAAAD1
:10DFB000AAAAAAAAAAAAAAAAAAAAAAAAAAAAAAAAC1
:10DFC000AAAAAAAAAAAAAAAAAAAAAAAAAAAAAAAAB1
:10DFD000AAAAAAAAAAAAAAAAAAAAAAAAAAAAAAAAA1
:10DFE000AAAAAAAAAAAAAAAAAAAAAAAAAAAAAAAA91
:10DFF000AAAAAAAAAAAAAAAAAAAAAAAAAAAAAAAA81
:10E00000AAAAAAAAAAAAAAAAAAAAAAAAAAAAAAAA70
:10E01000AAAAAAAAAAAAAAAAAAAAAAAAAAAAAAAA60
:10E02000AAAAAAAAAAAAAAAAAAAAAAAAAAAAAAAA50
:10E03000AAAAAAAAAAAAAAAAAAAAAAAAAAAAAAAA40
:10E04000AAAAAAAAAAAAAAAAAAAAAAAAAAAAAAAA30
:10E05000AAAAAAAAAAAAAAAAAAAAAAAAAAAAAAAA20
:10E06000AAAAAAAAAAAAAAAAAAAAAAAAAAAAAAAA10
:10E07000AAAAAAAAAAAAAAAAAAAAAAAAAAAAAAAA00
:10E08000AAAAAAAAAAAAAAAAAAAAAAAAAAAAAAAAF0
:10E09000AAAAAAAAAAAAAAAAAAAAAAAAAAAAAAAAE0
:10E0A000AAAAAAAAAAAAAAAAAAAAAAAAAAAAAAAAD0
:10E0B000AAAAAAAAAAAAAAAAAAAAAAAAAAAAAAAAC0
:10E0C000AAAAAAAAAAAAAAAAAAAAAAAAAAAAAAAAB0
:10E0D000AAAAAAAAAAAAAAAAAAAAAAAAAAAAAAAAA0
:10E0E000AAAAAAAAAAAAAAAAAAAAAAAAAAAAAAAA90
:10E0F000AAAAAAAAAAAAAAAAAAAAAAAAAAAAAAAA80
:10E10000AAAAAAAAAAAAAAAAAAAAAAAAAAAAAAAA6F
:10E11000AAAAAAAAAAAAAAAAAAAAAAAAAAAAAAAA5F
:10E12000AAAAAAAAAAAAAAAAAAAAAAAAAAAAAAAA4F
:10E13000AAAAAAAAAAAAAAAAAAAAAAAAAAAAAAAA3F
:10E14000AAAAAAAAAAAAAAAAAAAAAAAAAAAAAAAA2F
:10E15000AAAAAAAAAAAAAAAAAAAAAAAAAAAAAAAA1F
:10E16000AAAAAAAAAAAAAAAAAAAAAAAAAAAAAAAA0F
:10E17000AAAAAAAAAAAAAAAAAAAAAAAAAAAAAAAAFF
:10E18000AAAAAAAAAAAAAAAAAAAAAAAAAAAAAAAAEF
:10E19000AAAAAAAAAAAAAAAAAAAAAAAAAAAAAAAADF
:10E1A000AAAAAAAAAAAAAAAAAAAAAAAAAAAAAAAACF
:10E1B000AAAAAAAAAAAAAAAAAAAAAAAAAAAAAAAABF
:10E1C000AAAAAAAAAAAAAAAAAAAAAAAAAAAAAAAAAF
:10E1D000AAAAAAAAAAAAAAAAAAAAAAAAAAAAAAAA9F
:10E1E000AAAAAAAAAAAAAAAAAAAAAAAAAAAAAAAA8F
:10E1F000AAAAAAAAAAAAAAAAAAAAAAAAAAAAAAAA7F
:10E20000AAAAAAAAAAAAAAAAAAAAAAAAAAAAAAAA6E
:10E21000AAAAAAAAAAAAAAAAAAAAAAAAAAAAAAAA5E
:10E22000AAAAAAAAAAAAAAAAAAAAAAAAAAAAAAAA4E
:10E23000AAAAAAAAAAAAAAAAAAAAAAAAAAAAAAAA3E
:10E24000AAAAAAAAAAAAAAAAAAAAAAAAAAAAAAAA2E
:10E25000AAAAAAAAAAAAAAAAAAAAAAAAAAAAAAAA1E
:10E26000AAAAAAAAAAAAAAAAAAAAAAAAAAAAAAAA0E
:10E27000AAAAAAAAAAAAAAAAAAAAAAAAAAAAAAAAFE
:10E28000AAAAAAAAAAAAAAAAAAAAAAAAAAAAAAAAEE
:10E29000AAAAAAAAAAAAAAAAAAAAAAAAAAAAAAAADE
:10E2A000AAAAAAAAAAAAAAAAAAAAAAAAAAAAAAAACE
:10E2B000AAAAAAAAAAAAAAAAAAAAAAAAAAAAAAAABE
:10E2C000AAAAAAAAAAAAAAAAAAAAAAAAAAAAAAAAAE
:10E2D000AAAAAAAAAAAAAAAAAAAAAAAAAAAAAAAA9E
:10E2E000AAAAAAAAAAAAAAAAAAAAAAAAAAAAAAAA8E
:10E2F000AAAAAAAAAAAAAAAAAAAAAAAAAAAAAAAA7E
:10E30000AAAAAAAAAAAAAAAAAAAAAAAAAAAAAAAA6D
:10E31000AAAAAAAAAAAAAAAAAAAAAAAAAAAAAAAA5D
:10E32000AAAAAAAAAAAAAAAAAAAAAAAAAAAAAAAA4D
:10E33000AAAAAAAAAAAAAAAAAAAAAAAAAAAAAAAA3D
:10E34000AAAAAAAAAAAAAAAAAAAAAAAAAAAAAAAA2D
:10E35000AAAAAAAAAAAAAAAAAAAAAAAAAAAAAAAA1D
:10E36000AAAAAAAAAAAAAAAAAAAAAAAAAAAAAAAA0D
:10E37000AAAAAAAAAAAAAAAAAAAAAAAAAAAAAAAAFD
:10E38000AAAAAAAAAAAAAAAAAAAAAAAAAAAAAAAAED
:10E39000AAAAAAAAAAAAAAAAAAAAAAAAAAAAAAAADD
:10E3A000AAAAAAAAAAAAAAAAAAAAAAAAAAAAAAAACD
:10E3B000AAAAAAAAAAAAAAAAAAAAAAAAAAAAAAAABD
:10E3C000AAAAAAAAAAAAAAAAAAAAAAAAAAAAAAAAAD
:10E3D000AAAAAAAAAAAAAAAAAAAAAAAAAAAAAAAA9D
:10E3E000AAAAAAAAAAAAAAAAAAAAAAAAAAAAAAAA8D
:10E3F000AAAAAAAAAAAAAAAAAAAAAAAAAAAAAAAA7D
:10E40000AAAAAAAAAAAAAAAAAAAAAAAAAAAAAAAA6C
:10E41000AAAAAAAAAAAAAAAAAAAAAAAAAAAAAAAA5C
:10E42000AAAAAAAAAAAAAAAAAAAAAAAAAAAAAAAA4C
:10E43000AAAAAAAAAAAAAAAAAAAAAAAAAAAAAAAA3C
:10E44000AAAAAAAAAAAAAAAAAAAAAAAAAAAAAAAA2C
:10E45000AAAAAAAAAAAAAAAAAAAAAAAAAAAAAAAA1C
:10E46000AAAAAAAAAAAAAAAAAAAAAAAAAAAAAAAA0C
:10E47000AAAAAAAAAAAAAAAAAAAAAAAAAAAAAAAAFC
:10E48000AAAAAAAAAAAAAAAAAAAAAAAAAAAAAAAAEC
:10E49000AAAAAAAAAAAAAAAAAAAAAAAAAAAAAAAADC
:10E4A000AAAAAAAAAAAAAAAAAAAAAAAAAAAAAAAACC
:10E4B000AAAAAAAAAAAAAAAAAAAAAAAAAAAAAAAABC
:10E4C000AAAAAAAAAAAAAAAAAAAAAAAAAAAAAAAAAC
:10E4D000AAAAAAAAAAAAAAAAAAAAAAAAAAAAAAAA9C
:10E4E000AAAAAAAAAAAAAAAAAAAAAAAAAAAAAAAA8C
:10E4F000AAAAAAAAAAAAAAAAAAAAAAAAAAAAAAAA7C
:10E50000AAAAAAAAAAAAAAAAAAAAAAAAAAAAAAAA6B
:10E51000AAAAAAAAAAAAAAAAAAAAAAAAAAAAAAAA5B
:10E52000AAAAAAAAAAAAAAAAAAAAAAAAAAAAAAAA4B
:10E53000AAAAAAAAAAAAAAAAAAAAAAAAAAAAAAAA3B
:10E54000AAAAAAAAAAAAAAAAAAAAAAAAAAAAAAAA2B
:10E55000AAAAAAAAAAAAAAAAAAAAAAAAAAAAAAAA1B
:10E56000AAAAAAAAAAAAAAAAAAAAAAAAAAAAAAAA0B
:10E57000AAAAAAAAAAAAAAAAAAAAAAAAAAAAAAAAFB
:10E58000AAAAAAAAAAAAAAAAAAAAAAAAAAAAAAAAEB
:10E59000AAAAAAAAAAAAAAAAAAAAAAAAAAAAAAAADB
:10E5A000AAAAAAAAAAAAAAAAAAAAAAAAAAAAAAAACB
:10E5B000AAAAAAAAAAAAAAAAAAAAAAAAAAAAAAAABB
:10E5C000AAAAAAAAAAAAAAAAAAAAAAAAAAAAAAAAAB
:10E5D000AAAAAAAAAAAAAAAAAAAAAAAAAAAAAAAA9B
:10E5E000AAAAAAAAAAAAAAAAAAAAAAAAAAAAAAAA8B
:10E5F000AAAAAAAAAAAAAAAAAAAAAAAAAAAAAAAA7B
:10E60000AAAAAAAAAAAAAAAAAAAAAAAAAAAAAAAA6A
:10E61000AAAAAAAAAAAAAAAAAAAAAAAAAAAAAAAA5A
:10E62000AAAAAAAAAAAAAAAAAAAAAAAAAAAAAAAA4A
:10E63000AAAAAAAAAAAAAAAAAAAAAAAAAAAAAAAA3A
:10E64000AAAAAAAAAAAAAAAAAAAAAAAAAAAAAAAA2A
:10E65000AAAAAAAAAAAAAAAAAAAAAAAAAAAAAAAA1A
:10E66000AAAAAAAAAAAAAAAAAAAAAAAAAAAAAAAA0A
:10E67000AAAAAAAAAAAAAAAAAAAAAAAAAAAAAAAAFA
:10E68000AAAAAAAAAAAAAAAAAAAAAAAAAAAAAAAAEA
:10E69000AAAAAAAAAAAAAAAAAAAAAAAAAAAAAAAADA
:10E6A000AAAAAAAAAAAAAAAAAAAAAAAAAAAAAAAACA
:10E6B000AAAAAAAAAAAAAAAAAAAAAAAAAAAAAAAABA
:10E6C000AAAAAAAAAAAAAAAAAAAAAAAAAAAAAAAAAA
:10E6D000AAAAAAAAAAAAAAAAAAAAAAAAAAAAAAAA9A
:10E6E000AAAAAAAAAAAAAAAAAAAAAAAAAAAAAAAA8A
:10E6F000AAAAAAAAAAAAAAAAAAAAAAAAAAAAAAAA7A
:10E70000AAAAAAAAAAAAAAAAAAAAAAAAAAAAAAAA69
:10E71000AAAAAAAAAAAAAAAAAAAAAAAAAAAAAAAA59
:10E72000AAAAAAAAAAAAAAAAAAAAAAAAAAAAAAAA49
:10E73000AAAAAAAAAAAAAAAAAAAAAAAAAAAAAAAA39
:10E74000AAAAAAAAAAAAAAAAAAAAAAAAAAAAAAAA29
:10E75000AAAAAAAAAAAAAAAAAAAAAAAAAAAAAAAA19
:10E76000AAAAAAAAAAAAAAAAAAAAAAAAAAAAAAAA09
:10E77000AAAAAAAAAAAAAAAAAAAAAAAAAAAAAAAAF9
:10E78000AAAAAAAAAAAAAAAAAAAAAAAAAAAAAAAAE9
:10E79000AAAAAAAAAAAAAAAAAAAAAAAAAAAAAAAAD9
:10E7A000AAAAAAAAAAAAAAAAAAAAAAAAAAAAAAAAC9
:10E7B000AAAAAAAAAAAAAAAAAAAAAAAAAAAAAAAAB9
:10E7C000AAAAAAAAAAAAAAAAAAAAAAAAAAAAAAAAA9
:10E7D000AAAAAAAAAAAAAAAAAAAAAAAAAAAAAAAA99
:10E7E000AAAAAAAAAAAAAAAAAAAAAAAAAAAAAAAA89
:10E7F000AAAAAAAAAAAAAAAAAAAAAAAAAAAAAAAA79
:10E80000AAAAAAAAAAAAAAAAAAAAAAAAAAAAAAAA68
:10E81000AAAAAAAAAAAAAAAAAAAAAAAAAAAAAAAA58
:10E82000AAAAAAAAAAAAAAAAAAAAAAAAAAAAAAAA48
:10E83000AAAAAAAAAAAAAAAAAAAAAAAAAAAAAAAA38
:10E84000AAAAAAAAAAAAAAAAAAAAAAAAAAAAAAAA28
:10E85000AAAAAAAAAAAAAAAAAAAAAAAAAAAAAAAA18
:10E86000AAAAAAAAAAAAAAAAAAAAAAAAAAAAAAAA08
:10E87000AAAAAAAAAAAAAAAAAAAAAAAAAAAAAAAAF8
:10E88000AAAAAAAAAAAAAAAAAAAAAAAAAAAAAAAAE8
:10E89000AAAAAAAAAAAAAAAAAAAAAAAAAAAAAAAAD8
:10E8A000AAAAAAAAAAAAAAAAAAAAAAAAAAAAAAAAC8
:10E8B000AAAAAAAAAAAAAAAAAAAAAAAAAAAAAAAAB8
:10E8C000AAAAAAAAAAAAAAAAAAAAAAAAAAAAAAAAA8
:10E8D000AAAAAAAAAAAAAAAAAAAAAAAAAAAAAAAA98
:10E8E000AAAAAAAAAAAAAAAAAAAAAAAAAAAAAAAA88
:10E8F000AAAAAAAAAAAAAAAAAAAAAAAAAAAAAAAA78
:10E90000AAAAAAAAAAAAAAAAAAAAAAAAAAAAAAAA67
:10E91000AAAAAAAAAAAAAAAAAAAAAAAAAAAAAAAA57
:10E92000AAAAAAAAAAAAAAAAAAAAAAAAAAAAAAAA47
:10E93000AAAAAAAAAAAAAAAAAAAAAAAAAAAAAAAA37
:10E94000AAAAAAAAAAAAAAAAAAAAAAAAAAAAAAAA27
:10E95000AAAAAAAAAAAAAAAAAAAAAAAAAAAAAAAA17
:10E96000AAAAAAAAAAAAAAAAAAAAAAAAAAAAAAAA07
:10E97000AAAAAAAAAAAAAAAAAAAAAAAAAAAAAAAAF7
:10E98000AAAAAAAAAAAAAAAAAAAAAAAAAAAAAAAAE7
:10E99000AAAAAAAAAAAAAAAAAAAAAAAAAAAAAAAAD7
:10E9A000AAAAAAAAAAAAAAAAAAAAAAAAAAAAAAAAC7
:10E9B000AAAAAAAAAAAAAAAAAAAAAAAAAAAAAAAAB7
:10E9C000AAAAAAAAAAAAAAAAAAAAAAAAAAAAAAAAA7
:10E9D000AAAAAAAAAAAAAAAAAAAAAAAAAAAAAAAA97
:10E9E000AAAAAAAAAAAAAAAAAAAAAAAAAAAAAAAA87
:10E9F000AAAAAAAAAAAAAAAAAAAAAAAAAAAAAAAA77
:10EA0000AAAAAAAAAAAAAAAAAAAAAAAAAAAAAAAA66
:10EA1000AAAAAAAAAAAAAAAAAAAAAAAAAAAAAAAA56
:10EA2000AAAAAAAAAAAAAAAAAAAAAAAAAAAAAAAA46
:10EA3000AAAAAAAAAAAAAAAAAAAAAAAAAAAAAAAA36
:10EA4000AAAAAAAAAAAAAAAAAAAAAAAAAAAAAAAA26
:10EA5000AAAAAAAAAAAAAAAAAAAAAAAAAAAAAAAA16
:10EA6000AAAAAAAAAAAAAAAAAAAAAAAAAAAAAAAA06
:10EA7000AAAAAAAAAAAAAAAAAAAAAAAAAAAAAAAAF6
:10EA8000AAAAAAAAAAAAAAAAAAAAAAAAAAAAAAAAE6
:10EA9000AAAAAAAAAAAAAAAAAAAAAAAAAAAAAAAAD6
:10EAA000AAAAAAAAAAAAAAAAAAAAAAAAAAAAAAAAC6
:10EAB000AAAAAAAAAAAAAAAAAAAAAAAAAAAAAAAAB6
:10EAC000AAAAAAAAAAAAAAAAAAAAAAAAAAAAAAAAA6
:10EAD000AAAAAAAAAAAAAAAAAAAAAAAAAAAAAAAA96
:10EAE000AAAAAAAAAAAAAAAAAAAAAAAAAAAAAAAA86
:10EAF000AAAAAAAAAAAAAAAAAAAAAAAAAAAAAAAA76
:10EB0000AAAAAAAAAAAAAAAAAAAAAAAAAAAAAAAA65
:10EB1000AAAAAAAAAAAAAAAAAAAAAAAAAAAAAAAA55
:10EB2000AAAAAAAAAAAAAAAAAAAAAAAAAAAAAAAA45
:10EB3000AAAAAAAAAAAAAAAAAAAAAAAAAAAAAAAA35
:10EB4000AAAAAAAAAAAAAAAAAAAAAAAAAAAAAAAA25
:10EB5000AAAAAAAAAAAAAAAAAAAAAAAAAAAAAAAA15
:10EB6000AAAAAAAAAAAAAAAAAAAAAAAAAAAAAAAA05
:10EB7000AAAAAAAAAAAAAAAAAAAAAAAAAAAAAAAAF5
:10EB8000AAAAAAAAAAAAAAAAAAAAAAAAAAAAAAAAE5
:10EB9000AAAAAAAAAAAAAAAAAAAAAAAAAAAAAAAAD5
:10EBA000AAAAAAAAAAAAAAAAAAAAAAAAAAAAAAAAC5
:10EBB000AAAAAAAAAAAAAAAAAAAAAAAAAAAAAAAAB5
:10EBC000AAAAAAAAAAAAAAAAAAAAAAAAAAAAAAAAA5
:10EBD000AAAAAAAAAAAAAAAAAAAAAAAAAAAAAAAA95
:10EBE000AAAAAAAAAAAAAAAAAAAAAAAAAAAAAAAA85
:10EBF000AAAAAAAAAAAAAAAAAAAAAAAAAAAAAAAA75
:10EC0000AAAAAAAAAAAAAAAAAAAAAAAAAAAAAAAA64
:10EC1000AAAAAAAAAAAAAAAAAAAAAAAAAAAAAAAA54
:10EC2000AAAAAAAAAAAAAAAAAAAAAAAAAAAAAAAA44
:10EC3000AAAAAAAAAAAAAAAAAAAAAAAAAAAAAAAA34
:10EC4000AAAAAAAAAAAAAAAAAAAAAAAAAAAAAAAA24
:10EC5000AAAAAAAAAAAAAAAAAAAAAAAAAAAAAAAA14
:10EC6000AAAAAAAAAAAAAAAAAAAAAAAAAAAAAAAA04
:10EC7000AAAAAAAAAAAAAAAAAAAAAAAAAAAAAAAAF4
:10EC8000AAAAAAAAAAAAAAAAAAAAAAAAAAAAAAAAE4
:10EC9000AAAAAAAAAAAAAAAAAAAAAAAAAAAAAAAAD4
:10ECA000AAAAAAAAAAAAAAAAAAAAAAAAAAAAAAAAC4
:10ECB000AAAAAAAAAAAAAAAAAAAAAAAAAAAAAAAAB4
:10ECC000AAAAAAAAAAAAAAAAAAAAAAAAAAAAAAAAA4
:10ECD000AAAAAAAAAAAAAAAAAAAAAAAAAAAAAAAA94
:10ECE000AAAAAAAAAAAAAAAAAAAAAAAAAAAAAAAA84
:10ECF000AAAAAAAAAAAAAAAAAAAAAAAAAAAAAAAA74
:10ED0000AAAAAAAAAAAAAAAAAAAAAAAAAAAAAAAA63
:10ED1000AAAAAAAAAAAAAAAAAAAAAAAAAAAAAAAA53
:10ED2000AAAAAAAAAAAAAAAAAAAAAAAAAAAAAAAA43
:10ED3000AAAAAAAAAAAAAAAAAAAAAAAAAAAAAAAA33
:10ED4000AAAAAAAAAAAAAAAAAAAAAAAAAAAAAAAA23
:10ED5000AAAAAAAAAAAAAAAAAAAAAAAAAAAAAAAA13
:10ED6000AAAAAAAAAAAAAAAAAAAAAAAAAAAAAAAA03
:10ED7000AAAAAAAAAAAAAAAAAAAAAAAAAAAAAAAAF3
:10ED8000AAAAAAAAAAAAAAAAAAAAAAAAAAAAAAAAE3
:10ED9000AAAAAAAAAAAAAAAAAAAAAAAAAAAAAAAAD3
:10EDA000AAAAAAAAAAAAAAAAAAAAAAAAAAAAAAAAC3
:10EDB000AAAAAAAAAAAAAAAAAAAAAAAAAAAAAAAAB3
:10EDC000AAAAAAAAAAAAAAAAAAAAAAAAAAAAAAAAA3
:10EDD000AAAAAAAAAAAAAAAAAAAAAAAAAAAAAAAA93
:10EDE000AAAAAAAAAAAAAAAAAAAAAAAAAAAAAAAA83
:10EDF000AAAAAAAAAAAAAAAAAAAAAAAAAAAAAAAA73
:10EE0000AAAAAAAAAAAAAAAAAAAAAAAAAAAAAAAA62
:10EE1000AAAAAAAAAAAAAAAAAAAAAAAAAAAAAAAA52
:10EE2000AAAAAAAAAAAAAAAAAAAAAAAAAAAAAAAA42
:10EE3000AAAAAAAAAAAAAAAAAAAAAAAAAAAAAAAA32
:10EE4000AAAAAAAAAAAAAAAAAAAAAAAAAAAAAAAA22
:10EE5000AAAAAAAAAAAAAAAAAAAAAAAAAAAAAAAA12
:10EE6000AAAAAAAAAAAAAAAAAAAAAAAAAAAAAAAA02
:10EE7000AAAAAAAAAAAAAAAAAAAAAAAAAAAAAAAAF2
:10EE8000AAAAAAAAAAAAAAAAAAAAAAAAAAAAAAAAE2
:10EE9000AAAAAAAAAAAAAAAAAAAAAAAAAAAAAAAAD2
:10EEA000AAAAAAAAAAAAAAAAAAAAAAAAAAAAAAAAC2
:10EEB000AAAAAAAAAAAAAAAAAAAAAAAAAAAAAAAAB2
:10EEC000AAAAAAAAAAAAAAAAAAAAAAAAAAAAAAAAA2
:10EED000AAAAAAAAAAAAAAAAAAAAAAAAAAAAAAAA92
:10EEE000AAAAAAAAAAAAAAAAAAAAAAAAAAAAAAAA82
:10EEF000AAAAAAAAAAAAAAAAAAAAAAAAAAAAAAAA72
:10EF0000AAAAAAAAAAAAAAAAAAAAAAAAAAAAAAAA61
:10EF1000AAAAAAAAAAAAAAAAAAAAAAAAAAAAAAAA51
:10EF2000AAAAAAAAAAAAAAAAAAAAAAAAAAAAAAAA41
:10EF3000AAAAAAAAAAAAAAAAAAAAAAAAAAAAAAAA31
:10EF4000AAAAAAAAAAAAAAAAAAAAAAAAAAAAAAAA21
:10EF5000AAAAAAAAAAAAAAAAAAAAAAAAAAAAAAAA11
:10EF6000AAAAAAAAAAAAAAAAAAAAAAAAAAAAAAAA01
:10EF7000AAAAAAAAAAAAAAAAAAAAAAAAAAAAAAAAF1
:10EF8000AAAAAAAAAAAAAAAAAAAAAAAAAAAAAAAAE1
:10EF9000AAAAAAAAAAAAAAAAAAAAAAAAAAAAAAAAD1
:10EFA000AAAAAAAAAAAAAAAAAAAAAAAAAAAAAAAAC1
:10EFB000AAAAAAAAAAAAAAAAAAAAAAAAAAAAAAAAB1
:10EFC000AAAAAAAAAAAAAAAAAAAAAAAAAAAAAAAAA1
:10EFD000AAAAAAAAAAAAAAAAAAAAAAAAAAAAAAAA91
:10EFE000AAAAAAAAAAAAAAAAAAAAAAAAAAAAAAAA81
:10EFF000AAAAAAAAAAAAAAAAAAAAAAAAAAAAAAAA71
:10F00000AAAAAAAAAAAAAAAAAAAAAAAAAAAAAAAA60
:10F01000AAAAAAAAAAAAAAAAAAAAAAAAAAAAAAAA50
:10F02000AAAAAAAAAAAAAAAAAAAAAAAAAAAAAAAA40
:10F03000AAAAAAAAAAAAAAAAAAAAAAAAAAAAAAAA30
:10F04000AAAAAAAAAAAAAAAAAAAAAAAAAAAAAAAA20
:10F05000AAAAAAAAAAAAAAAAAAAAAAAAAAAAAAAA10
:10F06000AAAAAAAAAAAAAAAAAAAAAAAAAAAAAAAA00
:10F07000AAAAAAAAAAAAAAAAAAAAAAAAAAAAAAAAF0
:10F08000AAAAAAAAAAAAAAAAAAAAAAAAAAAAAAAAE0
:10F09000AAAAAAAAAAAAAAAAAAAAAAAAAAAAAAAAD0
:10F0A000AAAAAAAAAAAAAAAAAAAAAAAAAAAAAAAAC0
:10F0B000AAAAAAAAAAAAAAAAAAAAAAAAAAAAAAAAB0
:10F0C000AAAAAAAAAAAAAAAAAAAAAAAAAAAAAAAAA0
:10F0D000AAAAAAAAAAAAAAAAAAAAAAAAAAAAAAAA90
:10F0E000AAAAAAAAAAAAAAAAAAAAAAAAAAAAAAAA80
:10F0F000AAAAAAAAAAAAAAAAAAAAAAAAAAAAAAAA70
:10F10000AAAAAAAAAAAAAAAAAAAAAAAAAAAAAAAA5F
:10F11000AAAAAAAAAAAAAAAAAAAAAAAAAAAAAAAA4F
:10F12000AAAAAAAAAAAAAAAAAAAAAAAAAAAAAAAA3F
:10F13000AAAAAAAAAAAAAAAAAAAAAAAAAAAAAAAA2F
:10F14000AAAAAAAAAAAAAAAAAAAAAAAAAAAAAAAA1F
:10F15000AAAAAAAAAAAAAAAAAAAAAAAAAAAAAAAA0F
:10F16000AAAAAAAAAAAAAAAAAAAAAAAAAAAAAAAAFF
:10F17000AAAAAAAAAAAAAAAAAAAAAAAAAAAAAAAAEF
:10F18000AAAAAAAAAAAAAAAAAAAAAAAAAAAAAAAADF
:10F19000AAAAAAAAAAAAAAAAAAAAAAAAAAAAAAAACF
:10F1A000AAAAAAAAAAAAAAAAAAAAAAAAAAAAAAAABF
:10F1B000AAAAAAAAAAAAAAAAAAAAAAAAAAAAAAAAAF
:10F1C000AAAAAAAAAAAAAAAAAAAAAAAAAAAAAAAA9F
:10F1D000AAAAAAAAAAAAAAAAAAAAAAAAAAAAAAAA8F
:10F1E000AAAAAAAAAAAAAAAAAAAAAAAAAAAAAAAA7F
:10F1F000AAAAAAAAAAAAAAAAAAAAAAAAAAAAAAAA6F
:10F20000AAAAAAAAAAAAAAAAAAAAAAAAAAAAAAAA5E
:10F21000AAAAAAAAAAAAAAAAAAAAAAAAAAAAAAAA4E
:10F22000AAAAAAAAAAAAAAAAAAAAAAAAAAAAAAAA3E
:10F23000AAAAAAAAAAAAAAAAAAAAAAAAAAAAAAAA2E
:10F24000AAAAAAAAAAAAAAAAAAAAAAAAAAAAAAAA1E
:10F25000AAAAAAAAAAAAAAAAAAAAAAAAAAAAAAAA0E
:10F26000AAAAAAAAAAAAAAAAAAAAAAAAAAAAAAAAFE
:10F27000AAAAAAAAAAAAAAAAAAAAAAAAAAAAAAAAEE
:10F28000AAAAAAAAAAAAAAAAAAAAAAAAAAAAAAAADE
:10F29000AAAAAAAAAAAAAAAAAAAAAAAAAAAAAAAACE
:10F2A000AAAAAAAAAAAAAAAAAAAAAAAAAAAAAAAABE
:10F2B000AAAAAAAAAAAAAAAAAAAAAAAAAAAAAAAAAE
:10F2C000AAAAAAAAAAAAAAAAAAAAAAAAAAAAAAAA9E
:10F2D000AAAAAAAAAAAAAAAAAAAAAAAAAAAAAAAA8E
:10F2E000AAAAAAAAAAAAAAAAAAAAAAAAAAAAAAAA7E
:10F2F000AAAAAAAAAAAAAAAAAAAAAAAAAAAAAAAA6E
:10F30000AAAAAAAAAAAAAAAAAAAAAAAAAAAAAAAA5D
:10F31000AAAAAAAAAAAAAAAAAAAAAAAAAAAAAAAA4D
:10F32000AAAAAAAAAAAAAAAAAAAAAAAAAAAAAAAA3D
:10F33000AAAAAAAAAAAAAAAAAAAAAAAAAAAAAAAA2D
:10F34000AAAAAAAAAAAAAAAAAAAAAAAAAAAAAAAA1D
:10F35000AAAAAAAAAAAAAAAAAAAAAAAAAAAAAAAA0D
:10F36000AAAAAAAAAAAAAAAAAAAAAAAAAAAAAAAAFD
:10F37000AAAAAAAAAAAAAAAAAAAAAAAAAAAAAAAAED
:10F38000AAAAAAAAAAAAAAAAAAAAAAAAAAAAAAAADD
:10F39000AAAAAAAAAAAAAAAAAAAAAAAAAAAAAAAACD
:10F3A000AAAAAAAAAAAAAAAAAAAAAAAAAAAAAAAABD
:10F3B000AAAAAAAAAAAAAAAAAAAAAAAAAAAAAAAAAD
:10F3C000AAAAAAAAAAAAAAAAAAAAAAAAAAAAAAAA9D
:10F3D000AAAAAAAAAAAAAAAAAAAAAAAAAAAAAAAA8D
:10F3E000AAAAAAAAAAAAAAAAAAAAAAAAAAAAAAAA7D
:10F3F000AAAAAAAAAAAAAAAAAAAAAAAAAAAAAAAA6D
:10F40000AAAAAAAAAAAAAAAAAAAAAAAAAAAAAAAA5C
:10F41000AAAAAAAAAAAAAAAAAAAAAAAAAAAAAAAA4C
:10F42000AAAAAAAAAAAAAAAAAAAAAAAAAAAAAAAA3C
:10F43000AAAAAAAAAAAAAAAAAAAAAAAAAAAAAAAA2C
:10F44000AAAAAAAAAAAAAAAAAAAAAAAAAAAAAAAA1C
:10F45000AAAAAAAAAAAAAAAAAAAAAAAAAAAAAAAA0C
:10F46000AAAAAAAAAAAAAAAAAAAAAAAAAAAAAAAAFC
:10F47000AAAAAAAAAAAAAAAAAAAAAAAAAAAAAAAAEC
:10F48000AAAAAAAAAAAAAAAAAAAAAAAAAAAAAAAADC
:10F49000AAAAAAAAAAAAAAAAAAAAAAAAAAAAAAAACC
:10F4A000AAAAAAAAAAAAAAAAAAAAAAAAAAAAAAAABC
:10F4B000AAAAAAAAAAAAAAAAAAAAAAAAAAAAAAAAAC
:10F4C000AAAAAAAAAAAAAAAAAAAAAAAAAAAAAAAA9C
:10F4D000AAAAAAAAAAAAAAAAAAAAAAAAAAAAAAAA8C
:10F4E000AAAAAAAAAAAAAAAAAAAAAAAAAAAAAAAA7C
:10F4F000AAAAAAAAAAAAAAAAAAAAAAAAAAAAAAAA6C
:10F50000AAAAAAAAAAAAAAAAAAAAAAAAAAAAAAAA5B
:10F51000AAAAAAAAAAAAAAAAAAAAAAAAAAAAAAAA4B
:10F52000AAAAAAAAAAAAAAAAAAAAAAAAAAAAAAAA3B
:10F53000AAAAAAAAAAAAAAAAAAAAAAAAAAAAAAAA2B
:10F54000AAAAAAAAAAAAAAAAAAAAAAAAAAAAAAAA1B
:10F55000AAAAAAAAAAAAAAAAAAAAAAAAAAAAAAAA0B
:10F56000AAAAAAAAAAAAAAAAAAAAAAAAAAAAAAAAFB
:10F57000AAAAAAAAAAAAAAAAAAAAAAAAAAAAAAAAEB
:10F58000AAAAAAAAAAAAAAAAAAAAAAAAAAAAAAAADB
:10F59000AAAAAAAAAAAAAAAAAAAAAAAAAAAAAAAACB
:10F5A000AAAAAAAAAAAAAAAAAAAAAAAAAAAAAAAABB
:10F5B000AAAAAAAAAAAAAAAAAAAAAAAAAAAAAAAAAB
:10F5C000AAAAAAAAAAAAAAAAAAAAAAAAAAAAAAAA9B
:10F5D000AAAAAAAAAAAAAAAAAAAAAAAAAAAAAAAA8B
:10F5E000AAAAAAAAAAAAAAAAAAAAAAAAAAAAAAAA7B
:10F5F000AAAAAAAAAAAAAAAAAAAAAAAAAAAAAAAA6B
:10F60000AAAAAAAAAAAAAAAAAAAAAAAAAAAAAAAA5A
:10F61000AAAAAAAAAAAAAAAAAAAAAAAAAAAAAAAA4A
:10F62000AAAAAAAAAAAAAAAAAAAAAAAAAAAAAAAA3A
:10F63000AAAAAAAAAAAAAAAAAAAAAAAAAAAAAAAA2A
:10F64000AAAAAAAAAAAAAAAAAAAAAAAAAAAAAAAA1A
:10F65000AAAAAAAAAAAAAAAAAAAAAAAAAAAAAAAA0A
:10F66000AAAAAAAAAAAAAAAAAAAAAAAAAAAAAAAAFA
:10F67000AAAAAAAAAAAAAAAAAAAAAAAAAAAAAAAAEA
:10F68000AAAAAAAAAAAAAAAAAAAAAAAAAAAAAAAADA
:10F69000AAAAAAAAAAAAAAAAAAAAAAAAAAAAAAAACA
:10F6A000AAAAAAAAAAAAAAAAAAAAAAAAAAAAAAAABA
:10F6B000AAAAAAAAAAAAAAAAAAAAAAAAAAAAAAAAAA
:10F6C000AAAAAAAAAAAAAAAAAAAAAAAAAAAAAAAA9A
:10F6D000AAAAAAAAAAAAAAAAAAAAAAAAAAAAAAAA8A
:10F6E000AAAAAAAAAAAAAAAAAAAAAAAAAAAAAAAA7A
:10F6F000AAAAAAAAAAAAAAAAAAAAAAAAAAAAAAAA6A
:10F70000AAAAAAAAAAAAAAAAAAAAAAAAAAAAAAAA59
:10F71000AAAAAAAAAAAAAAAAAAAAAAAAAAAAAAAA49
:10F72000AAAAAAAAAAAAAAAAAAAAAAAAAAAAAAAA39
:10F73000AAAAAAAAAAAAAAAAAAAAAAAAAAAAAAAA29
:10F74000AAAAAAAAAAAAAAAAAAAAAAAAAAAAAAAA19
:10F75000AAAAAAAAAAAAAAAAAAAAAAAAAAAAAAAA09
:10F76000AAAAAAAAAAAAAAAAAAAAAAAAAAAAAAAAF9
:10F77000AAAAAAAAAAAAAAAAAAAAAAAAAAAAAAAAE9
:10F78000AAAAAAAAAAAAAAAAAAAAAAAAAAAAAAAAD9
:10F79000AAAAAAAAAAAAAAAAAAAAAAAAAAAAAAAAC9
:10F7A000AAAAAAAAAAAAAAAAAAAAAAAAAAAAAAAAB9
:10F7B000AAAAAAAAAAAAAAAAAAAAAAAAAAAAAAAAA9
:10F7C000AAAAAAAAAAAAAAAAAAAAAAAAAAAAAAAA99
:10F7D000AAAAAAAAAAAAAAAAAAAAAAAAAAAAAAAA89
:10F7E000AAAAAAAAAAAAAAAAAAAAAAAAAAAAAAAA79
:10F7F000AAAAAAAAAAAAAAAAAAAAAAAAAAAAAAAA69
:10F80000AAAAAAAAAAAAAAAAAAAAAAAAAAAAAAAA58
:10F81000AAAAAAAAAAAAAAAAAAAAAAAAAAAAAAAA48
:10F82000AAAAAAAAAAAAAAAAAAAAAAAAAAAAAAAA38
:10F83000AAAAAAAAAAAAAAAAAAAAAAAAAAAAAAAA28
:10F84000AAAAAAAAAAAAAAAAAAAAAAAAAAAAAAAA18
:10F85000AAAAAAAAAAAAAAAAAAAAAAAAAAAAAAAA08
:10F86000AAAAAAAAAAAAAAAAAAAAAAAAAAAAAAAAF8
:10F87000AAAAAAAAAAAAAAAAAAAAAAAAAAAAAAAAE8
:10F88000AAAAAAAAAAAAAAAAAAAAAAAAAAAAAAAAD8
:10F89000AAAAAAAAAAAAAAAAAAAAAAAAAAAAAAAAC8
:10F8A000AAAAAAAAAAAAAAAAAAAAAAAAAAAAAAAAB8
:10F8B000AAAAAAAAAAAAAAAAAAAAAAAAAAAAAAAAA8
:10F8C000AAAAAAAAAAAAAAAAAAAAAAAAAAAAAAAA98
:10F8D000AAAAAAAAAAAAAAAAAAAAAAAAAAAAAAAA88
:10F8E000AAAAAAAAAAAAAAAAAAAAAAAAAAAAAAAA78
:10F8F000AAAAAAAAAAAAAAAAAAAAAAAAAAAAAAAA68
:10F90000AAAAAAAAAAAAAAAAAAAAAAAAAAAAAAAA57
:10F91000AAAAAAAAAAAAAAAAAAAAAAAAAAAAAAAA47
:10F92000AAAAAAAAAAAAAAAAAAAAAAAAAAAAAAAA37
:10F93000AAAAAAAAAAAAAAAAAAAAAAAAAAAAAAAA27
:10F94000AAAAAAAAAAAAAAAAAAAAAAAAAAAAAAAA17
:10F95000AAAAAAAAAAAAAAAAAAAAAAAAAAAAAAAA07
:10F96000AAAAAAAAAAAAAAAAAAAAAAAAAAAAAAAAF7
:10F97000AAAAAAAAAAAAAAAAAAAAAAAAAAAAAAAAE7
:10F98000AAAAAAAAAAAAAAAAAAAAAAAAAAAAAAAAD7
:10F99000AAAAAAAAAAAAAAAAAAAAAAAAAAAAAAAAC7
:10F9A000AAAAAAAAAAAAAAAAAAAAAAAAAAAAAAAAB7
:10F9B000AAAAAAAAAAAAAAAAAAAAAAAAAAAAAAAAA7
:10F9C000AAAAAAAAAAAAAAAAAAAAAAAAAAAAAAAA97
:10F9D000AAAAAAAAAAAAAAAAAAAAAAAAAAAAAAAA87
:10F9E000AAAAAAAAAAAAAAAAAAAAAAAAAAAAAAAA77
:10F9F000AAAAAAAAAAAAAAAAAAAAAAAAAAAAAAAA67
:10FA0000AAAAAAAAAAAAAAAAAAAAAAAAAAAAAAAA56
:10FA1000AAAAAAAAAAAAAAAAAAAAAAAAAAAAAAAA46
:10FA2000AAAAAAAAAAAAAAAAAAAAAAAAAAAAAAAA36
:10FA3000AAAAAAAAAAAAAAAAAAAAAAAAAAAAAAAA26
:10FA4000AAAAAAAAAAAAAAAAAAAAAAAAAAAAAAAA16
:10FA5000AAAAAAAAAAAAAAAAAAAAAAAAAAAAAAAA06
:10FA6000AAAAAAAAAAAAAAAAAAAAAAAAAAAAAAAAF6
:10FA7000AAAAAAAAAAAAAAAAAAAAAAAAAAAAAAAAE6
:10FA8000AAAAAAAAAAAAAAAAAAAAAAAAAAAAAAAAD6
:10FA9000AAAAAAAAAAAAAAAAAAAAAAAAAAAAAAAAC6
:10FAA000AAAAAAAAAAAAAAAAAAAAAAAAAAAAAAAAB6
:10FAB000AAAAAAAAAAAAAAAAAAAAAAAAAAAAAAAAA6
:10FAC000AAAAAAAAAAAAAAAAAAAAAAAAAAAAAAAA96
:10FAD000AAAAAAAAAAAAAAAAAAAAAAAAAAAAAAAA86
:10FAE000AAAAAAAAAAAAAAAAAAAAAAAAAAAAAAAA76
:10FAF000AAAAAAAAAAAAAAAAAAAAAAAAAAAAAAAA66
:10FB0000AAAAAAAAAAAAAAAAAAAAAAAAAAAAAAAA55
:10FB1000AAAAAAAAAAAAAAAAAAAAAAAAAAAAAAAA45
:10FB2000AAAAAAAAAAAAAAAAAAAAAAAAAAAAAAAA35
:10FB3000AAAAAAAAAAAAAAAAAAAAAAAAAAAAAAAA25
:10FB4000AAAAAAAAAAAAAAAAAAAAAAAAAAAAAAAA15
:10FB5000AAAAAAAAAAAAAAAAAAAAAAAAAAAAAAAA05
:10FB6000AAAAAAAAAAAAAAAAAAAAAAAAAAAAAAAAF5
:10FB7000AAAAAAAAAAAAAAAAAAAAAAAAAAAAAAAAE5
:10FB8000AAAAAAAAAAAAAAAAAAAAAAAAAAAAAAAAD5
:10FB9000AAAAAAAAAAAAAAAAAAAAAAAAAAAAAAAAC5
:10FBA000AAAAAAAAAAAAAAAAAAAAAAAAAAAAAAAAB5
:10FBB000AAAAAAAAAAAAAAAAAAAAAAAAAAAAAAAAA5
:10FBC000AAAAAAAAAAAAAAAAAAAAAAAAAAAAAAAA95
:10FBD000AAAAAAAAAAAAAAAAAAAAAAAAAAAAAAAA85
:10FBE000AAAAAAAAAAAAAAAAAAAAAAAAAAAAAAAA75
:10FBF000AAAAAAAAAAAAAAAAAAAAAAAAAAAAAAAA65
:10FC0000AAAAAAAAAAAAAAAAAAAAAAAAAAAAAAAA54
:10FC1000AAAAAAAAAAAAAAAAAAAAAAAAAAAAAAAA44
:10FC2000AAAAAAAAAAAAAAAAAAAAAAAAAAAAAAAA34
:10FC3000AAAAAAAAAAAAAAAAAAAAAAAAAAAAAAAA24
:10FC4000AAAAAAAAAAAAAAAAAAAAAAAAAAAAAAAA14
:10FC5000AAAAAAAAAAAAAAAAAAAAAAAAAAAAAAAA04
:10FC6000AAAAAAAAAAAAAAAAAAAAAAAAAAAAAAAAF4
:10FC7000AAAAAAAAAAAAAAAAAAAAAAAAAAAAAAAAE4
:10FC8000AAAAAAAAAAAAAAAAAAAAAAAAAAAAAAAAD4
:10FC9000AAAAAAAAAAAAAAAAAAAAAAAAAAAAAAAAC4
:10FCA000AAAAAAAAAAAAAAAAAAAAAAAAAAAAAAAAB4
:10FCB000AAAAAAAAAAAAAAAAAAAAAAAAAAAAAAAAA4
:10FCC000AAAAAAAAAAAAAAAAAAAAAAAAAAAAAAAA94
:10FCD000AAAAAAAAAAAAAAAAAAAAAAAAAAAAAAAA84
:10FCE000AAAAAAAAAAAAAAAAAAAAAAAAAAAAAAAA74
:10FCF000AAAAAAAAAAAAAAAAAAAAAAAAAAAAAAAA64
:10FD0000AAAAAAAAAAAAAAAAAAAAAAAAAAAAAAAA53
:10FD1000AAAAAAAAAAAAAAAAAAAAAAAAAAAAAAAA43
:10FD2000AAAAAAAAAAAAAAAAAAAAAAAAAAAAAAAA33
:10FD3000AAAAAAAAAAAAAAAAAAAAAAAAAAAAAAAA23
:10FD4000AAAAAAAAAAAAAAAAAAAAAAAAAAAAAAAA13
:10FD5000AAAAAAAAAAAAAAAAAAAAAAAAAAAAAAAA03
:10FD6000AAAAAAAAAAAAAAAAAAAAAAAAAAAAAAAAF3
:10FD7000AAAAAAAAAAAAAAAAAAAAAAAAAAAAAAAAE3
:10FD8000AAAAAAAAAAAAAAAAAAAAAAAAAAAAAAAAD3
:10FD9000AAAAAAAAAAAAAAAAAAAAAAAAAAAAAAAAC3
:10FDA000AAAAAAAAAAAAAAAAAAAAAAAAAAAAAAAAB3
:10FDB000AAAAAAAAAAAAAAAAAAAAAAAAAAAAAAAAA3
:10FDC000AAAAAAAAAAAAAAAAAAAAAAAAAAAAAAAA93
:10FDD000AAAAAAAAAAAAAAAAAAAAAAAAAAAAAAAA83
:10FDE000AAAAAAAAAAAAAAAAAAAAAAAAAAAAAAAA73
:10FDF000AAAAAAAAAAAAAAAAAAAAAAAAAAAAAAAA63
:10FE0000AAAAAAAAAAAAAAAAAAAAAAAAAAAAAAAA52
:10FE1000AAAAAAAAAAAAAAAAAAAAAAAAAAAAAAAA42
:10FE2000AAAAAAAAAAAAAAAAAAAAAAAAAAAAAAAA32
:10FE3000AAAAAAAAAAAAAAAAAAAAAAAAAAAAAAAA22
:10FE4000AAAAAAAAAAAAAAAAAAAAAAAAAAAAAAAA12
:10FE5000AAAAAAAAAAAAAAAAAAAAAAAAAAAAAAAA02
:10FE6000AAAAAAAAAAAAAAAAAAAAAAAAAAAAAAAAF2
:10FE7000AAAAAAAAAAAAAAAAAAAAAAAAAAAAAAAAE2
:10FE8000AAAAAAAAAAAAAAAAAAAAAAAAAAAAAAAAD2
:10FE9000AAAAAAAAAAAAAAAAAAAAAAAAAAAAAAAAC2
:10FEA000AAAAAAAAAAAAAAAAAAAAAAAAAAAAAAAAB2
:10FEB000AAAAAAAAAAAAAAAAAAAAAAAAAAAAAAAAA2
:10FEC000AAAAAAAAAAAAAAAAAAAAAAAAAAAAAAAA92
:10FED000AAAAAAAAAAAAAAAAAAAAAAAAAAAAAAAA82
:10FEE000AAAAAAAAAAAAAAAAAAAAAAAAAAAAAAAA72
:10FEF000AAAAAAAAAAAAAAAAAAAAAAAAAAAAAAAA62
:10FF0000AAAAAAAAAAAAAAAAAAAAAAAAAAAAAAAA51
:10FF1000AAAAAAAAAAAAAAAAAAAAAAAAAAAAAAAA41
:10FF2000AAAAAAAAAAAAAAAAAAAAAAAAAAAAAAAA31
:10FF3000AAAAAAAAAAAAAAAAAAAAAAAAAAAAAAAA21
:10FF4000AAAAAAAAAAAAAAAAAAAAAAAAAAAAAAAA11
:10FF5000AAAAAAAAAAAAAAAAAAAAAAAAAAAAAAAA01
:10FF6000AAAAAAAAAAAAAAAAAAAAAAAAAAAAAAAAF1
:10FF7000AAAAAAAAAAAAAAAAAAAAAAAAAAAAAAAAE1
:10FF8000AAAAAAAAAAAAAAAAAAAAAAAAAAAAAAAAD1
:10FF9000AAAAAAAAAAAAAAAAAAAAAAAAAAAAAAAAC1
:10FFA000AAAAAAAAAAAAAAAAAAAAAAAAAAAAAAAAB1
:10FFB000AAAAAAAAAAAAAAAAAAAAAAAAAAAAAAAAA1
:10FFC000AAAAAAAAAAAAAAAAAAAAAAAAAAAAAAAA91
:10FFD000AAAAAAAAAAAAAAAAAAAAAAAAAAAAAAAA81
:10FFE000AAAAAAAAAAAAAAAAAAAAAAAAAAAAAAAA71
:10FFF000AAAAAAAAAAAAAAAAAAAAAAAAAAAAAAAA61
:020000040802F0
:10000000AAAAAAAAAAAAAAAAAAAAAAAAAAAAAAAA50
:10001000AAAAAAAAAAAAAAAAAAAAAAAAAAAAAAAA40
:10002000AAAAAAAAAAAAAAAAAAAAAAAAAAAAAAAA30
:10003000AAAAAAAAAAAAAAAAAAAAAAAAAAAAAAAA20
:10004000AAAAAAAAAAAAAAAAAAAAAAAAAAAAAAAA10
:10005000AAAAAAAAAAAAAAAAAAAAAAAAAAAAAAAA00
:10006000AAAAAAAAAAAAAAAAAAAAAAAAAAAAAAAAF0
:10007000AAAAAAAAAAAAAAAAAAAAAAAAAAAAAAAAE0
:10008000AAAAAAAAAAAAAAAAAAAAAAAAAAAAAAAAD0
:10009000AAAAAAAAAAAAAAAAAAAAAAAAAAAAAAAAC0
:1000A000AAAAAAAAAAAAAAAAAAAAAAAAAAAAAAAAB0
:1000B000AAAAAAAAAAAAAAAAAAAAAAAAAAAAAAAAA0
:1000C000AAAAAAAAAAAAAAAAAAAAAAAAAAAAAAAA90
:1000D000AAAAAAAAAAAAAAAAAAAAAAAAAAAAAAAA80
:1000E000AAAAAAAAAAAAAAAAAAAAAAAAAAAAAAAA70
:1000F000AAAAAAAAAAAAAAAAAAAAAAAAAAAAAAAA60
:10010000AAAAAAAAAAAAAAAAAAAAAAAAAAAAAAAA4F
:10011000AAAAAAAAAAAAAAAAAAAAAAAAAAAAAAAA3F
:10012000AAAAAAAAAAAAAAAAAAAAAAAAAAAAAAAA2F
:10013000AAAAAAAAAAAAAAAAAAAAAAAAAAAAAAAA1F
:10014000AAAAAAAAAAAAAAAAAAAAAAAAAAAAAAAA0F
:10015000AAAAAAAAAAAAAAAAAAAAAAAAAAAAAAAAFF
:10016000AAAAAAAAAAAAAAAAAAAAAAAAAAAAAAAAEF
:10017000AAAAAAAAAAAAAAAAAAAAAAAAAAAAAAAADF
:10018000AAAAAAAAAAAAAAAAAAAAAAAAAAAAAAAACF
:10019000AAAAAAAAAAAAAAAAAAAAAAAAAAAAAAAABF
:1001A000AAAAAAAAAAAAAAAAAAAAAAAAAAAAAAAAAF
:1001B000AAAAAAAAAAAAAAAAAAAAAAAAAAAAAAAA9F
:1001C000AAAAAAAAAAAAAAAAAAAAAAAAAAAAAAAA8F
:1001D000AAAAAAAAAAAAAAAAAAAAAAAAAAAAAAAA7F
:1001E000AAAAAAAAAAAAAAAAAAAAAAAAAAAAAAAA6F
:1001F000AAAAAAAAAAAAAAAAAAAAAAAAAAAAAAAA5F
:10020000AAAAAAAAAAAAAAAAAAAAAAAAAAAAAAAA4E
:10021000AAAAAAAAAAAAAAAAAAAAAAAAAAAAAAAA3E
:10022000AAAAAAAAAAAAAAAAAAAAAAAAAAAAAAAA2E
:10023000AAAAAAAAAAAAAAAAAAAAAAAAAAAAAAAA1E
:10024000AAAAAAAAAAAAAAAAAAAAAAAAAAAAAAAA0E
:10025000AAAAA80000000002AAAAAAAAAAAAAAAA50
:10026000AAAAAAAAAAAAAAAAAAAAAAAAAAAAAAAAEE
:10027000AAAAAAAAAAAAAAAAAAAAAAAAAAAAAAAADE
:10028000AAAAAAAAAAAAAAAAAAAAAAAAAAAAAAAACE
:10029000AAAAAAAAAAAAAAAAAAAAAAAAAAAAAAAABE
:1002A000AAAAAAAAAAAAAAAAAAAAAAAAAAAAAAAAAE
:1002B000AAAAAAAAAAAAAAAAAAAAAAAAAAAAAAAA9E
:1002C000AAAAAAAAAAAAAAAAAAAAAAAAAAAAAAAA8E
:1002D000AAAAAAAAAAAAAAAAAAAAAAAAAAAAAAAA7E
:1002E000AAAAAAAAAAAAAAAAAAAAAAAAAAAAAAAA6E
:1002F000AAAAAAAAAAAAAAAAAAAAAAAAAAAAAAAA5E
:10030000AAAAAAAAAAAAAAAAAAAAAAAAAAAAAAAA4D
:10031000AAAAAAAAAAAAAAAAAAAAAAAAAAAAAAAA3D
:10032000AAAAAAAAAAAAAAAAAAAAAAAAAAAAAAAA2D
:10033000AAAAAAAAAAAAAAAAAAAAAAAAAAAAAAAA1D
:10034000AAAAAAAAAAAAAAAAAAAAAAAAAAAAAAAA0D
:10035000AAAAAAAAAAAAAAAAAAAAAAAAAAAAAAAAFD
:10036000AAAAAAAAAAAAAAAAAAAAAAAAAAAAAAAAED
:10037000AAAAAAAAAAAAAAAAAAAAAAAAAAAAAAAADD
:10038000AAAAAAAAAAAAAAAAAAAAAAAAAAAAAAAACD
:10039000AAAAAAAAAAAAAAAAAAAAAAAAAAAAAAAABD
:1003A000AAAAAAAAAAA000000000000000AAAAAA5D
:1003B000AAAAAAAAAAAAAAAAAAAAAAAAAAAAAAAA9D
:1003C000AAAAAAAAAAAAAAAAAAAAAAAAAAAAAAAA8D
:1003D000AAAAAAAAAAAAAAAAAAAAAAAAAAAAAAAA7D
:1003E000AAAAAAAAAAAAAAAAAAAAAAAAAAAAAAAA6D
:1003F000AAAAAAAAAAAAAAAAAAAAAAAAAAAAAAAA5D
:10040000AAAAAAAAAAAAAAAAAAAAAAAAAAAAAAAA4C
:10041000AAAAAAAAAAAAAAAAAAAAAAAAAAAAAAAA3C
:10042000AAAAAAAAAAAAAAAAAAAAAAAAAAAAAAAA2C
:10043000AAAAAAAAAAAAAAAAAAAAAAAAAAAAAAAA1C
:10044000AAAAAAAAAAAAAAAAAAAAAAAAAAAAAAAA0C
:10045000AAAAAAAAAAAAAAAAAAAAAAAAAAAAAAAAFC
:10046000AAAAAAAAAAAAAAAAAAAAAAAAAAAAAAAAEC
:10047000AAAAAAAAAAAAAAAAAAAAAAAAAAAAAAAADC
:10048000AAAAAAAAAAAAAAAAAAAAAAAAAAAAAAAACC
:10049000AAAAAAAAAAAAAAAAAAAAAA80000000008E
:1004A00000000000000000000002AAAAAAAAAAAA4E
:1004B000AAAAAAAAAAAAAAAAAAAAAAAAAA0000009A
:1004C000000000000000000000000000000000002C
:1004D0000000000AAAAAAAAAAAAAAAAAAAAAAAAA1A
:1004E000AAAAAAAAAAAAAAAAAAAAAAAAAAAAAAAA6C
:1004F000AAAAAAAAAAAAAAAAA0000000000000000C
:100500000000AAAAAAAAAAAAAAAAAAAAAAAAAAAA9F
:10051000AAAAAAAAAAAAAAAAAAAAA0000000000097
:100520000000AAAAAAAAAAAAAAAAAAAAAAAAAAAA7F
:10053000AAAAAAAAA0000000000000000000000073
:1005400000000AAAAAAAAAAAAAAAAAAAAAAAAAAAFF
:10055000AAAAAAAAAA8000000000000000000000C9
:10056000000000000000000000000002AAAAAAAAE1
:10057000AAAAAAA0000000000000000000000000DD
:1005800000000000000000000002AAAAAAAAAAAA6D
:10059000000000000000000AAAAAAAAAAAAAAAAA01
:1005A000AAAAAAA8000000000000002AAAAAAAAAD3
:1005B000AAAAAA8000000000000002AAAAAAAAAA69
:1005C000AAAAAAAAAAAAAAAAAAAAAAAAAAAAAAAA8B
:1005D000A00000000000000000AAAAAAAAAAAAAAD5
:1005E000AAAAAAAAAAAAAAAAAAAAAAAAAAAAAA8095
:1005F00000000000000000000000000000000002F9
:10060000AAAAAAAAAAAAAAAAAAAAAAAAAAAAAAAA4A
:10061000AA00000000000000000000000000000030
:10062000000000000000000AAAAAAAAAAAAAAAAA70
:10063000AAAAAAAAAAAAAAAAAAAAAAAAAAAAAAAA1A
:10064000AAAAAAAAAAAAAAAAAAAAAAA800000000B4
:100650000000000000000AAAAAAAAAAAAAAAAAAA96
:10066000AAAAAAAAAAAAAAAAAAAAAAAAAAAA8000BE
:100670000000000000002AAAAAAAAAAAAAAAAAAA56
:10068000AAAAAAAAAAAAAAAAA0000000000000007A
:1006900000000000000000002AAAAAAAAAAAAAAA8A
:1006A000AAAAAAAAAAAAAAAAAA80000000000000D0
:1006B0000000000000000000000000000000000238
:1006C000AAAAAAAAAAAAAAA00000000000000000E4
:1006D0000000000000000000000000000002AAAAC4
:1006E000AAAAAAAA000000000000000AAAAAAAAAB0
:1006F000AAAAAAAAAAAAAAA8000000000000002A82
:10070000AAAAAAAAAAAAAA8000000000000002AA17
:10071000AAAAAAAAAAAAAAAAAAAAAAAAAAAAAAAA39
:10072000AAAAAAAAA00000000000000000AAAAAA83
:10073000AAAAAAAAAAAAAAAAAAAAAAAAAAAAAAAA19
:10074000AAAAAA800000000000000000000000002B
:100750000000000000AAAAAAAAAAAAAAAAAAAAAA4B
:10076000AAAAAAAAAA000000000000000000000037
:1007700000000000000000000000000AAAAAAAAAC7
:10078000AAAAAAAAAAAAAAAAAAAAAAAAAAAAAAAAC9
:10079000AAAAAAAAAAAAAAAAAAAAAAAAAAAAAA0063
:1007A00000000000000000000000002AAAAAAAAA77
:1007B000AAAAAAAAAAAAAAAAAAAAAAAAAAAAAAAA99
:1007C000AAAA80000000000000002AAAAAAAAAAAD9
:1007D000AAAAAAAAAAAAAAAAAAAAAAAAA000000081
:1007E000000000000000000000000000000AAAAAAB
:1007F000AAAAAAAAAAAAAAAAAAAAAAAAAA800000D7
:1008000000000000000000000000000000000000E8
:1008100000000002AAAAAAAAAAAAAAA00000000090
:1008200000000000000000000000000000000000C8
:100830000002AAAAAAAAAAAA000000000000000AB0
:10084000AAAAAAAAAAAAAAAAAAAAAAA800000000B2
:100850000000002AAAAAAAAAAAAAAA800000000048
:10086000000002AAAAAAAAAAAAAAAAAAAAAAAAAAE4
:10087000AAAAAAAAAAAAAAAAA00000000000000088
:1008800000AAAAAAAAAAAAAAAAAAAAAAAAAAAAAA72
:10089000AAAAAAAAAAAAAA80000000000000000032
:1008A00000000000000000000000AAAAAAAAAAAA4C
:1008B000AAAAAAAAAAAAAAAAAA000000000000003E
:1008C0000000000000000000000000000000000A1E
:1008D000AAAAAAAAAAAAAAAAAAAAAAAAAAAAAAAA78
:1008E000AAAAAAAAAAAAAAAAAAAAAAAAAAAAAAAA68
:1008F000AAAAA00000000000000000000000000202
:10090000AAAAAAAAAAAAAAAAAAAAAAAAAAAAAAAA47
:10091000AAAAAAAAAAAA00000000000000002AAA07
:10092000AAAAAAAAAAAAAAAAAAAAAAAAAAAAAAAA27
:10093000A000000000000000000000000000000017
:1009400000002AAAAAAAAAAAAAAAAAAAAAAAAAAADB
:10095000AA8000000000000000000000000000006D
:100960000000000000000002AAAAAAAAAAAAAAA03F
:100970000000000000000000000000000000000077
:10098000000000000002AAAAAAAAAAAA0000000069
:100990000000000AAAAAAAAAAAAAAAAAAAAAAAA857
:1009A000000000000000002AAAAAAAAAAAAAAA80F7
:1009B00000000000000002AAAAAAAAAAAAAAAAAA3B
:1009C000AAAAAAAAAAAAAAAAAAAAAAAAA00000008F
:1009D0000000000000AAAAAAAAAAAAAAAAAAAAAAC9
:1009E000AAAAAAAAAAAAAAAAAAAAAA800000000039
:1009F000000000000000000000000000000002AA4B
:100A0000AAAAAAAAAAAAAAAAAAAAAAAAAA00000044
:100A100000000000000000000000000000000000D6
:100A20000000000AAAAAAAAAAAAAAAAAAAAAAAAAC4
:100A3000AAAAAAAAAAAAAAAAAAAAAAAAAAAAAAAA16
:100A4000AAAAAAAAAAAA00000000000000000000AA
:100A5000000000002AAAAAAAAAAAAAAAAAAAAAAA1E
:100A6000AAAAAAAAAAAAAAAAAAAA000000000000E2
:100A700000000AAAAAAAAAAAAAAAAAAAAAAAAAAACA
:100A8000AAAAAAAAA000000000000000000000001E
:100A900000000000000000AAAAAAAAAAAAAAAAAA5C
:100AA000AAAAAAAAAA800000000000000000000074
:100AB000000000000000000000000002AAAAAAAA8C
:100AC000AAAAAAA000000000000000000000000088
:100AD00000000000000000000002AAAAAAAAAAAA18
:100AE000000000000000000AAAAAAAAAAAAAAAAAAC
:100AF000AAAAAAA8000000000000002AAAAAAAAA7E
:100B0000AAAAAA8000000000000002AAAAAAAAAA13
:100B1000AAAAAAAAAAAAAAAAAAAAAAAAAAAAAAAA35
:100B2000A00000000000000000AAAAAAAAAAAAAA7F
:100B3000AAAAAAAAAAAAAAAAAAAAAAAAAAAAAA803F
:100B400000000000000000000000000000000000A5
:100B50000000002AAAAAAAAAAAAAAAAAAAAAAAAA73
:100B6000AA000000000000000000000000000000DB
:100B7000000000000000000AAAAAAAAAAAAAAAAA1B
:100B8000AAAAAAAAAAAAAAAAAAAAAAAAAAAAAAAAC5
:100B9000AAAAAAAAAAAAAAAAAAA0000000000000BB
:100BA00000000000000000000AAAAAAAAAAAAAAA95
:100BB000AAAAAAAAAAAAAAAAAAAAAAAAAAAA0000E9
:100BC0000000000000000AAAAAAAAAAAAAAAAAAA21
:100BD000AAAAAAAAAAAAAAAAA00000000000000025
:100BE00000000000000000000000000AAAAAAAAA53
:100BF000AAAAAAAAAAAAAAAAAA800000000000007B
:100C000000000000000000000000000000000002E2
:100C1000AAAAAAAAAAAAAAA000000000000000008E
:100C20000000000000000000000000000002AAAA6E
:100C3000AAAAAAAA000000000000000AAAAAAAAA5A
:100C4000AAAAAAAAAAAAAAA8000000000000002A2C
:100C5000AAAAAAAAAAAAAA8000000000000002AAC2
:100C6000AAAAAAAAAAAAAAAAAAAAAAAAAAAAAAAAE4
:100C7000AAAAAAAAA00000000000000000AAAAAA2E
:100C8000AAAAAAAAAAAAAAAAAAAAAAAAAAAAAAAAC4
:100C9000AAAAAA80000000000000000000000000D6
:100CA0000000000000000002AAAAAAAAAAAAAAAAF2
:100CB000AAAAAAAAAA0000000000000000000000E2
:100CC00000000000000000000000000AAAAAAAAA72
:100CD000AAAAAAAAAAAAAAAAAAAAAAAAAAAAAAAA74
:100CE000AAAAAAAAAAAAAAAAAAAAAAAAAA00000062
:100CF00000000000000000000000000000AAAAAAF6
:100D0000AAAAAAAAAAAAAAAAAAAAAAAAAAAAAAAA43
:100D1000AAA800000000000000000AAAAAAAAAAA25
:100D2000AAAAAAAAAAAAAAAAAAAAAAAAA00000002B
:100D300000000000000000000000000000000000B3
:100D40002AAAAAAAAAAAAAAAAAAAAAAAAA80000001
:100D50000000000000000000000000000000000093
:100D600000000002AAAAAAAAAAAAAAA0000000003B
:100D70000000000000000000000000000000000073
:100D80000002AAAAAAAAAAAA000000000000000A5B
:100D9000AAAAAAAAAAAAAAAAAAAAAAA8000000005D
:100DA0000000002AAAAAAAAAAAAAAA8000000000F3
:100DB000000002AAAAAAAAAAAAAAAAAAAAAAAAAA8F
:100DC000AAAAAAAAAAAAAAAAA00000000000000033
:100DD00000AAAAAAAAAAAAAAAAAAAAAAAAAAAAAA1D
:100DE000AAAAAAAAAAAAAA800000000000000000DD
:100DF0000000000000000000000000002AAAAAAACB
:100E0000AAAAAAAAAAAAAAAAAA00000000000000E8
:100E10000000000000000000000000000000000AC8
:100E2000AAAAAAAAAAAAAAAAAAAAAAAAAAAAAAAA22
:100E3000AAAAAAAAAAAAAAAAAAAAAAAAAAAAAAAA12
:100E4000A000000000000000000000000000000002
:100E5000002AAAAAAAAAAAAAAAAAAAAAAAAAAAAA1C
:100E6000AAAAAAAAAAA8000000000000000002AADC
:100E7000AAAAAAAAAAAAAAAAAAAAAAAAAAAAAAAAD2
:100E8000A0000000000000000000000000000000C2
:100E9000000000000AAAAAAAAAAAAAAAAAAAAAAAFA
:100EA000AA80000000000000000000000000000018
:100EB0000000000000000002AAAAAAAAAAAAAAA0EA
:100EC0000000000000000000000000000000000022
:100ED000000000000002AAAAAAAAAAAA0000000014
:100EE0000000000AAAAAAAAAAAAAAAAAAAAAAAA802
:100EF000000000000000002AAAAAAAAAAAAAAA80A2
:100F000000000000000002AAAAAAAAAAAAAAAAAAE5
:100F1000AAAAAAAAAAAAAAAAAAAAAAAAA000000039
:100F20000000000000AAAAAAAAAAAAAAAAAAAAAA73
:100F3000AAAAAAAAAAAAAAAAAAAAAA8000000000E3
:100F400000000000000000000000000000000000A1
:100F500002AAAAAAAAAAAAAAAAAAAAAAAA00000097
:100F60000000000000000000000000000000000081
:100F70000000000AAAAAAAAAAAAAAAAAAAAAAAAA6F
:100F8000AAAAAAAAAAAAAAAAAAAAAAAAAAAAAAAAC1
:100F9000AAAAAAAA80000000000000000000000029
:100FA00000000000000AAAAAAAAAAAAAAAAAAAAA93
:100FB000AAAAAAAAAAAAAAAAAAA80000000000008F
:100FC000000002AAAAAAAAAAAAAAAAAAAAAAAAAA7D
:100FD000AAAAAAAAA00000000000000000000000C9
:100FE000000000000000000000AAAAAAAAAAAAAA5B
:100FF000AAAAAAAAAA80000000000000000000001F
:10100000000000000000000000000002AAAAAAAA36
:10101000AAAAAAA000000000000000000000000032
:1010200000000000000000000002AAAAAAAAAAAAC2
:10103000000000000000000AAAAAAAAAAAAAAAAA56
:10104000AAAAAAA8000000000000002AAAAAAAAA28
:10105000AAAAAA8000000000000002AAAAAAAAAABE
:10106000AAAAAAAAAAAAAAAAAAAAAAAAAAAAAAAAE0
:10107000A00000000000000000AAAAAAAAAAAAAA2A
:10108000AAAAAAAAAAAAAAAAAAAAAAAAAAAAAA80EA
:101090000000000000000000000000000000000050
:1010A00000000000002AAAAAAAAAAAAAAAAAAAAA72
:1010B000AA00000000000000000000000000000086
:1010C000000000000000000AAAAAAAAAAAAAAAAAC6
:1010D000AAAAAAAAAAAAAAAAAAAAAAAAAAAAAAAA70
:1010E000AAAAAAAAAAAAAAA80000000000000000B2
:1010F00000000000000000000000AAAAAAAAAAAAF4
:10110000AAAAAAAAAAAAAAAAAAAAAAAAAAA000009D
:1011100000000000000000AAAAAAAAAAAAAAAAAAD5
:10112000AAAAAAAAAAAAAAAAA000000000000000CF
:10113000000000000000000000000000000AAAAA51
:10114000AAAAAAAAAAAAAAAAAA8000000000000025
:10115000000000000000000000000000000000028D
:10116000AAAAAAAAAAAAAAA0000000000000000039
:101170000000000000000000000000000002AAAA19
:10118000AAAAAAAA000000000000000AAAAAAAAA05
:10119000AAAAAAAAAAAAAAA8000000000000002AD7
:1011A000AAAAAAAAAAAAAA8000000000000002AA6D
:1011B000AAAAAAAAAAAAAAAAAAAAAAAAAAAAAAAA8F
:1011C000AAAAAAAAA00000000000000002AAAAAAD7
:1011D000AAAAAAAAAAAAAAAAAAAAAAAAAAAAAAAA6F
:1011E000AAAAAA8000000000000000000000000081
:1011F0000000000000000000000AAAAAAAAAAAAAE9
:10120000AAAAAAAAAA00000000000000000000008C
:1012100000000000000000000000000AAAAAAAAA1C
:10122000AAAAAAAAAAAAAAAAAAAAAAAAAAAAAAAA1E
:10123000AAAAAAAAAAAAAAAAAAAAAAA000000000C0
:1012400000000000000000000000000000002AAACA
:10125000AAAAAAAAAAAAAAAAAAAAAAAAAAAAAAAAEE
:10126000AAA0000000000000000000AAAAAAAAAAE2
:10127000AAAAAAAAAAAAAAAAAAAAAAAAA0000000D6
:10128000000000000000000000000000000000005E
:101290000002AAAAAAAAAAAAAAAAAAAAAA8000007E
:1012A000000000000000000000000000000000003E
:1012B00000000002AAAAAAAAAAAAAAA000000000E6
:1012C000000000000000000000000000000000001E
:1012D0000002AAAAAAAAAAAA000000000000000A06
:1012E000AAAAAAAAAAAAAAAAAAAAAAA80000000008
:1012F0000000002AAAAAAAAAAAAAAA80000000009E
:10130000000002AAAAAAAAAAAAAAAAAAAAAAAAAA39
:10131000AAAAAAAAAAAAAAAAA000000000000000DD
:1013200002AAAAAAAAAAAAAAAAAAAAAAAAAAAAAAC5
:10133000AAAAAAAAAAAAAA80000000000000000087
:101340000000000000000000000000000002AAAA47
:10135000AAAAAAAAAAAAAAAAAA0000000000000093
:101360000000000000000000000000000000000A73
:10137000AAAAAAAAAAAAAAAAAAAAAAAAAAAAAAAACD
:10138000AAAAAAAAAAAAAAAAAAAAAAAAAAAAAA80E7
:10139000000000000000000000000000000000004D
:1013A00000000AAAAAAAAAAAAAAAAAAAAAAAAAAA91
:1013B000AAAAAAAAAAA0000000000000000000AA91
:1013C000AAAAAAAAAAAAAAAAAAAAAAAAAAAAAAAA7D
:1013D000A00000000000000000000000000000006D
:1013E000000000000000AAAAAAAAAAAAAAAAAAAA59
:1013F000AA800000000000000000000000000000C3
:101400000000000000000002AAAAAAAAAAAAAAA094
:1014100000000000000000000000000000000000CC
:10142000000000000002AAAAAAAAAAAA00000000BE
:101430000000000AAAAAAAAAAAAAAAAAAAAAAAA8AC
:10144000000000000000002AAAAAAAAAAAAAAA804C
:1014500000000000000002AAAAAAAAAAAAAAAAAA90
:10146000AAAAAAAAAAAAAAAAAAAAAAAAA0000000E4
:101470000000000002AAAAAAAAAAAAAAAAAAAAAA1C
:10148000AAAAAAAAAAAAAAAAAAAAAA80000000008E
:10149000000000000000000000000000000000004C
:1014A0000000AAAAAAAAAAAAAAAAAAAAAA000000EE
:1014B000000000000000000000000000000000002C
:1014C0000000000AAAAAAAAAAAAAAAAAAAAAAAAA1A
:1014D000AAAAAAAAAAAAAAAAAAAAAAAAAAAAAAAA6C
:1014E000AAAAAA00000000000000000000000000FE
:1014F00000000000000002AAAAAAAAAAAAAAAAAAF0
:10150000AAAAAAAAAAAAAAAAAA8000000000000061
:101510000000002AAAAAAAAAAAAAAAAAAAAAAAAAA9
:10152000AAAAAAAAA0000000000000000000000073
:10153000000000000000000000000AAAAAAAAAAA4F
:10154000AAAAAAAAAA8000000000000000000000C9
:10155000000000000000000000000002AAAAAAAAE1
:10156000AAAAAAA0000000000000000000000000DD
:1015700000000000000000000002AAAAAAAAAAAA6D
:10158000000000000000000AAAAAAAAAAAAAAAAA01
:10159000AAAAAAA8000000000000002AAAAAAAAAD3
:1015A000AAAAAA8000000000000002AAAAAAAAAA69
:1015B000AAAAAAAAAAAAAAAAAAAAAAAAAAAAAAAA8B
:1015C000A00000000000000002AAAAAAAAAAAAAAD3
:1015D000AAAAAAAAAAAAAAAAAAAAAAAAAAAAAA8095
:1015E00000000000000000000000000000000000FB
:1015F0000000000000002AAAAAAAAAAAAAAAAAAAC7
:10160000AA00000000000000000000000000000030
:10161000000000000000000AAAAAAAAAAAAAAAAA70
:10162000AAAAAAAAAAAAAAAAAAAAAAAAAAAAAAAA1A
:10163000AAAAAAAAAAAAA00000000000000000000E
:101640000000000000000000000000AAAAAAAAAA48
:10165000AAAAAAAAAAAAAAAAAAAAAAAAAA80000068
:10166000000000000000002AAAAAAAAAAAAAAAAA00
:10167000AAAAAAAAAAAAAAAAA0000000000000007A
:10168000000000000000000000000000000002AAAE
:10169000AAAAAAAAAAAAAAAAAA80000000000000D0
:1016A0000000000000000000000000000000000238
:1016B000AAAAAAAAAAAAAAA00000000000000000E4
:1016C0000000000000000000000000000002AAAAC4
:1016D000AAAAAAAA000000000000000AAAAAAAAAB0
:1016E000AAAAAAAAAAAAAAA8000000000000002A82
:1016F000AAAAAAAAAAAAAA8000000000000002AA18
:10170000AAAAAAAAAAAAAAAAAAAAAAAAAAAAAAAA39
:10171000AAAAAAAAA00000000000000002AAAAAA81
:10172000AAAAAAAAAAAAAAAAAAAAAAAAAAAAAAAA19
:10173000AAAAAA800000000000000000000000002B
:10174000000000000000000000000AAAAAAAAAAA3D
:10175000AAAAAAAAAA000000000000000000000037
:1017600000000000000000000000000AAAAAAAAAC7
:10177000AAAAAAAAAAAAAAAAAAAAAAAAAAAAAAAAC9
:10178000AAAAAAAAAAAAAAAAAAAA80000000000035
:101790000000000000000000000000000000002A1F
:1017A000AAAAAAAAAAAAAAAAAAAAAAAAAAAAAAAA99
:1017B000AA000000000000000000002AAAAAAAAAAD
:1017C000AAAAAAAAAAAAAAAAAAAAAAAAA000000081
:1017D0000000000000000000000000000000000009
:1017E000000000AAAAAAAAAAAAAAAAAAAA800000D5
:1017F00000000000000000000000000000000000E9
:1018000000000002AAAAAAAAAAAAAAA00000000090
:1018100000000000000000000000000000000000C8
:101820000002AAAAAAAAAAAA000000000000000AB0
:10183000AAAAAAAAAAAAAAAAAAAAAAA800000000B2
:101840000000002AAAAAAAAAAAAAAA800000000048
:10185000000002AAAAAAAAAAAAAAAAAAAAAAAAAAE4
:10186000AAAAAAAAAAAAAAAAA00000000000000088
:1018700002AAAAAAAAAAAAAAAAAAAAAAAAAAAAAA70
:10188000AAAAAAAAAAAAAA80000000000000000032
:10189000000000000000000000000000000002AA9C
:1018A000AAAAAAAAAAAAAAAAAA000000000000003E
:1018B0000000000000000000000000000000000A1E
:1018C000AAAAAAAAAAAAAAAAAAAAAAAAAAAAAAAA78
:1018D000AAAAAAAAAAAAAAAAAAAAAAAAAAAA0000BC
:1018E00000000000000000000000000000000000F8
:1018F0000000000AAAAAAAAAAAAAAAAAAAAAAAAAE6
:10190000AAAAAAAAAA000000000000000000000A7B
:10191000AAAAAAAAAAAAAAAAAAAAAAAAAAAAAAAA27
:10192000A000000000000000000000000000000017
:10193000000000000000002AAAAAAAAAAAAAAAAA2D
:10194000AA8000000000000000000000000000006D
:101950000000000000000002AAAAAAAAAAAAAAA03F
:101960000000000000000000000000000000000077
:10197000000000000002AAAAAAAAAAAA0000000069
:101980000000000AAAAAAAAAAAAAAAAAAAAAAAA857
:10199000000000000000002AAAAAAAAAAAAAAA80F7
:1019A00000000000000002AAAAAAAAAAAAAAAAAA3B
:1019B000AAAAAAAAAAAAAAAAAAAAAAAAA00000008F
:1019C0000000000002AAAAAAAAAAAAAAAAAAAAAAC7
:1019D000AAAAAAAAAAAAAAAAAAAAAA800000000039
:1019E00000000000000000000000000000000000F7
:1019F000000000AAAAAAAAAAAAAAAAAAAA00000043
:101A000000000000000000000000000000000000D6
:101A10000000000AAAAAAAAAAAAAAAAAAAAAAAAAC4
:101A2000AAAAAAAAAAAAAAAAAAAAAAAAAAAAAAAA16
:101A3000AAA8000000000000000000000000000054
:101A40000000000000000002AAAAAAAAAAAAAAAA44
:101A5000AAAAAAAAAAAAAAAAAA000000000000008C
:101A60000000000AAAAAAAAAAAAAAAAAAAAAAAAA74
:101A7000AAAAAAAAA000000000000000000000001E
:101A800000000000000000000000000AAAAAAAAAA4
:101A9000AAAAAAAAAA800000000000000000000074
:101AA000000000000000000000000002AAAAAAAA8C
:101AB000AAAAAAA000000000000000000000000088
:101AC00000000000000000000002AAAAAAAAAAAA18
:101AD000000000000000000AAAAAAAAAAAAAAAAAAC
:101AE000AAAAAAA8000000000000002AAAAAAAAA7E
:101AF000AAAAAA8000000000000002AAAAAAAAAA14
:101B0000AAAAAAAAAAAAAAAAAAAAAAAAAAAAAAAA35
:101B1000A00000000000000002AAAAAAAAAAAAAA7D
:101B2000AAAAAAAAAAAAAAAAAAAAAAAAAAAAAA803F
:101B300000000000000000000000000000000000A5
:101B4000000000000000002AAAAAAAAAAAAAAAAA1B
:101B5000AA000000000000000000000000000000DB
:101B6000000000000000000AAAAAAAAAAAAAAAAA1B
:101B7000AAAAAAAAAAAAAAAAAAAAAAAAAAAAAAAAC5
:101B8000AAAAAAAAAAA00000000000000000000063
:101B9000000000000000000000000000AAAAAAAA9D
:101BA000AAAAAAAAAAAAAAAAAAAAAAAAA800000095
:101BB000000000000000000AAAAAAAAAAAAAAAAACB
:101BC000AAAAAAAAAAAAAAAAA00000000000000025
:101BD0000000000000000000000000000000000203
:101BE000AAAAAAAAAAAAAAAAAA800000000000007B
:101BF00000000000000000000000000000000002E3
:101C0000AAAAAAAAAAAAAAA000000000000000008E
:101C10000000000000000000000000000002AAAA6E
:101C2000AAAAAAAA000000000000000AAAAAAAAA5A
:101C3000AAAAAAAAAAAAAAA8000000000000002A2C
:101C4000AAAAAAAAAAAAAA8000000000000002AAC2
:101C5000AAAAAAAAAAAAAAAAAAAAAAAAAAAAAAAAE4
:101C6000AAAAAAAAA00000000000000002AAAAAA2C
:101C7000AAAAAAAAAAAAAAAAAAAAAAAAAAAAAAAAC4
:101C8000AAAAAA80000000000000000000000000D6
:101C900000000000000000000000002AAAAAAAAA72
:101CA000AAAAAAAAAA0000000000000000000000E2
:101CB00000000000000000000000000AAAAAAAAA72
:101CC000AAAAAAAAAAAAAAAAAAAAAAAAAAAAAAAA74
:101CD000AAAAAAAAAAAAAAAAAA800000000000008A
:101CE00000000000000000000000000000000000F4
:101CF000AAAAAAAAAAAAAAAAAAAAAAAAAAAAAAAA44
:101D0000A80000000000000000000002AAAAAAAA81
:101D1000AAAAAAAAAAAAAAAAAAAAAAAAA00000002B
:101D200000000000000000000000000000000000B3
:101D300000000002AAAAAAAAAAAAAAAAAA80000027
:101D40000000000000000000000000000000000093
:101D500000000002AAAAAAAAAAAAAAA0000000003B
:101D60000000000000000000000000000000000073
:101D70000002AAAAAAAAAAAA000000000000000A5B
:101D8000AAAAAAAAAAAAAAAAAAAAAAA8000000005D
:101D90000000002AAAAAAAAAAAAAAA8000000000F3
:101DA000000002AAAAAAAAAAAAAAAAAAAAAAAAAA8F
:101DB000AAAAAAAAAAAAAAAAA00000000000000033
:101DC00002AAAAAAAAAAAAAAAAAAAAAAAAAAAAAA1B
:101DD000AAAAAAAAAAAAAA800000000000000000DD
:101DE0000000000000000000000000000000000AE9
:101DF000AAAAAAAAAAAAAAAAAA00000000000000E9
:101E00000000000000000000000000000000000AC8
:101E1000AAAAAAAAAAAAAAAAAAAAAAAAAAAAAAAA22
:101E2000AAAAAAAAAAAAAAAAAAAAAAAAAA80000090
:101E300000000000000000000000000000000000A2
:101E4000000000002AAAAAAAAAAAAAAAAAAAAAAA1A
:101E5000AAAAAAAAA8000000000000000000000230
:101E6000AAAAAAAAAAAAAAAAAAAAAAAAAAAAAAAAD2
:101E7000A0000000000000000000000000000000C2
:101E80000000000000000000AAAAAAAAAAAAAAAA02
:101E9000AA80000000000000000000000000000018
:101EA0000000000000000002AAAAAAAAAAAAAAA0EA
:101EB0000000000000000000000000000000000022
:101EC000000000000002AAAAAAAAAAAA0000000014
:101ED0000000000AAAAAAAAAAAAAAAAAAAAAAAA802
:101EE000000000000000002AAAAAAAAAAAAAAA80A2
:101EF00000000000000002AAAAAAAAAAAAAAAAAAE6
:101F0000AAAAAAAAAAAAAAAAAAAAAAAAA000000039
:101F10000000000002AAAAAAAAAAAAAAAAAAAAAA71
:101F2000AAAAAAAAAAAAAAAAAAAAAA8000000000E3
:101F300000000000000000000000000000000000A1
:101F40000000000AAAAAAAAAAAAAAAAAAA0000008D
:101F50000000000000000000000000000000000081
:101F60000000000AAAAAAAAAAAAAAAAAAAAAAAAA6F
:101F7000AAAAAAAAAAAAAAAAAAAAAAAAAAAAAAAAC1
:101F8000AA000000000000000000000000000000A7
:101F900000000000000000000AAAAAAAAAAAAAAA91
:101FA000AAAAAAAAAAAAAAAAA00000000000000041
:101FB00000000000AAAAAAAAAAAAAAAAAAAAAAAA29
:101FC000AAAAAAAAA00000000000000000000000C9
:101FD0000000000000000000000000002AAAAAAAD9
:101FE000AAAAAAAAAA80000000000000000000001F
:101FF000000000000000000000000002AAAAAAAA37
:10200000AAAAAAA000000000000000000000000032
:1020100000000000000000000002AAAAAAAAAAAAC2
:10202000000000000000000AAAAAAAAAAAAAAAAA56
:10203000AAAAAAA8000000000000002AAAAAAAAA28
:10204000AAAAAA8000000000000002AAAAAAAAAABE
:10205000AAAAAAAAAAAAAAAAAAAAAAAAAAAAAAAAE0
:10206000A80000000000000002AAAAAAAAAAAAAA20
:10207000AAAAAAAAAAAAAAAAAAAAAAAAAAAAAA80EA
:102080000000000000000000000000000000000050
:102090000000000000000002AAAAAAAAAAAAAAAAEE
:1020A000AA00000000000000000000000000000086
:1020B000000000000000000AAAAAAAAAAAAAAAAAC6
:1020C000AAAAAAAAAAAAAAAAAAAAAAAAAAAAAAAA70
:1020D000AAAAAAAAA80000000000000000000000B0
:1020E0000000000000000000000000000AAAAAAAE8
:1020F000AAAAAAAAAAAAAAAAAAAAAAAAA000000048
:102100000000000000000000AAAAAAAAAAAAAAAA7F
:10211000AAAAAAAAAAAAAAAAA000000000000000CF
:1021200000000000000000000000000000000000AF
:102130002AAAAAAAAAAAAAAAAA80000000000000A5
:10214000000000000000000000000000000000028D
:10215000AAAAAAAAAAAAAAA0000000000000000039
:102160000000000000000000000000000002AAAA19
:10217000AAAAAAAA000000000000000AAAAAAAAA05
:10218000AAAAAAAAAAAAAAA8000000000000002AD7
:10219000AAAAAAAAAAAAAA8000000000000002AA6D
:1021A000AAAAAAAAAAAAAAAAAAAAAAAAAAAAAAAA8F
:1021B000AAAAAAAAA80000000000000002AAAAAACF
:1021C000AAAAAAAAAAAAAAAAAAAAAAAAAAAAAAAA6F
:1021D000AAAAAA8000000000000000000000000081
:1021E000000000000000000000000002AAAAAAAA45
:1021F000AAAAAAAAAA00000000000000000000008D
:1022000000000000000000000000000AAAAAAAAA1C
:10221000AAAAAAAAAAAAAAAAAAAAAAAAAAAAAAAA1E
:10222000AAAAAAAAAAAAAAAAA000000000000000BE
:10223000000000000000000000000000000000009E
:1022400002AAAAAAAAAAAAAAAAAAAAAAAAAAAAAA96
:10225000A00000000000000000000000AAAAAAAA36
:10226000AAAAAAAAAAAAAAAAAAAAAAAAA0000000D6
:10227000000000000000000000000000000000005E
:10228000000000000AAAAAAAAAAAAAAAAA80000074
:10229000000000000000000000000000000000003E
:1022A00000000002AAAAAAAAAAAAAAA000000000E6
:1022B000000000000000000000000000000000001E
:1022C0000002AAAAAAAAAAAA000000000000000A06
:1022D000AAAAAAAAAAAAAAAAAAAAAAA80000000008
:1022E0000000002AAAAAAAAAAAAAAA80000000009E
:1022F000000002AAAAAAAAAAAAAAAAAAAAAAAAAA3A
:10230000AAAAAAAAAAAAAAAAA800000000000000D5
:1023100002AAAAAAAAAAAAAAAAAAAAAAAAAAAAAAC5
:10232000AAAAAAAAAAAAAA80000000000000000087
:10233000000000000000000000000000000000009D
:10234000AAAAAAAAAAAAAAAAAA0000000000000093
:102350000000000000000000000000000000000A73
:10236000AAAAAAAAAAAAAAAAAAAAAAAAAAAAAAAACD
:10237000AAAAAAAAAAAAAAAAAAAAAAAAA0000000C5
:10238000000000000000000000000000000000004D
:102390000000000000AAAAAAAAAAAAAAAAAAAAAAEF
:1023A000AAAAAAAA80000000000000000000000005
:1023B0002AAAAAAAAAAAAAAAAAAAAAAAAAAAAAAAFD
:1023C000A00000000000000000000000000000006D
:1023D000000000000000000002AAAAAAAAAAAAAA55
:1023E000AA800000000000000000000000000000C3
:1023F0000000000000000002AAAAAAAAAAAAAAA095
:1024000000000000000000000000000000000000CC
:10241000000000000002AAAAAAAAAAAA00000000BE
:102420000000000AAAAAAAAAAAAAAAAAAAAAAAA8AC
:10243000000000000000002AAAAAAAAAAAAAAA804C
:1024400000000000000002AAAAAAAAAAAAAAAAAA90
:10245000AAAAAAAAAAAAAAAAAAAAAAAAA8000000DC
:102460000000000002AAAAAAAAAAAAAAAAAAAAAA1C
:10247000AAAAAAAAAAAAAAAAAAAAAA80000000008E
:10248000000000000000000000000000000000004C
:1024900000000000AAAAAAAAAAAAAAAAAA00000042
:1024A000000000000000000000000000000000002C
:1024B0000000000AAAAAAAAAAAAAAAAAAAAAAAAA1A
:1024C000AAAAAAAAAAAAAAAAAAAAAAAAAAAAAAAA6C
:1024D000800000000000000000000000000000007C
:1024E000000000000000000000AAAAAAAAAAAAAA46
:1024F000AAAAAAAAAAAAAAAA80000000000000000C
:10250000000000002AAAAAAAAAAAAAAAAAAAAAAA53
:10251000AAAAAAAAA0000000000000000000000073
:1025200000000000000000000000000002AAAAAAAB
:10253000AAAAAAAAAA8000000000000000000000C9
:10254000000000000000000000000002AAAAAAAAE1
:10255000AAAAAAA0000000000000000000000000DD
:1025600000000000000000000002AAAAAAAAAAAA6D
:10257000000000000000000AAAAAAAAAAAAAAAAA01
:10258000AAAAAAA8000000000000002AAAAAAAAAD3
:10259000AAAAAA8000000000000002AAAAAAAAAA69
:1025A000AAAAAAAAAAAAAAAAAAAAAAAAAAAAAAAA8B
:1025B000A80000000000000002AAAAAAAAAAAAAACB
:1025C000AAAAAAAAAAAAAAAAAAAAAAAAAAAAAA8095
:1025D00000000000000000000000000000000000FB
:1025E0000000000000000000AAAAAAAAAAAAAAAA9B
:1025F000AA00000000000000000000000000000031
:10260000000000000000000AAAAAAAAAAAAAAAAA70
:10261000AAAAAAAAAAAAAAAAAAAAAAAAAAAAAAAA1A
:10262000AAAAAAAA00000000000000000000000002
:10263000000000000000000000000000002AAAAA1C
:10264000AAAAAAAAAAAAAAAAAAAAAAAA0000000092
:1026500000000000000000002AAAAAAAAAAAAAAAAA
:10266000AAAAAAAAAAAAAAAAA0000000000000007A
:10267000000000000000000000000000000000005A
:1026800000AAAAAAAAAAAAAAAA800000000000007A
:102690000000000000000000000000000000000238
:1026A000AAAAAAAAAAAAAAA00000000000000000E4
:1026B0000000000000000000000000000002AAAAC4
:1026C000AAAAAAAA000000000000000AAAAAAAAAB0
:1026D000AAAAAAAAAAAAAAA8000000000000002A82
:1026E000AAAAAAAAAAAAAA8000000000000002AA18
:1026F000AAAAAAAAAAAAAAAAAAAAAAAAAAAAAAAA3A
:10270000AAAAAAAAA80000000000000002AAAAAA79
:10271000AAAAAAAAAAAAAAAAAAAAAAAAAAAAAAAA19
:10272000AAAAAA800000000000000000000000002B
:102730000000000000000000000000002AAAAAAA71
:10274000AAAAAAAAAA000000000000000000000037
:1027500000000000000000000000000AAAAAAAAAC7
:10276000AAAAAAAAAAAAAAAAAAAAAAAAAAAAAAAAC9
:10277000AAAAAAAAAAAAAAAA000000000000000009
:102780000000002AAAAAA800000000000000000023
:10279000000AAAAAAAAAAAAAAAAAAAAAAAAAAAAAE3
:1027A0000000000000000000000000000AAAAAAA21
:1027B000AAAAAAAAAAAAAAAAAAAAAAAAA000000081
:1027C0000000000000000000000000000000000009
:1027D0000000000000AAAAAAAAAAAAAAAA80000029
:1027E00000000000000000000000000000000000E9
:1027F00000000002AAAAAAAAAAAAAAA00000000091
:1028000000000000000000000000000000000000C8
:102810000002AAAAAAAAAAAA000000000000000AB0
:10282000AAAAAAAAAAAAAAAAAAAAAAA800000000B2
:102830000000002AAAAAAAAAAAAAAA800000000048
:10284000000002AAAAAAAAAAAAAAAAAAAAAAAAAAE4
:10285000AAAAAAAAAAAAAAAAA80000000000000080
:1028600002AAAAAAAAAAAAAAAAAAAAAAAAAAAAAA70
:10287000AAAAAAAAAAAAAA8000000000000002AA86
:10288000AAAAAAAA80000000000000000000000020
:102890002AAAAAAAAAAAAAAAAA00000000000000BE
:1028A0000AAAAAAAAAAAAAAAAAAAAAAAAAAAAAAA28
:1028B000AAAAAAAAAAAAAAAAAAAAAAAAAAAAAAAA78
:1028C000AAAAAAAAAAAAAAAAAAAAAAA80000000012
:1028D0000000000000000AAAAAAAAAA000000000A6
:1028E00000000000000AAAAAAAAAAAAAAAAAAAAA3A
:1028F000AAAAAAAA00000000000000000000000030
:102900000AAAAAAAAAAAAAAAAAAAAAAAAAAAAAAAC7
:10291000A000000000000000AAAAAAAAA8000000C7
:10292000000000000000000000AAAAAAAAAAAAAA01
:10293000AA8000000000000002AAAAAAAAAAAAAAC5
:10294000AAAAAAAAAAAAAAAAAAAAAAAAAAAAAAA0F1
:102950000000000000000000000000000000000077
:10296000000000000002AAAAAAAAAAAA0000000069
:102970000000000AAAAAAAAAAAAAAAAAAAAAAAA857
:10298000000000000000002AAAAAAAAAAAAAAA80F7
:1029900000000000000002AAAAAAAAAAAAAAAAAA3B
:1029A000AAAAAAAAAAAAAAAAAAAAAAAAA800000087
:1029B0000000000002AAAAAAAAAAAAAAAAAAAAAAC7
:1029C000AAAAAAAAAAAAAAAAAAAAAA800000000039
:1029D000000002AAAAAAAAAAAAA800000000000051
:1029E000000000002AAAAAAAAAAAAAAAAA0000006D
:1029F000000000000AAAAAAAAAAAAAAAAAAAAAAA7F
:102A0000AAAAAAAAAAAAAAAAAAAAAAAAAAAAAAAA26
:102A1000AAAAAAAAAAAAAAAAAAAAAAAAAAAAAAA020
:102A200000000000000000000002AAAAAAAAAAAAA8
:102A300080000000000000000002AAAAAAAAAAAA18
:102A4000AAAAAAAAAAAAAAA8000000000000000038
:102A50000000000002AAAAAAAAAAAAAAAAAAAAAA26
:102A6000AAAAAAAAA000000000000000AAAAAAAA76
:102A7000AAAAA0000000000000000000002AAAAAE4
:102A8000AAAAAAAAAA8000000000000002AAAAAA74
:102A9000AAAAAAAAAAAAAAAAAAAAAAAAAAAAAAAA96
:102AA000AAAAAAA000000000000000AAAAAAAAAA36
:102AB000AAAAAAAAAAAAAAAAAAAAAAAAAAAAAAAA76
:102AC000000000000000000AAAAAAAAAAAAAAAAAAC
:102AD000AAAAAAA8000000000000002AAAAAAAAA7E
:102AE000AAAAAA8000000000000002AAAAAAAAAA14
:102AF000AAAAAAAAAAAAAAAAAAAAAAAAAAAAAAAA36
:102B0000A80000000000000002AAAAAAAAAAAAAA75
:102B1000AAAAAAAAAAAAAAAAAAAAAAAAAAAAAA803F
:102B200000000000000002AAAAAAAAAAAAAAA0005D
:102B300000000000000000002AAAAAAAAAAAAAAAC5
:102B4000AA000000000000000AAAAAAAAAAAAAAA2B
:102B5000AAAAAAAAAAAAAAAAAAAAAAAAAAAAAAAAD5
:102B6000AAAAAAAAAAAAAAAAAAAAAAAAAAAAAAAAC5
:102B7000AAAAAAA00000000000000000002AAAAA39
:102B8000AAAAAAAAA0000000000000000002AAAAA7
:102B9000AAAAAAAAAAAAAAAAAAAAAAA8000000003F
:102BA000000000000000000002AAAAAAAAAAAAAA7D
:102BB000AAAAAAAAAAAAAAAAA00000000000000025
:102BC000AAAAAAAAAAAAAA800000000000000000DF
:102BD000002AAAAAAAAAAAAAAA80000000000000A5
:102BE00002AAAAAAAAAAAAAAAAAAAAAAAAAAAAAAED
:102BF000AAAAAAAAAAAAAAA000000000000000AAE5
:102C0000AAAAAAAAAAAAAAAAAAAAAAAAAAAAAAAA24
:102C1000AAAAAAAA000000000000000AAAAAAAAA5A
:102C2000AAAAAAAAAAAAAAA8000000000000002A2C
:102C3000AAAAAAAAAAAAAA8000000000000002AAC2
:102C4000AAAAAAAAAAAAAAAAAAAAAAAAAAAAAAAAE4
:102C5000AAAAAAAAA80000000000000002AAAAAA24
:102C6000AAAAAAAAAAAAAAAAAAAAAAAAAAAAAAAAC4
:102C7000AAAAAA8000000000000002AAAAAAAAAA82
:102C8000AAAAAA8000000000000000002AAAAAAA9E
:102C9000AAAAAAAAAA000000000000000AAAAAAADA
:102CA000AAAAAAAAAAAAAAAAAAAAAAAAAAAAAAAA84
:102CB000AAAAAAAAAAAAAAAAAAAAAAAAAAAAAAAA74
:102CC000AAAAAAAAAAAAAA800000000000000000DE
:102CD00000AAAAAAAAAAAAAAAA00000000000000A4
:102CE0000000AAAAAAAAAAAAAAAAAAAAAAAAAAA89A
:102CF00000000000000000000000000002AAAAAAD4
:102D0000AAAAAAAAAAAAAAAAAAAAAAAAA00000002B
:102D100000000000AAAAAAAAAAAAAAAA0000000063
:102D200000000000002AAAAAAAAAAAAAAA80000053
:102D30000000000002AAAAAAAAAAAAAAAAAAAAAA43
:102D4000AAAAAAAAAAAAAAAAAAAAAAA00000000095
:102D5000000000AAAAAAAAAAAAAAAAAAAAAAAAAAD1
:102D6000AAAAAAAAAAAAAAAA000000000000000A09
:102D7000AAAAAAAAAAAAAAAAAAAAAAA8000000005D
:102D80000000002AAAAAAAAAAAAAAA8000000000F3
:102D9000000002AAAAAAAAAAAAAAAAAAAAAAAAAA8F
:102DA000AAAAAAAAAAAAAAAAA8000000000000002B
:102DB0000AAAAAAAAAAAAAAAAAAAAAAAAAAAAAAA13
:102DC000AAAAAAAAAAAAAA8000000000000002AA31
:102DD000AAAAAAAAAAAAAAA00000000000000000AD
:102DE0002AAAAAAAAAAAAAAAAA0000000000000069
:102DF0000AAAAAAAAAAAAAAAAAAAAAAAAAAAAAAAD3
:102E0000AAAAAAAAAAAAAAAAAAAAAAAAAAAAAAAA22
:102E1000AAAAAAAAAAAAAAAAAAAAAA8000000000E4
:102E2000000000000AAAAAAAAAAAAAAAAA800000C8
:102E300000000000000AAAAAAAAAAAAAAAAAAAAAE4
:102E4000AAAAAAA0000000000000000000000000E4
:102E500000AAAAAAAAAAAAAAAAAAAAAAAAAAAAAA7C
:102E6000A000000000000000AAAAAAAAAAAAAAAA72
:102E7000A000000000000000000AAAAAAAAAAAAAAC
:102E8000AA8000000000000002AAAAAAAAAAAAAA70
:102E9000AAAAAAAAAAAAAAAAAAAAAAAAAAAAAAA09C
:102EA00000000000000000AAAAAAAAAAAAAAAAAA28
:102EB000AAAAAAAAAAAAAAAAAAAAAAAA000000001A
:102EC0000000000AAAAAAAAAAAAAAAAAAAAAAAA802
:102ED000000000000000002AAAAAAAAAAAAAAA80A2
:102EE00000000000000002AAAAAAAAAAAAAAAAAAE6
:102EF000AAAAAAAAAAAAAAAAAAAAAAAAA800000032
:102F0000000000000AAAAAAAAAAAAAAAAAAAAAAA69
:102F1000AAAAAAAAAAAAAAAAAAAAAA8000000000E3
:102F2000000002AAAAAAAAAAAAAAAAAA00000000A5
:102F3000000000000AAAAAAAAAAAAAAAAA00000037
:102F4000000000000AAAAAAAAAAAAAAAAAAAAAAA29
:102F5000AAAAAAAAAAAAAAAAAAAAAAAAAAAAAAAAD1
:102F6000AAAAAAAAAAAAAAAAAAAAAAAAAAAAAA006B
:102F700000000000000000002AAAAAAAAAAAAAAA81
:102F8000AAA000000000000000AAAAAAAAAAAAAA51
:102F9000AAAAAAAAAAAAAAA00000000000000000EB
:102FA0000000000000AAAAAAAAAAAAAAAAAAAAAAD3
:102FB000AAAAAAAAA000000000000000AAAAAAAA21
:102FC000AAAAAAAAA800000000000000000AAAAA53
:102FD000AAAAAAAAAA8000000000000002AAAAAA1F
:102FE000AAAAAAAAAAAAAAAAAAAAAAAAAAAAAAAA41
:102FF000AAAAAAA000000000000000AAAAAAAAAAE1
:10300000AAAAAAAAAAAAAAAAAAAAAAAAAAAAAAAA20
:10301000000000000000000AAAAAAAAAAAAAAAAA56
:10302000AAAAAAA8000000000000002AAAAAAAAA28
:10303000AAAAAA8000000000000002AAAAAAAAAABE
:10304000AAAAAAAAAAAAAAAAAAAAAAAAAAAAAAAAE0
:10305000A8000000000000000AAAAAAAAAAAAAAA18
:10306000AAAAAAAAAAAAAAAAAAAAAAAAAAAAAA80EA
:1030700000000000000002AAAAAAAAAAAAAAAAAA54
:1030800080000000000000000AAAAAAAAAAAAAAA10
:10309000AA000000000000000AAAAAAAAAAAAAAAD6
:1030A000AAAAAAAAAAAAAAAAAAAAAAAAAAAAAAAA80
:1030B000AAAAAAAAAAAAAAAAAAAAAAAAAAAAAAAA70
:1030C000AAAAAA000000000000000000AAAAAAAA5A
:1030D000AAAAAAAAAAAA0000000000000AAAAAAAEC
:1030E000AAAAAAAAAAAAAAAAAAAAAA800000000012
:1030F000000000000000000000AAAAAAAAAAAAAA2A
:10310000AAAAAAAAAAAAAAAAA000000000000000CF
:10311000AAAAAAAAAAAAAAAAAA00000000000000B5
:10312000000AAAAAAAAAAAAAAA800000000000006F
:1031300002AAAAAAAAAAAAAAAAAAAAAAAAAAAAAA97
:10314000AAAAAAAAAAAAAAA000000000000000AA8F
:10315000AAAAAAAAAAAAAAAAAAAAAAAAAAAAAAAACF
:10316000AAAAAAAA000000000000000AAAAAAAAA05
:10317000AAAAAAAAAAAAAAA8000000000000002AD7
:10318000AAAAAAAAAAAAAA8000000000000002AA6D
:10319000AAAAAAAAAAAAAAAAAAAAAAAAAAAAAAAA8F
:1031A000AAAAAAAAA8000000000000000AAAAAAAC7
:1031B000AAAAAAAAAAAAAAAAAAAAAAAAAAAAAAAA6F
:1031C000AAAAAA8000000000000002AAAAAAAAAA2D
:1031D000AAAAAAAA80000000000000000AAAAAAABF
:1031E000AAAAAAAAAA000000000000000AAAAAAA85
:1031F000AAAAAAAAAAAAAAAAAAAAAAAAAAAAAAAA2F
:10320000AAAAAAAAAAAAAAAAAAAAAAAAAAAAAAAA1E
:10321000AAAAAAAAAAAAA800000000000000000208
:10322000AAAAAAAAAAAAAAAAAAAA000000000002F8
:10323000AAAAAAAAAAAAAAAAAAAAAAAAAAAAAA8018
:10324000000000000000000000000000002AAAAA00
:10325000AAAAAAAAAAAAAAAAAAAAAAAAA0000000D6
:1032600000000000AAAAAAAAAAAAAAAAAA800000E4
:10327000000000000002AAAAAAAAAAAAAA80000026
:103280000000000002AAAAAAAAAAAAAAAAAAAAAAEE
:10329000AAAAAAAAAAAAAAAAAAAAAAA00000000040
:1032A000000000AAAAAAAAAAAAAAAAAAAAAAAAAA7C
:1032B000AAAAAAAAAAAAAAAA000000000000000AB4
:1032C000AAAAAAAAAAAAAAAAAAAAAAA80000000008
:1032D0000000002AAAAAAAAAAAAAAA80000000009E
:1032E000000002AAAAAAAAAAAAAAAAAAAAAAAAAA3A
:1032F000AAAAAAAAAAAAAAAAA800000000000000D6
:103300000AAAAAAAAAAAAAAAAAAAAAAAAAAAAAAABD
:10331000AAAAAAAAAAAAAA8000000000000002AADB
:10332000AAAAAAAAAAAAAAAAA000000000000000AD
:103330000AAAAAAAAAAAAAAAAA0000000000000033
:103340000AAAAAAAAAAAAAAAAAAAAAAAAAAAAAAA7D
:10335000AAAAAAAAAAAAAAAAAAAAAAAAAAAAAAAACD
:10336000AAAAAAAAAAAAAAAAAAAAA8000000000011
:103370000000000AAAAAAAAAAAAAAAAAAAAA80001F
:103380000000002AAAAAAAAAAAAAAAAAAAAAAAAA1B
:10339000AAAAAA80000000000000000000000000AF
:1033A000002AAAAAAAAAAAAAAAAAAAAAAAAAAAAAA7
:1033B000A000000000000000AAAAAAAAAAAAAAAA1D
:1033C000AAA00000000000000002AAAAAAAAAAAAB5
:1033D000AA8000000000000002AAAAAAAAAAAAAA1B
:1033E000AAAAAAAAAAAAAAAAAAAAAAAAAAAAAAA047
:1033F00000000000000000AAAAAAAAAAAAAAAAAAD3
:10340000AAAAAAAAAAAAAAAAAAAAAAAA00000000C4
:103410000000000AAAAAAAAAAAAAAAAAAAAAAAA8AC
:10342000000000000000002AAAAAAAAAAAAAAA804C
:1034300000000000000002AAAAAAAAAAAAAAAAAA90
:10344000AAAAAAAAAAAAAAAAAAAAAAAAA8000000DC
:10345000000000000AAAAAAAAAAAAAAAAAAAAAAA14
:10346000AAAAAAAAAAAAAAAAAAAAAA80000000008E
:10347000000002AAAAAAAAAAAAAAAAAAA8000000A8
:10348000000000000AAAAAAAAAAAAAAAAA000000E2
:10349000000000000AAAAAAAAAAAAAAAAAAAAAAAD4
:1034A000AAAAAAAAAAAAAAAAAAAAAAAAAAAAAAAA7C
:1034B000AAAAAAAAAAAAAAAAAAAAAAAAAAAAA00020
:1034C000000000000000002AAAAAAAAAAAAAAAAA82
:1034D000AAAAA000000002AAAAAAAAAAAAAAAAAAFC
:1034E000AAAAAAAAAAAAAA00000000000000000036
:1034F00000000000002AAAAAAAAAAAAAAAAAAAAAFE
:10350000AAAAAAAAA000000000000000AAAAAAAACB
:10351000AAAAAAAAAAA80000000000000002AAAA5B
:10352000AAAAAAAAAA8000000000000002AAAAAAC9
:10353000AAAAAAAAAAAAAAAAAAAAAAAAAAAAAAAAEB
:10354000AAAAAAA000000000000000AAAAAAAAAA8B
:10355000AAAAAAAAAAAAAAAAAAAAAAAAAAAAAAAACB
:10356000000000000000000AAAAAAAAAAAAAAAAA01
:10357000AAAAAAA8000000000000002AAAAAAAAAD3
:10358000AAAAAA8000000000000002AAAAAAAAAA69
:10359000AAAAAAAAAAAAAAAAAAAAAAAAAAAAAAAA8B
:1035A000A8000000000000000AAAAAAAAAAAAAAAC3
:1035B000AAAAAAAAAAAAAAAAAAAAAAAAAAAAAA8095
:1035C00000000000000002AAAAAAAAAAAAAAAAAAFF
:1035D000A8000000000000000AAAAAAAAAAAAAAA93
:1035E000AA000000000000000AAAAAAAAAAAAAAA81
:1035F000AAAAAAAAAAAAAAAAAAAAAAAAAAAAAAAA2B
:10360000AAAAAAAAAAAAAAAAAAAAAAAAAAAAAAAA1A
:10361000AAAAA00000000000000000AAAAAAAAAA64
:10362000AAAAAAAAAAAAA80000002AAAAAAAAAAA7A
:10363000AAAAAAAAAAAAAAAAAAAAAA00000000003C
:103640000000000000000000000AAAAAAAAAAAAA74
:10365000AAAAAAAAAAAAAAAAA0000000000000007A
:10366000AAAAAAAAAAAAAAAAAAA8000000000000B8
:103670000002AAAAAAAAAAAAAA8000000000000022
:1036800002AAAAAAAAAAAAAAAAAAAAAAAAAAAAAA42
:10369000AAAAAAAAAAAAAAA000000000000000AA3A
:1036A000AAAAAAAAAAAAAAAAAAAAAAAAAAAAAAAA7A
:1036B000AAAAAAAA000000000000000AAAAAAAAAB0
:1036C000AAAAAAAAAAAAAAA8000000000000002A82
:1036D000AAAAAAAAAAAAAA8000000000000002AA18
:1036E000AAAAAAAAAAAAAAAAAAAAAAAAAAAAAAAA3A
:1036F000AAAAAAAAA8000000000000000AAAAAAA72
:10370000AAAAAAAAAAAAAAAAAAAAAAAAAAAAAAAA19
:10371000AAAAAA8000000000000002AAAAAAAAAAD7
:10372000AAAAAAAAA8000000000000000AAAAAAA41
:10373000AAAAAAAAAA000000000000000AAAAAAA2F
:10374000AAAAAAAAAAAAAAAAAAAAAAAAAAAAAAAAD9
:10375000AAAAAAAAAAAAAAAAAAAAAAAAAAAAAAAAC9
:10376000AAAAAAAAAAAAA00000000000000002AA11
:10377000AAAAAAAAAAAAAAAAAAAAA800000AAAAA9F
:10378000AAAAAAAAAAAAAAAAAAAAAAAAAAAAAA0043
:10379000000000000000000000000000000AAAAACB
:1037A000AAAAAAAAAAAAAAAAAAAAAAAAA000000081
:1037B00000000000AAAAAAAAAAAAAAAAAAAA000065
:1037C000000000000002AAAAAAAAAAAAAA800000D1
:1037D0000000000002AAAAAAAAAAAAAAAAAAAAAA99
:1037E000AAAAAAAAAAAAAAAAAAAAAAA000000000EB
:1037F000000000AAAAAAAAAAAAAAAAAAAAAAAAAA27
:10380000AAAAAAAAAAAAAAAA000000000000000A5E
:10381000AAAAAAAAAAAAAAAAAAAAAAA800000000B2
:103820000000002AAAAAAAAAAAAAAA800000000048
:10383000000002AAAAAAAAAAAAAAAAAAAAAAAAAAE4
:10384000AAAAAAAAAAAAAAAAA80000000000000080
:103850000AAAAAAAAAAAAAAAAAAAAAAAAAAAAAAA68
:10386000AAAAAAAAAAAAAA8000000000000002AA86
:10387000AAAAAAAAAAAAAAAAA80000000000000050
:103880000AAAAAAAAAAAAAAAAA00000000000000DE
:103890000AAAAAAAAAAAAAAAAAAAAAAAAAAAAAAA28
:1038A000AAAAAAAAAAAAAAAAAAAAAAAAAAAAAAAA78
:1038B000AAAAAAAAAAAAAAAAAAAA800000000000E4
:1038C000000002AAAAAAAAAAAAAAAAAAAAAAAA00FE
:1038D00000AAAAAAAAAAAAAAAAAAAAAAAAAAAAAAF2
:1038E000AAAAA800000000000000A000000000003C
:1038F0000002AAAAAAAAAAAAAAAAAAAAAAAAAAAA7A
:10390000A000000000000000AAAAAAAAAAAAAAAAC7
:10391000AAAA0000000000000002AAAAAAAAAAAA55
:10392000AA8000000000000002AAAAAAAAAAAAAAC5
:10393000AAAAAAAAAAAAAAAAAAAAAAAAAAAAAAA0F1
:1039400000000000000000AAAAAAAAAAAAAAAAAA7D
:10395000AAAAAAAAAAAAAAAAAAAAAAAA000000006F
:103960000000000AAAAAAAAAAAAAAAAAAAAAAAA857
:10397000000000000000002AAAAAAAAAAAAAAA80F7
:1039800000000000000002AAAAAAAAAAAAAAAAAA3B
:10399000AAAAAAAAAAAAAAAAAAAAAAAAA800000087
:1039A000000000000AAAAAAAAAAAAAAAAAAAAAAABF
:1039B000AAAAAAAAAAAAAAAAAAAAAA800000000039
:1039C000000002AAAAAAAAAAAAAAAAAAA800000053
:1039D000000000002AAAAAAAAAAAAAAAAA0000006D
:1039E000000000000AAAAAAAAAAAAAAAAAAAAAAA7F
:1039F000AAAAAAAAAAAAAAAAAAAAAAAAAAAAAAAA27
:103A0000AAAAAAAAAAAAAAAAAAAAAAAAAAAA8000EA
:103A10000000000000000AAAAAAAAAAAAAAAAAAAA2
:103A2000AAAAAA000AAAAAAAAAAAAAAAAAAAAAAA40
:103A3000AAAAAAAAAAAAA800000000000000A00042
:103A4000000000000002AAAAAAAAAAAAAAAAAAAAD0
:103A5000AAAAAAAAA000000000000000AAAAAAAA76
:103A6000AAAAAAAAAAAA8000000000000002AAAA84
:103A7000AAAAAAAAAA8000000000000002AAAAAA74
:103A8000AAAAAAAAAAAAAAAAAAAAAAAAAAAAAAAA96
:103A9000AAAAAAA000000000000000AAAAAAAAAA36
:103AA000AAAAAAAAAAAAAAAAAAAAAAAAAAAAAAAA76
:103AB000000000000000000AAAAAAAAAAAAAAAAAAC
:103AC000AAAAAAA8000000000000002AAAAAAAAA7E
:103AD000AAAAAA8000000000000002AAAAAAAAAA14
:103AE000AAAAAAAAAAAAAAAAAAAAAAAAAAAAAAAA36
:103AF000A8000000000000000AAAAAAAAAAAAAAA6E
:103B0000AAAAAAAAAAAAAAAAAAAAAAAAAAAAAA803F
:103B100000000000000002AAAAAAAAAAAAAAAAAAA9
:103B2000A8000000000000002AAAAAAAAAAAAAAA1D
:103B3000AA000000000000000AAAAAAAAAAAAAAA2B
:103B4000AAAAAAAAAAAAAAAAAAAAAAAAAAAAAAAAD5
:103B5000AAAAAAAAAAAAAAAAAAAAAAAAAAAAAAAAC5
:103B6000AAAA80000000000000000AAAAAAAAAAA25
:103B7000AAAAAAAAAAAAAA80AAAAAAAAAAAAAAAACF
:103B8000AAAAAAAAAAAAAAAAAAAAA80000000000E9
:103B90000000A000000000000002AAAAAAAAAAAA87
:103BA000AAAAAAAAAAAAAAAAA00000000000000025
:103BB000AAAAAAAAAAAAAAAAAAAA800000000000E1
:103BC0000002AAAAAAAAAAAAAA80000000000000CD
:103BD00002AAAAAAAAAAAAAAAAAAAAAAAAAAAAAAED
:103BE000AAAAAAAAAAAAAAA000000000000000AAE5
:103BF000AAAAAAAAAAAAAAAAAAAAAAAAAAAAAAAA25
:103C0000AAAAAAAA000000000000000AAAAAAAAA5A
:103C1000AAAAAAAAAAAAAAA8000000000000002A2C
:103C2000AAAAAAAAAAAAAA8000000000000002AAC2
:103C3000AAAAAAAAAAAAAAAAAAAAAAAAAAAAAAAAE4
:103C4000AAAAAAAAAA000000000000000AAAAAAA1A
:103C5000AAAAAAAAAAAAAAAAAAAAAAAAAAAAAAAAC4
:103C6000AAAAAA8000000000000002AAAAAAAAAA82
:103C7000AAAAAAAAA8000000000000002AAAAAAACC
:103C8000AAAAAAAAAA000000000000000AAAAAAADA
:103C9000AAAAAAAAAAAAAAAAAAAAAAAAAAAAAAAA84
:103CA000AAAAAAAAAAAAAAAAAAAAAAAAAAAAAAAA74
:103CB000AAAAAAAAAAAA00000000000000002AAA34
:103CC000AAAAAAAAAAAAAAAAAAAAAA8AAAAAAAAA74
:103CD000AAAAAAAAAAAAAAAAAAAAAAAAAAAAA000F8
:103CE000000000000002A800000000000000AAAAD6
:103CF000AAAAAAAAAAAAAAAAAAAAAAAAA00000002C
:103D000000000000AAAAAAAAAAAAAAAAAAAA80008F
:103D1000000000000002AAAAAAAAAAAAAA8000007B
:103D20000000000002AAAAAAAAAAAAAAAAAAAAAA43
:103D3000AAAAAAAAAAAAAAAAAAAAAAA00000000095
:103D4000000000AAAAAAAAAAAAAAAAAAAAAAAAAAD1
:103D5000AAAAAAAAAAAAAAAA000000000000000A09
:103D6000AAAAAAAAAAAAAAAAAAAAAAA8000000005D
:103D70000000002AAAAAAAAAAAAAAA8000000000F3
:103D8000000002AAAAAAAAAAAAAAAAAAAAAAAAAA8F
:103D9000AAAAAAAAAAAAAAAAAA0000000000000029
:103DA0000AAAAAAAAAAAAAAAAAAAAAAAAAAAAAAA13
:103DB000AAAAAAAAAAAAAA8000000000000002AA31
:103DC000AAAAAAAAAAAAAAAAA800000000000000FB
:103DD0002AAAAAAAAAAAAAAAAA0000000000000069
:103DE0000AAAAAAAAAAAAAAAAAAAAAAAAAAAAAAAD3
:103DF000AAAAAAAAAAAAAAAAAAAAAAAAAAAAAAAA23
:103E0000AAAAAAAAAAAAAAAAAAAA0000000000000E
:103E10000000AAAAAAAAAAAAAAAAAAAAAAAAAAAA56
:103E2000AAAAAAAAAAAAAAAAAAAAAAAAAAAAAAAAF2
:103E3000AAAAA000000000000002A80000000000E4
:103E40000000AAAAAAAAAAAAAAAAAAAAAAAAAAAA26
:103E5000A000000000000000AAAAAAAAAAAAAAAA72
:103E6000AAAA8000000000000000AAAAAAAAAAAA82
:103E7000AA8000000000000002AAAAAAAAAAAAAA70
:103E8000AAAAAAAAAAAAAAAAAAAAAAAAAAAAAAA09C
:103E900000000000000000AAAAAAAAAAAAAAAAAA28
:103EA000AAAAAAAAAAAAAAAAAAAAAAAA000000001A
:103EB0000000000AAAAAAAAAAAAAAAAAAAAAAAA802
:103EC000000000000000002AAAAAAAAAAAAAAA80A2
:103ED00000000000000002AAAAAAAAAAAAAAAAAAE6
:103EE000AAAAAAAAAAAAAAAAAAAAAAAAAA00000030
:103EF000000000000AAAAAAAAAAAAAAAAAAAAAAA6A
:103F0000AAAAAAAAAAAAAAAAAAAAAA8000000000E3
:103F1000000002AAAAAAAAAAAAAAAAAAA000000005
:103F2000000000002AAAAAAAAAAAAAAAAA00000017
:103F3000000000000AAAAAAAAAAAAAAAAAAAAAAA29
:103F4000AAAAAAAAAAAAAAAAAAAAAAAAAAAAAAAAD1
:103F5000AAAAAAAAAAAAAAAAAAAAAAAAAAAA000015
:103F6000000000000000AAAAAAAAAAAAAAAAAAAAAD
:103F7000AAAAAAAAAAAAAAAAAAAAAAAAAAAAAAAAA1
:103F8000AAAAAAAAAAAA8000000000000002A8000B
:103F9000000000000000AAAAAAAAAAAAAAAAAAAA7D
:103FA000AAAAAAAAA000000000000000AAAAAAAA21
:103FB000AAAAAAAAAAAA8000000000000000AAAA31
:103FC000AAAAAAAAAA8000000000000002AAAAAA1F
:103FD000AAAAAAAAAAAAAAAAAAAAAAAAAAAAAAAA41
:103FE000AAAAAAA000000000000000AAAAAAAAAAE1
:103FF000AAAAAAAAAAAAAAAAAAAAAAAAAAAAAAAA21
:10400000000000000000000AAAAAAAAAAAAAAAAA56
:10401000AAAAAAA8000000000000002AAAAAAAAA28
:10402000AAAAAA8000000000000002AAAAAAAAAABE
:10403000AAAAAAAAAAAAAAAAAAAAAAAAAAAAAAAAE0
:10404000AA000000000000000AAAAAAAAAAAAAAA16
:10405000AAAAAAAAAAAAAAAAAAAAAAAAAAAAAA80EA
:1040600000000000000002AAAAAAAAAAAAAAAAAA54
:10407000A000000000000000AAAAAAAAAAAAAAAA50
:10408000AA000000000000000AAAAAAAAAAAAAAAD6
:10409000AAAAAAAAAAAAAAAAAAAAAAAAAAAAAAAA80
:1040A000AAAAAAAAAAAAAAAAAAAAAAAAAAAAAAAA70
:1040B000AAA80000000000000000AAAAAAAAAAAAB2
:1040C000AAAAAAAAAAAAAAAAAAAAAAAAAAAAAAAA50
:1040D000AAAAAAAAAAAAAAAAAAAA800000000000BC
:1040E000000AAA000000000000002AAAAAAAAAAAA0
:1040F000AAAAAAAAAAAAAAAAA000000000000000D0
:10410000AAAAAAAAAAAAAAAAAAAA8000000000008B
:104110000000AAAAAAAAAAAAAA8000000000000079
:1041200002AAAAAAAAAAAAAAAAAAAAAAAAAAAAAA97
:10413000AAAAAAAAAAAAAAA000000000000000AA8F
:10414000AAAAAAAAAAAAAAAAAAAAAAAAAAAAAAAACF
:10415000AAAAAAAA000000000000000AAAAAAAAA05
:10416000AAAAAAAAAAAAAAA8000000000000002AD7
:10417000AAAAAAAAAAAAAA8000000000000002AA6D
:10418000AAAAAAAAAAAAAAAAAAAAAAAAAAAAAAAA8F
:10419000AAAAAAAAAA000000000000000AAAAAAAC5
:1041A000AAAAAAAAAAAAAAAAAAAAAAAAAAAAAAAA6F
:1041B000AAAAAA8000000000000002AAAAAAAAAA2D
:1041C000AAAAAAAA8000000000000000AAAAAAAA1F
:1041D000AAAAAAAAAA000000000000000AAAAAAA85
:1041E000AAAAAAAAAAAAAAAAAAAAAAAAAAAAAAAA2F
:1041F000AAAAAAAAAAAAAAAAAAAAAAAAAAAAAAAA1F
:10420000AAAAAAAAAAA80000000000000002AAAA5E
:10421000AAAAAAAAAAAAAAAAAAAAAAAAAAAAAAAAFE
:10422000AAAAAAAAAAAAAAAAAAAAAAAAAAAA8000C2
:1042300000000000000AAA000000000000002AAAF6
:10424000AAAAAAAAAAAAAAAAAAAAAAAAA0000000D6
:1042500000000000AAAAAAAAAAAAAAAAAAAA80003A
:10426000000000000000AAAAAAAAAAAAAA80000028
:104270000000000002AAAAAAAAAAAAAAAAAAAAAAEE
:10428000AAAAAAAAAAAAAAAAAAAAAAA00000000040
:10429000000000AAAAAAAAAAAAAAAAAAAAAAAAAA7C
:1042A000AAAAAAAAAAAAAAAA000000000000000AB4
:1042B000AAAAAAAAAAAAAAAAAAAAAAA80000000008
:1042C0000000002AAAAAAAAAAAAAAA80000000009E
:1042D000000002AAAAAAAAAAAAAAAAAAAAAAAAAA3A
:1042E000AAAAAAAAAAAAAAAAAA00000000000000D4
:1042F0000AAAAAAAAAAAAAAAAAAAAAAAAAAAAAAABE
:10430000AAAAAAAAAAAAAA8000000000000002AADB
:10431000AAAAAAAAAAAAAAAA00000000000000004D
:10432000AAAAAAAAAAAAAAAAAA0000000000000093
:104330000AAAAAAAAAAAAAAAAAAAAAAAAAAAAAAA7D
:10434000AAAAAAAAAAAAAAAAAAAAAAAAAAAAAAAACD
:10435000AAAAAAAAAAAAAAAAAAA8000000000000BB
:104360000002AAAAAAAAAAAAAAAAAAAAAAAAAAAAFF
:10437000AAAAAAAAAAAAAAAAAAAAAAAAAAAAAAAA9D
:10438000AAAA000000000000000AAA000000000025
:1043900000000AAAAAAAAAAAAAAAAAAAAAAAAAAA71
:1043A000A000000000000000AAAAAAAAAAAAAAAA1D
:1043B000AAAA8000000000000002AAAAAAAAAAAA2B
:1043C000AA8000000000000002AAAAAAAAAAAAAA1B
:1043D000AAAAAAAAAAAAAAAAAAAAAAAAAAAAAAA047
:1043E00000000000000000AAAAAAAAAAAAAAAAAAD3
:1043F000AAAAAAAAAAAAAAAAAAAAAAAA00000000C5
:104400000000000AAAAAAAAAAAAAAAAAAAAAAAA8AC
:10441000000000000000002AAAAAAAAAAAAAAA804C
:1044200000000000000002AAAAAAAAAAAAAAAAAA90
:10443000AAAAAAAAAAAAAAAAAAAAAAAAAA000000DA
:10444000000000000AAAAAAAAAAAAAAAAAAAAAAA14
:10445000AAAAAAAAAAAAAAAAAAAAAA80000000008E
:10446000000002AAAAAAAAAAAAAAAAA80000000052
:1044700000000002AAAAAAAAAAAAAAAAAA00000040
:10448000000000000AAAAAAAAAAAAAAAAAAAAAAAD4
:10449000AAAAAAAAAAAAAAAAAAAAAAAAAAAAAAAA7C
:1044A000AAAAAAAAAAAAAAAAAAAAAAAAAAA80000C2
:1044B00000000000000AAAAAAAAAAAAAAAAAAAAA4E
:1044C000AAAAAAAAAAAAAAAAAAAAAAAAAAAAAAAA4C
:1044D000AAAAAAAAAAAA000000000000002AAA808C
:1044E0000000000000000AAAAAAAAAAAAAAAAAAAC8
:1044F000AAAAAAAAA000000000000000AAAAAAAACC
:10450000AAAAAAAAAAAA8000000000000002AAAAD9
:10451000AAAAAAAAAA8000000000000002AAAAAAC9
:10452000AAAAAAAAAAAAAAAAAAAAAAAAAAAAAAAAEB
:10453000AAAAAAA000000000000000AAAAAAAAAA8B
:10454000AAAAAAAAAAAAAAAAAAAAAAAAAAAAAAAACB
:10455000000000000000000AAAAAAAAAAAAAAAAA01
:10456000AAAAAAA8000000000000002AAAAAAAAAD3
:10457000AAAAAA8000000000000002AAAAAAAAAA69
:10458000AAAAAAAAAAAAAAAAAAAAAAAAAAAAAAAA8B
:10459000AA000000000000000AAAAAAAAAAAAAAAC1
:1045A000AAAAAAAAAAAAAAAAAAAAAAAAAAAAAA8095
:1045B00000000000000002AAAAAAAAAAAAAAAAA009
:1045C0000000000000000002AAAAAAAAAAAAAAAA99
:1045D000AA000000000000000AAAAAAAAAAAAAAA81
:1045E000AAAAAAAAAAAAAAAAAAAAAAAAAAAAAAAA2B
:1045F000AAAAAAAAAAAAAAAAAAAAAAAAAAAAAAAA1B
:10460000AAA0000000000000000AAAAAAAAAAAAA5A
:10461000AAAAAAAAAAAAAAAAAAAAAAAAAAAAAAAAFA
:10462000AAAAAAAAAAAAAAAAAAAA000000000000E6
:10463000002AAA800000000000000AAAAAAAAAAACA
:10464000AAAAAAAAAAAAAAAAA0000000000000007A
:10465000AAAAAAAAAAAAAAAAAAAA000000000000B6
:104660000002AAAAAAAAAAAAAA8000000000000022
:1046700002AAAAAAAAAAAAAAAAAAAAAAAAAAAAAA42
:10468000AAAAAAAAAAAAAAA000000000000000AA3A
:10469000AAAAAAAAAAAAAAAAAAAAAAAAAAAAAAAA7A
:1046A000AAAAAAAA000000000000000AAAAAAAAAB0
:1046B000AAAAAAAAAAAAAAA8000000000000002A82
:1046C000AAAAAAAAAAAAAA8000000000000002AA18
:1046D000AAAAAAAAAAAAAAAAAAAAAAAAAAAAAAAA3A
:1046E000AAAAAAAAAA000000000000000AAAAAAA70
:1046F000AAAAAAAAAAAAAAAAAAAAAAAAAAAAAAAA1A
:10470000AAAAAA8000000000000002AAAAAAAAAAD7
:10471000AAAAAA800000000000000002AAAAAAAA71
:10472000AAAAAAAAAA000000000000000AAAAAAA2F
:10473000AAAAAAAAAAAAAAAAAAAAAAAAAAAAAAAAD9
:10474000AAAAAAAAAAAAAAAAAAAAAAAAAAAAAAAAC9
:10475000AAAAAAAAAAA0000000000000000AAAAA09
:10476000AAAAAAAAAAAAAAAAAAAAAAAAAAAAAAAAA9
:10477000AAAAAAAAAAAAAAAAAAAAAAAAAAA80000EF
:1047800000000000002AAA8000000000000002AA29
:10479000AAAAAAAAAAAAAAAAAAAAAAAAA000000081
:1047A00000000000AAAAAAAAAAAAAAAAAAAA000065
:1047B000000000000002AAAAAAAAAAAAAA800000D1
:1047C0000000000002AAAAAAAAAAAAAAAAAAAAAA99
:1047D000AAAAAAAAAAAAAAAAAAAAAAA000000000EB
:1047E000000000AAAAAAAAAAAAAAAAAAAAAAAAAA27
:1047F000AAAAAAAAAAAAAAAA000000000000000A5F
:10480000AAAAAAAAAAAAAAAAAAAAAAA800000000B2
:104810000000002AAAAAAAAAAAAAAA800000000048
:10482000000002AAAAAAAAAAAAAAAAAAAAAAAAAAE4
:10483000AAAAAAAAAAAAAAAAAA000000000000007E
:104840000AAAAAAAAAAAAAAAAAAAAAAAAAAAAAAA68
:10485000AAAAAAAAAAAAAA8000000000000002AA86
:10486000AAAAAAAAAAAAA800000000000000000A9A
:10487000AAAAAAAAAAAAAAAAAA000000000000003E
:104880000AAAAAAAAAAAAAAAAAAAAAAAAAAAAAAA28
:10489000AAAAAAAAAAAAAAAAAAAAAAAAAAAAAAAA78
:1048A000AAAAAAAAAAAAAAAAAAA00000000000006E
:1048B000002AAAAAAAAAAAAAAAAAAAAAAAAAAAAA82
:1048C000AAAAAAAAAAAAAAAAAAAAAAAAAAAAAAAA48
:1048D000AAA800000000000000AAAAA00000000092
:1048E000000002AAAAAAAAAAAAAAAAAAAAAAAAAA24
:1048F000A000000000000000AAAAAAAAAAAAAAAAC8
:10490000AAAA0000000000000002AAAAAAAAAAAA55
:10491000AA8000000000000002AAAAAAAAAAAAAAC5
:10492000AAAAAAAAAAAAAAAAAAAAAAAAAAAAAAA0F1
:1049300000000000000000AAAAAAAAAAAAAAAAAA7D
:10494000AAAAAAAAAAAAAAAAAAAAAAAA000000006F
:104950000000000AAAAAAAAAAAAAAAAAAAAAAAA857
:10496000000000000000002AAAAAAAAAAAAAAA80F7
:1049700000000000000002AAAAAAAAAAAAAAAAAA3B
:10498000AAAAAAAAAAAAAAAAAAAAAAAAAA00000085
:10499000000000002AAAAAAAAAAAAAAAAAAAAAAA9F
:1049A000AAAAAAAAAAAAAAAAAAAAAA800000000039
:1049B000000002AAAAAAAAAAAAAA0000000000004F
:1049C0000000002AAAAAAAAAAAAAAAAAAA000000C3
:1049D000000000000AAAAAAAAAAAAAAAAAAAAAAA7F
:1049E000AAAAAAAAAAAAAAAAAAAAAAAAAAAAAAAA27
:1049F000AAAAAAAAAAAAAAAAAAAAAAAAAAA0000075
:104A000000000000002AAAAAAAAAAAAAAAAAAAAAD8
:104A1000AAAAAAAAAAAAAAAAAAAAAAAAAAAAAAAAF6
:104A2000AAAAAAAAAAA800000000000000AAAAA098
:104A300000000000000002AAAAAAAAAAAAAAAAAA7A
:104A4000AAAAAAAAA000000000000000AAAAAAAA76
:104A5000AAAAAAAAAAA80000000000000002AAAA06
:104A6000AAAAAAAAAA8000000000000002AAAAAA74
:104A7000AAAAAAAAAAAAAAAAAAAAAAAAAAAAAAAA96
:104A8000AAAAAAA000000000000000AAAAAAAAAA36
:104A9000AAAAAAAAAAAAAAAAAAAAAAAAAAAAAAAA76
:104AA000000000000000000AAAAAAAAAAAAAAAAAAC
:104AB000AAAAAAA8000000000000002AAAAAAAAA7E
:104AC000AAAAAA8000000000000002AAAAAAAAAA14
:104AD000AAAAAAAAAAAAAAAAAAAAAAAAAAAAAAAA36
:104AE000AA000000000000002AAAAAAAAAAAAAAA4C
:104AF000AAAAAAAAAAAAAAAAAAAAAAAAAAAAAA8040
:104B000000000000000002AAAAAAAAAAA8000000A9
:104B1000000000000000002AAAAAAAAAAAAAAAAA1B
:104B2000AA000000000000000AAAAAAAAAAAAAAA2B
:104B3000AAAAAAAAAAAAAAAAAAAAAAAAAAAAAAAAD5
:104B4000AAAAAAAAAAAAAAAAAAAAAAAAAAAAAAAAC5
:104B5000AAA0000000000000002AAAAAAAAAAAAAE5
:104B6000AAAAAAAAAAAAAAAAAAAAAAAAAAAAAAAAA5
:104B7000AAAAAAAAAAAAAAAAAAA00000000000009B
:104B800000AAAAA000000000000000AAAAAAAAAADF
:104B9000AAAAAAAAAAAAAAAAA00000000000000025
:104BA000AAAAAAAAAAAAAAAAAAA800000000000063
:104BB0000002AAAAAAAAAAAAAA80000000000000CD
:104BC00002AAAAAAAAAAAAAAAAAAAAAAAAAAAAAAED
:104BD000AAAAAAAAAAAAAAA000000000000000AAE5
:104BE000AAAAAAAAAAAAAAAAAAAAAAAAAAAAAAAA25
:104BF000AAAAAAAA000000000000000AAAAAAAAA5B
:104C0000AAAAAAAAAAAAAAA8000000000000002A2C
:104C1000AAAAAAAAAAAAAA8000000000000002AAC2
:104C2000AAAAAAAAAAAAAAAAAAAAAAAAAAAAAAAAE4
:104C3000AAAAAAAAAA000000000000002AAAAAAAFA
:104C4000AAAAAAAAAAAAAAAAAAAAAAAAAAAAAAAAC4
:104C5000AAAAAA80000000000000000000000000D6
:104C60000000000000000000000000AAAAAAAAAAF2
:104C7000AAAAAAAAAA0000000000000000000000E2
:104C80000000000000000000000002AAAAAAAAAAD0
:104C9000AAAAAAAAAAAAAAAAAAAAAAAAAAAAAAAA74
:104CA000AAAAAAAAAA80000000000000002AAAAAB4
:104CB000AAAAAAAAAAAAAAAAAAAAAAAAAAAAAAAA54
:104CC000AAAAAAAAAAAAAAAAAAAAAAAAAAA00000A2
:104CD0000000000002AAAAA800000000000000AA2C
:104CE000AAAAAAAAAAAAAAAAAAAAAAAAA00000002C
:104CF00000000000AAAAAAAAAAAAAAAAAAA000001A
:104D0000000000000002AAAAAAAAAAAAAA8000007B
:104D10000000000000000000000000000000000093
:104D2000000000AAAAAAAAAAAAAAAAA00000000093
:104D3000000000AAAAAAAAAAAAAAAAAAAAAAAAAAD1
:104D4000AAAAAAAAAAAAAAAA000000000000000A09
:104D5000AAAAAAAAAAAAAAAAAAAAAAA8000000005D
:104D60000000002AAAAAAAAAAAAAAA8000000000F3
:104D7000000002AAAAAAAAAAAAAAAAAAAAAAAAAA8F
:104D8000AAAAAAAAAAAAAAAAAA0000000000000029
:104D90002AAAAAAAAAAAAAAAAAAAAAAAAAAAAAAAF3
:104DA000AAAAAAAAAAAAAA800000000000000000DD
:104DB000000000000000000000000000000002AA47
:104DC000AAAAAAAAAAAAAAAAAA00000000000000E9
:104DD000000000000000000000000000000002AA27
:104DE000AAAAAAAAAAAAAAAAAAAAAAAAAAAAAAAA23
:104DF000AAAAAAAAAAAAAAAAAA8000000000000039
:104E000000AAAAAAAAAAAAAAAAAAAAAAAAAAAAAAAC
:104E1000AAAAAAAAAAAAAAAAAAAAAAAAAAAAAAAAF2
:104E2000AA8000000000000002AAAAA8000000005A
:104E3000000000AAAAAAAAAAAAAAAAAAAAAAAAAAD0
:104E4000A000000000000000AAAAAAAAAAAAAAAA72
:104E5000AA800000000000000002AAAAAAAAAAAA2A
:104E6000AA80000000000000000000000000000018
:104E700000000000000000AAAAAAAAAAAAAAAAA042
:104E800000000000000000AAAAAAAAAAAAAAAAAA28
:104E9000AAAAAAAAAAAAAAAAAAAAAAAA000000001A
:104EA0000000000AAAAAAAAAAAAAAAAAAAAAAAA802
:104EB000000000000000002AAAAAAAAAAAAAAA80A2
:104EC00000000000000002AAAAAAAAAAAAAAAAAAE6
:104ED000AAAAAAAAAAAAAAAAAAAAAAAAAA00000030
:104EE000000000002AAAAAAAAAAAAAAAAAAAAAAA4A
:104EF000AAAAAAAAAAAAAAAAAAAAAA8000000000E4
:104F000000000000000000000000000000000000A1
:104F100000000AAAAAAAAAAAAAAAAAAAAA000000E3
:104F20000000000000000000000000000000000081
:104F3000000002AAAAAAAAAAAAAAAAAAAAAAAAAACD
:104F4000AAAAAAAAAAAAAAAAAAAAAAAAAA8000003F
:104F50000000000000AAAAAAAAAAAAAAAAAAAAAA03
:104F6000AAAAAAAAAAAAAAAAAAAAAAAAAAAAAAAAA1
:104F7000AAAAAAAAAA8000000000000002AAAAA861
:104F8000000000000000002AAAAAAAAAAAAAAAAAA7
:104F9000AAAAAAAAA000000000000000AAAAAAAA21
:104FA000AAAAAAAAAA00000000000000000AAAAA51
:104FB000AAAAAAAAAA80000000000000000000001F
:104FC0000000000000000000000000AAAAAAAAAA8F
:104FD000AAAAAAA000000000000000AAAAAAAAAAE1
:104FE000AAAAAAAAAAAAAAAAAAAAAAAAAAAAAAAA21
:104FF000000000000000000AAAAAAAAAAAAAAAAA57
:10500000AAAAAAA8000000000000002AAAAAAAAA28
:10501000AAAAAA8000000000000002AAAAAAAAAABE
:10502000AAAAAAAAAAAAAAAAAAAAAAAAAAAAAAAAE0
:10503000AA000000000000002AAAAAAAAAAAAAAAF6
:10504000AAAAAAAAAAAAAAAAAAAAAAAAAAAAAA80EA
:105050000000000000000000000000000000000050
:105060000000000000002AAAAAAAAAAAAAAAAAAA1C
:10507000AA00000000000000000000000000000086
:1050800000000000000002AAAAAAAAAAAAAAAAAA24
:10509000AAAAAAAAAAAAAAAAAAAAAAAAAAAAAAAA70
:1050A000AA8000000000000000AAAAAAAAAAAAAA30
:1050B000AAAAAAAAAAAAAAAAAAAAAAAAAAAAAAAA50
:1050C000AAAAAAAAAAAAAAAAAA8000000000000066
:1050D0000AAAAAAA000000000000002AAAAAAAAAF6
:1050E000AAAAAAAAAAAAAAAAA000000000000000D0
:1050F000AAAAAAAAAAAAAAAAA000000000000000C0
:10510000000AAAAAAAAAAAAAAA800000000000006F
:10511000000000000000000000000000000000AAE5
:10512000AAAAAAAAAAAAAAA000000000000000AA8F
:10513000AAAAAAAAAAAAAAAAAAAAAAAAAAAAAAAACF
:10514000AAAAAAAA000000000000000AAAAAAAAA05
:10515000AAAAAAAAAAAAAAA8000000000000002AD7
:10516000AAAAAAAAAAAAAA8000000000000002AA6D
:10517000AAAAAAAAAAAAAAAAAAAAAAAAAAAAAAAA8F
:10518000AAAAAAAAAA000000000000002AAAAAAAA5
:10519000AAAAAAAAAAAAAAAAAAAAAAAAAAAAAAAA6F
:1051A000AAAAAA8000000000000000000000000081
:1051B00000000000000000000000AAAAAAAAAAAAF3
:1051C000AAAAAAAAAA00000000000000000000008D
:1051D0000000000000000000000002AAAAAAAAAA7B
:1051E000AAAAAAAAAAAAAAAAAAAAAAAAAAAAAAAA1F
:1051F000AAAAAAAAAA8000000000000000AAAAAADF
:10520000AAAAAAAAAAAAAAAAAAAAAAAAAAAAAAAAFE
:10521000AAAAAAAAAAAAAAAAAAAAAAAAAA000000EC
:10522000000000000AAAAAAA000000000000000A6C
:10523000AAAAAAAAAAAAAAAAAAAAAAAAA0000000D6
:1052400000000000AAAAAAAAAAAAAAAA800000008E
:1052500000000000000AAAAAAAAAAAAAAA8000001E
:10526000000000000000000000000000000000003E
:10527000000000AAAAAAAAAAAAAAAAA0000000003E
:10528000000000000000000000000000000000001E
:1052900002AAAAAAAAAAAAAA000000000000000A5C
:1052A000AAAAAAAAAAAAAAAAAAAAAAA80000000008
:1052B0000000002AAAAAAAAAAAAAAA80000000009E
:1052C000000002AAAAAAAAAAAAAAAAAAAAAAAAAA3A
:1052D000AAAAAAAAAAAAAAAAAA00000000000000D4
:1052E0002AAAAAAAAAAAAAAAAAAAAAAAAAAAAAAA9E
:1052F000AAAAAAAAAAAAAA80000000000000000088
:105300000000000000000000000000000002AAAA47
:10531000AAAAAAAAAAAAAAAAAA0000000000000093
:10532000000000000000000000000000000002AAD1
:10533000AAAAAAAAAAAAAAAAAAAAAAAAAAAAAAAACD
:10534000AAAAAAAAAAAAAAAAAA80000000000000E3
:1053500000AAAAAAAAAAAAAAAAAAAAAAAAAAAAAA57
:10536000AAAAAAAAAAAAAAAAAAAAAAAAAAAAAAAA9D
:10537000AA000000000000000AAAAAAA000000007B
:105380000000000AAAAAAAAAAAAAAAAAAAAAAAAA1B
:10539000A000000000000000AAAAAAAAAAAAAAA81F
:1053A0000000000000000000002AAAAAAAAAAAAAD7
:1053B000AA800000000000000000000000000000C3
:1053C00000000000000000AAAAAAAAAAAAAAAAA0ED
:1053D00000000000000000000000000000000000CD
:1053E0000000000002AAAAAAAAAAAAAA0000000015
:1053F0000000000AAAAAAAAAAAAAAAAAAAAAAAA8AD
:10540000000000000000002AAAAAAAAAAAAAAA804C
:1054100000000000000002AAAAAAAAAAAAAAAAAA90
:10542000AAAAAAAAAAAAAAAAAAAAAAAAAA000000DA
:10543000000000002AAAAAAAAAAAAAAAAAAAAAAAF4
:10544000AAAAAAAAAAAAAAAAAAAAAA80000000008E
:10545000000000000000000000000000000000004C
:10546000000AAAAAAAAAAAAAAAAAAAAAAA000000E4
:10547000000000000000000000000000000000002C
:10548000000002AAAAAAAAAAAAAAAAAAAAAAAAAA78
:10549000AAAAAAAAAAAAAAAAAAAAAAAAAA800000EA
:1054A0000000000002AAAAAAAAAAAAAAAAAAAAAAAC
:1054B000AAAAAAAAAAAAAAAAAAAAAAAAAAAAAAAA4C
:1054C000AAAAAAAAAA000000000000002AAAAAAA62
:1054D000800000000000000AAAAAAAAAAAAAAAAAF2
:1054E000AAAAAAAAA000000000000000AAAAAAAACC
:1054F000AAAAAA000000000000000000002AAAAA30
:10550000AAAAAAAAAA8000000000000000000000C9
:105510000000000000000000000000AAAAAAAAAA39
:10552000AAAAAAA0000000000000000000000000DD
:10553000000000000000000002AAAAAAAAAAAAAAC3
:10554000000000000000000AAAAAAAAAAAAAAAAA01
:10555000AAAAAAA8000000000000002AAAAAAAAAD3
:10556000AAAAAA8000000000000002AAAAAAAAAA69
:10557000AAAAAAAAAAAAAAAAAAAAAAAAAAAAAAAA8B
:10558000AA000000000000002AAAAAAAAAAAAAAAA1
:10559000AAAAAAAAAAAAAAAAAAAAAAAAAAAAAA8095
:1055A00000000000000000000000000000000000FB
:1055B0000000000000AAAAAAAAAAAAAAAAAAAAAA9D
:1055C000AA00000000000000000000000000000031
:1055D00000000000000002AAAAAAAAAAAAAAAAAACF
:1055E000AAAAAAAAAAAAAAAAAAAAAAAAAAAAAAAA1B
:1055F000AA8000000000000002AAAAAAAAAAAAAAD9
:10560000AAAAAAAAAAAAAAAAAAAAAAAAAAAAAAAAFA
:10561000AAAAAAAAAAAAAAAAA80000000000000092
:105620002AAAAAAA8000000000000002AAAAAAAA28
:10563000AAAAAAAAAAAAAAAAA0000000000000007A
:10564000AAAAAAAAAAAA000000000000000000005E
:10565000002AAAAAAAAAAAAAAA80000000000000FA
:10566000000000000000000000000000000000AA90
:10567000AAAAAAAAAAAAAAA00000000000000000E4
:1056800000000000000000000000000002AAAAAA1A
:10569000AAAAAAAA000000000000000AAAAAAAAAB0
:1056A000AAAAAAAAAAAAAAA8000000000000002A82
:1056B000AAAAAAAAAAAAAA8000000000000002AA18
:1056C000AAAAAAAAAAAAAAAAAAAAAAAAAAAAAAAA3A
:1056D000AAAAAAAAAA000000000000002AAAAAAA50
:1056E000AAAAAAAAAAAAAAAAAAAAAAAAAAAAAAAA1A
:1056F000AAAAAA800000000000000000000000002C
:10570000000000000000000002AAAAAAAAAAAAAAF1
:10571000AAAAAAAAAA000000000000000000000037
:105720000000000000000000000002AAAAAAAAAA25
:10573000AAAAAAAAAAAAAAAAAAAAAAAAAAAAAAAAC9
:10574000AAAAAAAAAA8000000000000002AAAAAA87
:10575000AAAAAAAAAAAAAAAAAAAAAAAAAAAAAAAAA9
:10576000AAAAAAAAAAAAAAAAAAAAAAAAA800000099
:1057700000000000AAAAAAAA8000000000000002FF
:10578000AAAAAAAAAAAAAAAAAAAAAAAAA000000081
:105790000000000000000000000000000000000009
:1057A0000000000000AAAAAAAAAAAAAAAA80000029
:1057B00000000000000000000000000000000000E9
:1057C000000000AAAAAAAAAAAAAAAAA000000000E9
:1057D00000000000000000000000000000000000C9
:1057E00002AAAAAAAAAAAAAA000000000000000A07
:1057F000AAAAAAAAAAAAAAAAAAAAAAA800000000B3
:105800000000002AAAAAAAAAAAAAAA800000000048
:10581000000002AAAAAAAAAAAAAAAAAAAAAAAAAAE4
:10582000AAAAAAAAAAAAAAAAAA80000000000000FE
:105830002AAAAAAAAAAAAAAAAAAAAAAAAAAAAAAA48
:10584000AAAAAAAAAAAAAA80000000000000000032
:105850000000000000000000000000002AAAAAAA20
:10586000AAAAAAAAAAAAAAAAAA000000000000003E
:10587000000000000000000000000000000002AA7C
:10588000AAAAAAAAAAAAAAAAAAAAAAAAAAAAAAAA78
:10589000AAAAAAAAAAAAAAAAAA800000000000008E
:1058A00002AAAAAAAAAAAAAAAAAAAAAAAAAAAAAA00
:1058B000AAAAAAAAAAAAAAAAAAAAAAAAAAAAAAAA48
:1058C000A000000000000000AAAAAAAAA0000000F0
:1058D00000000002AAAAAAAAAAAAAAAAAAAAAAAACE
:1058E000A000000000000000000000000000000018
:1058F000000000000000000000AAAAAAAAAAAAAA02
:10590000AA8000000000000000000000000000006D
:1059100000000000000000AAAAAAAAAAAAAAAAA097
:105920000000000000000000000000000000000077
:105930000000000002AAAAAAAAAAAAAA00000000BF
:105940000000000AAAAAAAAAAAAAAAAAAAAAAAA857
:10595000000000000000002AAAAAAAAAAAAAAA80F7
:1059600000000000000002AAAAAAAAAAAAAAAAAA3B
:10597000AAAAAAAAAAAAAAAAAAAAAAAAAA80000005
:10598000000000002AAAAAAAAAAAAAAAAAAAAAAA9F
:10599000AAAAAAAAAAAAAAAAAAAAAA800000000039
:1059A0000000000000000000000000000000000AED
:1059B000AAAAAAAAAAAAAAAAAAAAAAAAAA00000045
:1059C00000000000000000000000000000000000D7
:1059D000000002AAAAAAAAAAAAAAAAAAAAAAAAAA23
:1059E000AAAAAAAAAAAAAAAAAAAAAAAAAA80000095
:1059F0000000000002AAAAAAAAAAAAAAAAAAAAAA57
:105A0000AAAAAAAAAAAAAAAAAAAAAAAAAAAAAAAAF6
:105A1000AAAAAAAAA000000000000000AAAAAAAA96
:105A2000A000000000000000AAAAAAAAAAAAAAAA86
:105A3000AAAAAAAAA000000000000000000000001E
:105A400000000000000000000000000000AAAAAA58
:105A5000AAAAAAAAAA800000000000000000000074
:105A60000000000000000000000000AAAAAAAAAAE4
:105A7000AAAAAAA000000000000000000000000088
:105A8000000000000000000002AAAAAAAAAAAAAA6E
:105A9000000000000000000AAAAAAAAAAAAAAAAAAC
:105AA000AAAAAAA8000000000000002AAAAAAAAA7E
:105AB000AAAAAA8000000000000002AAAAAAAAAA14
:105AC000AAAAAAAAAAAAAAAAAAAAAAAAAAAAAAAA36
:105AD000AA800000000000002AAAAAAAAAAAAAAACC
:105AE000AAAAAAAAAAAAAAAAAAAAAAAAAAAAAA8040
:105AF00000000000000000000000000000000000A6
:105B0000000000AAAAAAAAAAAAAAAAAAAAAAAAAAF3
:105B1000AA000000000000000000000000000000DB
:105B200000000000000002AAAAAAAAAAAAAAAAAA79
:105B3000AAAAAAAAAAAAAAAAAAAAAAAAAAAAAAAAC5
:105B4000AA8000000000000002AAAAAAAAAAAAAA83
:105B5000AAAAAAAAAAAAAAAAAAAAAAAAAAAAAAAAA5
:105B6000AAAAAAAAAAAAAAAAA00000000000000243
:105B7000AAAAAAAAA000000000000000AAAAAAAA35
:105B8000AAAAAAAAAAAAAAAAA00000000000000025
:105B90000000000000000000000000000000000005
:105BA00002AAAAAAAAAAAAAAAA8000000000000023
:105BB000000000000000000000000000000000AA3B
:105BC000AAAAAAAAAAAAAAA000000000000000008F
:105BD00000000000000000000000000002AAAAAAC5
:105BE000AAAAAAAA000000000000000AAAAAAAAA5B
:105BF000AAAAAAAAAAAAAAA8000000000000002A2D
:105C0000AAAAAAAAAAAAAA8000000000000002AAC2
:105C1000AAAAAAAAAAAAAAAAAAAAAAAAAAAAAAAAE4
:105C2000AAAAAAAAAA800000000000002AAAAAAA7A
:105C3000AAAAAAAAAAAAAAAAAAAAAAAAAAAAAAAAC4
:105C4000AAAAAA80000000000000000000000000D6
:105C50000000000000002AAAAAAAAAAAAAAAAAAA20
:105C6000AAAAAAAAAA0000000000000000000000E2
:105C70000000000000000000000002AAAAAAAAAAD0
:105C8000AAAAAAAAAAAAAAAAAAAAAAAAAAAAAAAA74
:105C9000AAAAAAAAAA8000000000000002AAAAAA32
:105CA000AAAAAAAAAAAAAAAAAAAAAAAAAAAAAAAA54
:105CB000AAAAAAAAAAAAAAAAAAAAAAAA800000006C
:105CC00000000002AAAAAAAAA80000000000000082
:105CD000AAAAAAAAAAAAAAAAAAAAAAAAA00000002C
:105CE00000000000000000000000000000000000B4
:105CF0000000000002AAAAAAAAAAAAAAAA800000D2
:105D00000000000000000000000000000000000093
:105D1000000000AAAAAAAAAAAAAAAAA00000000093
:105D20000000000000000000000000000000000073
:105D300002AAAAAAAAAAAAAA000000000000000AB1
:105D4000AAAAAAAAAAAAAAAAAAAAAAA8000000005D
:105D50000000002AAAAAAAAAAAAAAA8000000000F3
:105D6000000002AAAAAAAAAAAAAAAAAAAAAAAAAA8F
:105D7000AAAAAAAAAAAAAAAAAA80000000000000A9
:105D80002AAAAAAAAAAAAAAAAAAAAAAAAAAAAAAAF3
:105D9000AAAAAAAAAAAAAA800000000000000000DD
:105DA000000000000000000000000AAAAAAAAAAA97
:105DB000AAAAAAAAAAAAAAAAAA00000000000000E9
:105DC000000000000000000000000000000002AA27
:105DD000AAAAAAAAAAAAAAAAAAAAAAAAAAAAAAAA23
:105DE000AAAAAAAAAAAAAAAAAA8000000000000039
:105DF00002AAAAAAAAAAAAAAAAAAAAAAAAAAAAAAAB
:105E0000AAAAAAAAAAAAAAAAAAAAAAAAAAAAAAAAF2
:105E10008000000000000002AAAAAAAAA8000000B0
:105E2000000000002AAAAAAAAAAAAAAAAAAAAAAAFA
:105E3000A0000000000000000000000000000000C2
:105E400000000000000000000AAAAAAAAAAAAAAAA2
:105E5000AA80000000000000000000000000000018
:105E600000000000000000AAAAAAAAAAAAAAAAA042
:105E70000000000000000000000000000000000022
:105E80000000000002AAAAAAAAAAAAAA000000006A
:105E90000000000AAAAAAAAAAAAAAAAAAAAAAAA802
:105EA000000000000000002AAAAAAAAAAAAAAA80A2
:105EB00000000000000002AAAAAAAAAAAAAAAAAAE6
:105EC000AAAAAAAAAAAAAAAAAAAAAAAAAA800000B0
:105ED000000000002AAAAAAAAAAAAAAAAAAAAAAA4A
:105EE000AAAAAAAAAAAAAAAAAAAAAA8000000000E4
:105EF00000000000000000000000000000000002A0
:105F0000AAAAAAAAAAAAAAAAAAAAAAAAAA000000EF
:105F10000000000000000000000000000000000081
:105F2000000002AAAAAAAAAAAAAAAAAAAAAAAAAACD
:105F3000AAAAAAAAAAAAAAAAAAAAAAAAAA000000BF
:105F40000000000002AAAAAAAAAAAAAAAAAAAAAA01
:105F5000AAAAAAAAAAAAAAAAAAAAAAAAAAAAAAAAA1
:105F6000AAAAAAAA800000000000000AAAAAAAAA57
:105F7000A8000000000000002AAAAAAAAAAAAAAAA9
:105F8000AAAAAAAAA00000000000000000000000C9
:105F90000000000000000000000000002AAAAAAAD9
:105FA000AAAAAAAAAA80000000000000000000001F
:105FB0000000000000000000000000AAAAAAAAAA8F
:105FC000AAAAAAA000000000000000000000000033
:105FD000000000000000000002AAAAAAAAAAAAAA19
:105FE000000000000000000AAAAAAAAAAAAAAAAA57
:105FF000AAAAAAA8000000000000002AAAAAAAAA29
:10600000AAAAAA8000000000000002AAAAAAAAAABE
:10601000AAAAAAAAAAAAAAAAAAAAAAAAAAAAAAAAE0
:10602000AA800000000000002AAAAAAAAAAAAAAA76
:10603000AAAAAAAAAAAAAAAAAAAAAAAAAAAAAA80EA
:106040000000000000000000000000000000000050
:106050000000000002AAAAAAAAAAAAAAAAAAAAAAF0
:10606000AA00000000000000000000000000000086
:1060700000000000000002AAAAAAAAAAAAAAAAAA24
:10608000AAAAAAAAAAAAAAAAAAAAAAAAAAAAAAAA70
:10609000AA8000000000000002AAAAAAAAAAAAAA2E
:1060A000AAAAAAAAAAAAAAAAAAAAAAAAAAAAAAAA50
:1060B000AAAAAAAAAAAAAAAA000000000000000A86
:1060C000AAAAAAAAAA000000000000000AAAAAAA76
:1060D000AAAAAAAAAAAAAAAAA000000000000000D0
:1060E00000000000000000000000000000000000B0
:1060F0002AAAAAAAAAAAAAAAAA80000000000000A6
:10610000000000000000000000000000000000AAE5
:10611000AAAAAAAAAAAAAAA0000000000000000039
:1061200000000000000000000000000002AAAAAA6F
:10613000AAAAAAAA000000000000000AAAAAAAAA05
:10614000AAAAAAAAAAAAAAA8000000000000002AD7
:10615000AAAAAAAAAAAAAA8000000000000002AA6D
:10616000AAAAAAAAAAAAAAAAAAAAAAAAAAAAAAAA8F
:10617000AAAAAAAAAA800000000000002AAAAAAA25
:10618000AAAAAAAAAAAAAAAAAAAAAAAAAAAAAAAA6F
:10619000AAAAAA8000000000000000000000000081
:1061A0000000000000000000002AAAAAAAAAAAAAC9
:1061B000AAAAAAAAAA00000000000000000000008D
:1061C0000000000000000000000002AAAAAAAAAA7B
:1061D000AAAAAAAAAAAAAAAAAAAAAAAAAAAAAAAA1F
:1061E000AAAAAAAAAA8000000000000002AAAAAADD
:1061F000AAAAAAAAAAAAAAAAAAAAAAAAAAAAAAAAFF
:10620000AAAAAAAAAAAAAAAAAAAAAAAA0000000096
:106210000000000AAAAAAAAAAA0000000000000022
:106220000AAAAAAAAAAAAAAAAAAAAAAAA000000076
:10623000000000000000000000000000000000005E
:1062400000000000AAAAAAAAAAAAAAAAAA800000D4
:10625000000000000000000000000000000000003E
:10626000000000AAAAAAAAAAAAAAAAA0000000003E
:10627000000000000000000000000000000000001E
:1062800002AAAAAAAAAAAAAA000000000000000A5C
:10629000AAAAAAAAAAAAAAAAAAAAAAA80000000008
:1062A0000000002AAAAAAAAAAAAAAA80000000009E
:1062B000000002AAAAAAAAAAAAAAAAAAAAAAAAAA3A
:1062C000AAAAAAAAAAAAAAAAAA8000000000000054
:1062D0002AAAAAAAAAAAAAAAAAAAAAAAAAAAAAAA9E
:1062E000AAAAAAAAAAAAAA80000000000000000088
:1062F0000000000000000000000000000000AAAA4A
:10630000AAAAAAAAAAAAAAAAAA0000000000000093
:10631000000000000000000000000000000002AAD1
:10632000AAAAAAAAAAAAAAAAAAAAAAAAAAAAAAAACD
:10633000AAAAAAAAAAAAAAAAAA80000000000000E3
:1063400002AAAAAAAAAAAAAAAAAAAAAAAAAAAAAA55
:10635000AAAAAAAAAAAAAAAAAAAAAAAAAAAAAAAA9D
:10636000000000000000002AAAAAAAAAAA000000B1
:10637000000000000AAAAAAAAAAAAAAAAAAAAAAAC5
:10638000A00000000000000000000000000000006D
:106390000000000000000002AAAAAAAAAAAAAAAAAB
:1063A000AA800000000000000000000000000000C3
:1063B00000000000000000AAAAAAAAAAAAAAAAA0ED
:1063C00000000000000000000000000000000000CD
:1063D0000000000002AAAAAAAAAAAAAA0000000015
:1063E0000000000AAAAAAAAAAAAAAAAAAAAAAAA8AD
:1063F000000000000000002AAAAAAAAAAAAAAA804D
:1064000000000000000002AAAAAAAAAAAAAAAAAA90
:10641000AAAAAAAAAAAAAAAAAAAAAAAAAA8000005A
:10642000000000002AAAAAAAAAAAAAAAAAAAAAAAF4
:10643000AAAAAAAAAAAAAAAAAAAAAA80000000008E
:10644000000000000000000000000000000000004C
:1064500000000AAAAAAAAAAAAAAAAAAAAA0000008E
:10646000000000000000000000000000000000002C
:10647000000002AAAAAAAAAAAAAAAAAAAAAAAAAA78
:10648000AAAAAAAAAAAAAAAAAAAAAAAAAA800000EA
:106490000000000002AAAAAAAAAAAAAAAAAAAAAAAC
:1064A000AAAAAAAAAAAAAAAAAAAAAAAAAAAAAAAA4C
:1064B000AAAAAAA8000000000000002AAAAAAAAA64
:1064C000AA8000000000000002AAAAAAAAAAAAAAFA
:1064D000AAAAAAAAA0000000000000000000000074
:1064E000000000000000000000000002AAAAAAAA02
:1064F000AAAAAAAAAA8000000000000000000000CA
:106500000000000000000000000000AAAAAAAAAA39
:10651000AAAAAAA0000000000000000000000000DD
:10652000000000000000000002AAAAAAAAAAAAAAC3
:10653000000000000000000AAAAAAAAAAAAAAAAA01
:10654000AAAAAAA8000000000000002AAAAAAAAAD3
:10655000AAAAAA8000000000000002AAAAAAAAAA69
:10656000AAAAAAAAAAAAAAAAAAAAAAAAAAAAAAAA8B
:10657000AA80000000000000AAAAAAAAAAAAAAAAA1
:10658000AAAAAAAAAAAAAAAAAAAAAAAAAAAAAA8095
:1065900000000000000000000000000000000000FB
:1065A00000000000000002AAAAAAAAAAAAAAAAAAEF
:1065B000AA00000000000000000000000000000031
:1065C00000000000000002AAAAAAAAAAAAAAAAAACF
:1065D000AAAAAAAAAAAAAAAAAAAAAAAAAAAAAAAA1B
:1065E000AA8000000000000002AAAAAAAAAAAAAAD9
:1065F000AAAAAAAAAAAAAAAAAAAAAAAAAAAAAAAAFB
:10660000AAAAAAAAAAAAAAA8000000000000002A12
:10661000AAAAAAAAAA8000000000000002AAAAAAA8
:10662000AAAAAAAAAAAAAAAAA0000000000000007A
:106630000000000000000000000000000000000A50
:10664000AAAAAAAAAAAAAAAAAA80000000000000D0
:10665000000000000000000000000000000000AA90
:10666000AAAAAAAAAAAAAAA00000000000000000E4
:1066700000000000000000000000000002AAAAAA1A
:10668000AAAAAAAA000000000000000AAAAAAAAAB0
:10669000AAAAAAAAAAAAAAA8000000000000002A82
:1066A000AAAAAAAAAAAAAA8000000000000002AA18
:1066B000AAAAAAAAAAAAAAAAAAAAAAAAAAAAAAAA3A
:1066C000AAAAAAAAAA80000000000000AAAAAAAA50
:1066D000AAAAAAAAAAAAAAAAAAAAAAAAAAAAAAAA1A
:1066E000AAAAAA800000000000000000000000002C
:1066F00000000000000000000000002AAAAAAAAAC8
:10670000AAAAAAAAAA000000000000000000000037
:106710000000000000000000000002AAAAAAAAAA25
:10672000AAAAAAAAAAAAAAAAAAAAAAAAAAAAAAAAC9
:10673000AAAAAAAAAA8000000000000002AAAAAA87
:10674000AAAAAAAAAAAAAAAAAAAAAAAAAAAAAAAAA9
:10675000AAAAAAAAAAAAAAAAAAAAAAA0000000004B
:10676000000000AAAAAAAAAAAA80000000000000AD
:1067700002AAAAAAAAAAAAAAAAAAAAAAA000000029
:106780000000000000000000000000000000000009
:106790000000002AAAAAAAAAAAAAAAAAAA80000055
:1067A00000000000000000000000000000000000E9
:1067B000000000AAAAAAAAAAAAAAAAA000000000E9
:1067C00000000000000000000000000000000000C9
:1067D00002AAAAAAAAAAAAAA000000000000000A07
:1067E000AAAAAAAAAAAAAAAAAAAAAAA800000000B3
:1067F0000000002AAAAAAAAAAAAAAA800000000049
:10680000000002AAAAAAAAAAAAAAAAAAAAAAAAAAE4
:10681000AAAAAAAAAAAAAAAAAA80000000000000FE
:10682000AAAAAAAAAAAAAAAAAAAAAAAAAAAAAAAAC8
:10683000AAAAAAAAAAAAAA80000000000000000032
:106840000000000000000000000000000000000A3E
:10685000AAAAAAAAAAAAAAAAAA000000000000003E
:10686000000000000000000000000000000002AA7C
:10687000AAAAAAAAAAAAAAAAAAAAAAAAAAAAAAAA78
:10688000AAAAAAAAAAAAAAAAAA800000000000008E
:1068900002AAAAAAAAAAAAAAAAAAAAAAAAAAAAAA00
:1068A000AAAAAAAAAAAAAAAAAAAAAAAAAAAAAAA052
:1068B00000000000000000AAAAAAAAAAAAA000003C
:1068C0000000000000AAAAAAAAAAAAAAAAAAAAAA7A
:1068D000A000000000000000000000000000000018
:1068E00000000000000000AAAAAAAAAAAAAAAAAAAE
:1068F000AA8000000000000000000000000000006E
:1069000000000000000000AAAAAAAAAAAAAAAAA097
:106910000000000000000000000000000000000077
:106920000000000002AAAAAAAAAAAAAA00000000BF
:106930000000000AAAAAAAAAAAAAAAAAAAAAAAA857
:10694000000000000000002AAAAAAAAAAAAAAA80F7
:1069500000000000000002AAAAAAAAAAAAAAAAAA3B
:10696000AAAAAAAAAAAAAAAAAAAAAAAAAA80000005
:1069700000000000AAAAAAAAAAAAAAAAAAAAAAAA1F
:10698000AAAAAAAAAAAAAAAAAAAAAA800000000039
:1069900000000000000000000000000000000000F7
:1069A00000000002AAAAAAAAAAAAAAAAAA000000EB
:1069B00000000000000000000000000000000000D7
:1069C000000002AAAAAAAAAAAAAAAAAAAAAAAAAA23
:1069D000AAAAAAAAAAAAAAAAAAAAAAAAAA80000095
:1069E0000000000000AAAAAAAAAAAAAAAAAAAAAA59
:1069F000AAAAAAAAAAAAAAAAAAAAAAAAAAAAAAAAF7
:106A0000AAAAAAA000000000000000AAAAAAAAAA96
:106A1000AAA000000000000000AAAAAAAAAAAAAA86
:106A2000AAAAAAAAA000000000000000000000001E
:106A30000000000000000000000002AAAAAAAAAA02
:106A4000AAAAAAAAAA800000000000000000000074
:106A50000000000000000000000000AAAAAAAAAAE4
:106A6000AAAAAAA000000000000000000000000088
:106A7000000000000000000002AAAAAAAAAAAAAA6E
:106A8000000000000000000AAAAAAAAAAAAAAAAAAC
:106A9000AAAAAAA8000000000000002AAAAAAAAA7E
:106AA000AAAAAA8000000000000002AAAAAAAAAA14
:106AB000AAAAAAAAAAAAAAAAAAAAAAAAAAAAAAAA36
:106AC000AA80000000000000AAAAAAAAAAAAAAAA4C
:106AD000AAAAAAAAAAAAAAAAAAAAAAAAAAAAAA8040
:106AE00000000000000000000000000000000000A6
:106AF0000000000000000000AAAAAAAAAAAAAAAA46
:106B0000AA000000000000000000000000000000DB
:106B100000000000000002AAAAAAAAAAAAAAAAAA79
:106B2000AAAAAAAAAAAAAAAAAAAAAAAAAAAAAAAAC5
:106B3000AA8000000000000000AAAAAAAAAAAAAA85
:106B4000AAAAAAAAAAAAAAAAAAAAAAAAAAAAAAAAA5
:106B5000AAAAAAAAAAAAAA8000000000000002AA63
:106B6000AAAAAAAAAAA0000000000000002AAAAAB5
:106B7000AAAAAAAAAAAAAAAAA00000000000000025
:106B800000000000000000000000000000000AAA51
:106B9000AAAAAAAAAAAAAAAAAA800000000000007B
:106BA000000000000000000000000000000000AA3B
:106BB000AAAAAAAAAAAAAAA000000000000000008F
:106BC00000000000000000000000000002AAAAAAC5
:106BD000AAAAAAAA000000000000000AAAAAAAAA5B
:106BE000AAAAAAAAAAAAAAA8000000000000002A2D
:106BF000AAAAAAAAAAAAAA8000000000000002AAC3
:106C0000AAAAAAAAAAAAAAAAAAAAAAAAAAAAAAAAE4
:106C1000AAAAAAAAAA80000000000000AAAAAAAAFA
:106C2000AAAAAAAAAAAAAAAAAAAAAAAAAAAAAAAAC4
:106C3000AAAAAA80000000000000000000000000D6
:106C40000000000000000000000000002AAAAAAA1C
:106C5000AAAAAAAAAA0000000000000000000000E2
:106C60000000000000000000000002AAAAAAAAAAD0
:106C7000AAAAAAAAAAAAAAAAAAAAAAAAAAAAAAAA74
:106C8000AAAAAAAAAA8000000000000000AAAAAA34
:106C9000AAAAAAAAAAAAAAAAAAAAAAAAAAAAAAAA54
:106CA000AAAAAAAAAAAAAAAAAAAAAA800000000016
:106CB000000002AAAAAAAAAAAAA80000000000002E
:106CC000002AAAAAAAAAAAAAAAAAAAAAA000000056
:106CD00000000000000000000000000000000000B4
:106CE00000002AAAAAAAAAAAAAAAAAAAAA80000056
:106CF0000000000000000000000000000000000094
:106D0000000000AAAAAAAAAAAAAAAAA00000000093
:106D10000000000000000000000000000000000073
:106D200002AAAAAAAAAAAAAA000000000000000AB1
:106D3000AAAAAAAAAAAAAAAAAAAAAAA8000000005D
:106D40000000002AAAAAAAAAAAAAAA8000000000F3
:106D5000000002AAAAAAAAAAAAAAAAAAAAAAAAAA8F
:106D6000AAAAAAAAAAAAAAAAAA80000000000000A9
:106D7000AAAAAAAAAAAAAAAAAAAAAAAAAAAAAAAA73
:106D8000AAAAAAAAAAAAAA800000000000000000DD
:106D900000000000000000000000000000000000F3
:106DA0000AAAAAAAAAAAAAAAAA0000000000000089
:106DB000000000000000000000000000000002AA27
:106DC000AAAAAAAAAAAAAAAAAAAAAAAAAAAAAAAA23
:106DD000AAAAAAAAAAAAAAAAAA8000000000000039
:106DE00000AAAAAAAAAAAAAAAAAAAAAAAAAAAAAAAD
:106DF000AAAAAAAAAAAAAAAAAAAAAAAAAAAAAA801D
:106E000000000000000002AAAAAAAAAAAAA80000DC
:106E100000000000002AAAAAAAAAAAAAAAAAAAAAA4
:106E2000A0000000000000000000000000000000C2
:106E3000000000000002AAAAAAAAAAAAAAAAAAAAAC
:106E4000AA80000000000000000000000000000018
:106E500000000000000000AAAAAAAAAAAAAAAAA042
:106E60000000000000000000000000000000000022
:106E70000000000002AAAAAAAAAAAAAA000000006A
:106E80000000000AAAAAAAAAAAAAAAAAAAAAAAA802
:106E9000000000000000002AAAAAAAAAAAAAAA80A2
:106EA00000000000000002AAAAAAAAAAAAAAAAAAE6
:106EB000AAAAAAAAAAAAAAAAAAAAAAAAAA800000B0
:106EC00000000000AAAAAAAAAAAAAAAAAAAAAAAACA
:106ED000AAAAAAAAAAAAAAAAAAAAAA8000000000E4
:106EE00000000000000000000000000000000000A2
:106EF0000000000002AAAAAAAAAAAAAAAA00000040
:106F00000000000000000000000000000000000081
:106F1000000002AAAAAAAAAAAAAAAAAAAAAAAAAACD
:106F2000AAAAAAAAAAAAAAAAAAAAAAAAAA8000003F
:106F30000000000000AAAAAAAAAAAAAAAAAAAAAA03
:106F4000AAAAAAAAAAAAAAAAAAAAAAAAAAAAAAAAA1
:106F5000AAAAAA0000000000000000000000000033
:106F60000000000000000000000AAAAAAAAAAAAA1B
:106F7000AAAAAAAAA00000000000000000000000C9
:106F80000000000000000000000AAAAAAAAAAAAAFB
:106F9000AAAAAAAAAA80000000000000000000001F
:106FA0000000000000000000000000AAAAAAAAAA8F
:106FB000AAAAAAA000000000000000000000000033
:106FC000000000000000000002AAAAAAAAAAAAAA19
:106FD000000000000000000AAAAAAAAAAAAAAAAA57
:106FE000AAAAAAA8000000000000002AAAAAAAAA29
:106FF000AAAAAA8000000000000002AAAAAAAAAABF
:10700000AAAAAAAAAAAAAAAAAAAAAAAAAAAAAAAAE0
:10701000AA80000000000000AAAAAAAAAAAAAAAAF6
:10702000AAAAAAAAAAAAAAAAAAAAAAAAAAAAAA80EA
:1070300000000000000002AAAAAAAAAAAAA00000B2
:10704000000000000000000000AAAAAAAAAAAAAA9A
:10705000AA000000000000000AAAAAAAAAAAAAAAD6
:10706000AAAAAAAAAAAAAAAAAAAAAAAAAAAAAAAA80
:10707000AAAAAAAAAAAAAAAAAAAAAAAAAAAAAAAA70
:10708000AA8000000000000000AAAAAAAAAAAAAA30
:10709000AAAAAAAAAAAAAAAAAAAAAAAAAAAAAAAA50
:1070A000AAAAAAAAAAAAAA0000000000000000003A
:1070B000000000000000000000000000000AAAAA72
:1070C000AAAAAAAAAAAAAAAAA000000000000000D0
:1070D00000000000000000000000000000AAAAAAB2
:1070E000AAAAAAAAAAAAAAAAAA8000000000000026
:1070F00002AAAAAAAAAAAAAAAAAAAAAAAAAAAAAA98
:10710000AAAAAAAAAAAAAAA0000000000000000039
:1071100000000000000000000000000002AAAAAA6F
:10712000AAAAAAAA000000000000000AAAAAAAAA05
:10713000AAAAAAAAAAAAAAA8000000000000002AD7
:10714000AAAAAAAAAAAAAA8000000000000002AA6D
:10715000AAAAAAAAAAAAAAAAAAAAAAAAAAAAAAAA8F
:10716000AAAAAAAAAA80000000000000AAAAAAAAA5
:10717000AAAAAAAAAAAAAAAAAAAAAAAAAAAAAAAA6F
:10718000AAAAAA8000000000000002AAAAAAAAAA2D
:10719000AAAAAA00000000000000000000AAAAAAF3
:1071A000AAAAAAAAAA000000000000000AAAAAAA85
:1071B000AAAAAAAAAAAAAAAAAAAAAAAAAAAAAAAA2F
:1071C000AAAAAAAAAAAAAAAAAAAAAAAAAAAAAAAA1F
:1071D000AAAAAAAAAAA0000000000000002AAAAA3F
:1071E000AAAAAAAAAAAAAAAAAAAAAAAAAAAAAAAAFF
:1071F000AAAAAAAAAAAAAAAAAAAAAA000000000041
:10720000000000000000000000000000000000007E
:10721000000AAAAAAAAAAAAAAAAAAAAAA000000020
:10722000000000000000000000000000000000005E
:1072300002AAAAAAAAAAAAAAAAAAAAAAAA800000D4
:107240000000000002AAAAAAAAAAAAAAAAAAAAAAEE
:10725000AAAAAAAAAAAAAAAAAAAAAAA00000000040
:10726000000000000000000000000000000000001E
:1072700002AAAAAAAAAAAAAA000000000000000A5C
:10728000AAAAAAAAAAAAAAAAAAAAAAA80000000008
:107290000000002AAAAAAAAAAAAAAA80000000009E
:1072A000000002AAAAAAAAAAAAAAAAAAAAAAAAAA3A
:1072B000AAAAAAAAAAAAAAAAAA8000000000000054
:1072C000AAAAAAAAAAAAAAAAAAAAAAAAAAAAAAAA1E
:1072D000AAAAAAAAAAAAAA8000000000000002AADC
:1072E000AAAAAAAAAAAAAAA8000000000000000050
:1072F000002AAAAAAAAAAAAAAA00000000000000BE
:107300000AAAAAAAAAAAAAAAAAAAAAAAAAAAAAAA7D
:10731000AAAAAAAAAAAAAAAAAAAAAAAAAAAAAAAACD
:10732000AAAAAAAAAAAAAAAAAAA0000000000000C3
:10733000002AAAAAAAAAAAAAAAAAAAAAAAAAAAAAD7
:10734000AAAAAAAAAAAAAAAAAAAAAAAAAAAAA80049
:10735000000000000000000000000000000000002D
:10736000000000000002AAAAAAAAAAAAAAAAAAAA77
:10737000A00000000000000000000000000000006D
:10738000000000002AAAAAAAAAAAAAAAAAAAAAAA85
:10739000AA8000000000000002AAAAAAAAAAAAAA1B
:1073A000AAAAAAAAAAAAAAAAAAAAAAAAAAAAAAA047
:1073B00000000000000000000000000000000000CD
:1073C0000000000002AAAAAAAAAAAAAA0000000015
:1073D0000000000AAAAAAAAAAAAAAAAAAAAAAAA8AD
:1073E000000000000000002AAAAAAAAAAAAAAA804D
:1073F00000000000000002AAAAAAAAAAAAAAAAAA91
:10740000AAAAAAAAAAAAAAAAAAAAAAAAAAA000003A
:1074100000000000AAAAAAAAAAAAAAAAAAAAAAAA74
:10742000AAAAAAAAAAAAAAAAAAAAAA80000000008E
:10743000000002AAAAAAAAAAAAAAAAAAA0000000B0
:1074400000000000002AAAAAAAAAAAAAAA0000006C
:10745000000000000AAAAAAAAAAAAAAAAAAAAAAAD4
:10746000AAAAAAAAAAAAAAAAAAAAAAAAAAAAAAAA7C
:10747000AAAAAAAAAAAAAAAAAAAAAAAAAAA00000CA
:1074800000000000002AAAAAAAAAAAAAAAAAAAAA2E
:10749000AAAAAAAAAAAAAAAAAAAAAAAAAAAAAAAA4C
:1074A000AAAAA800000000000000000000000000E0
:1074B00000000000000000000002AAAAAAAAAAAACE
:1074C000AAAAAAAAA0000000000000000000000074
:1074D0000000000000000000AAAAAAAAAAAAAAAA5C
:1074E000AAAAAAAAAA8000000000000002AAAAAACA
:1074F000AAAAAAAAAAAAAAAAAAAAAAAAAAAAAAAAEC
:10750000AAAAAAA0000000000000000000000000DD
:10751000000000000000000002AAAAAAAAAAAAAAC3
:10752000000000000000000AAAAAAAAAAAAAAAAA01
:10753000AAAAAAA8000000000000002AAAAAAAAAD3
:10754000AAAAAA8000000000000002AAAAAAAAAA69
:10755000AAAAAAAAAAAAAAAAAAAAAAAAAAAAAAAA8B
:10756000AAA0000000000000AAAAAAAAAAAAAAAA81
:10757000AAAAAAAAAAAAAAAAAAAAAAAAAAAAAA8095
:1075800000000000000002AAAAAAAAAAAAAAAAAAFF
:10759000AA00000000000000000AAAAAAAAAAAAA3B
:1075A000AA000000000000000AAAAAAAAAAAAAAA81
:1075B000AAAAAAAAAAAAAAAAAAAAAAAAAAAAAAAA2B
:1075C000AAAAAAAAAAAAAAAAAAAAAAAAAAAAAAAA1B
:1075D000AAA0000000000000002AAAAAAAAAAAAA3B
:1075E000AAAAAAAAAAAAAAAAAAAAAAAAAAAAAAAAFB
:1075F000AAAAAAAAAAAAA0000000000000000000EF
:107600000000000000000000000000000002AAAA24
:10761000AAAAAAAAAAAAAAAAA0000000000000007A
:107620000000000000000000000000002AAAAAAA32
:10763000AAAAAAAAAAAAAAAAAA80000000000000D0
:1076400002AAAAAAAAAAAAAAAAAAAAAAAAAAAAAA42
:10765000AAAAAAAAAAAAAAA00000000000000000E4
:1076600000000000000000000000000002AAAAAA1A
:10767000AAAAAAAA000000000000000AAAAAAAAAB0
:10768000AAAAAAAAAAAAAAA8000000000000002A82
:10769000AAAAAAAAAAAAAA8000000000000002AA18
:1076A000AAAAAAAAAAAAAAAAAAAAAAAAAAAAAAAA3A
:1076B000AAAAAAAAAAA0000000000000AAAAAAAA30
:1076C000AAAAAAAAAAAAAAAAAAAAAAAAAAAAAAAA1A
:1076D000AAAAAA8000000000000002AAAAAAAAAAD8
:1076E000AAAAAAAAAA80000000000000000AAAAA6A
:1076F000AAAAAAAAAA000000000000000AAAAAAA30
:10770000AAAAAAAAAAAAAAAAAAAAAAAAAAAAAAAAD9
:10771000AAAAAAAAAAAAAAAAAAAAAAAAAAAAAAAAC9
:10772000AAAAAAAAAAA0000000000000000AAAAA09
:10773000AAAAAAAAAAAAAAAAAAAAAAAAAAAAAAAAA9
:10774000AAAAAAAAAAAAAAAAAAAAA00000000000F5
:107750000000000000000000000000000000000029
:107760000000AAAAAAAAAAAAAAAAAAAAA0000000D5
:107770000000000000000000000000000000000009
:107780000AAAAAAAAAAAAAAAAAAAAAAAAA80000077
:107790000000000002AAAAAAAAAAAAAAAAAAAAAA99
:1077A000AAAAAAAAAAAAAAAAAAAAAAA000000000EB
:1077B000000000AAAAAAAAAAAAAAAAAAAAAAAAAA27
:1077C000AAAAAAAAAAAAAAAA000000000000000A5F
:1077D000AAAAAAAAAAAAAAAAAAAAAAA800000000B3
:1077E0000000002AAAAAAAAAAAAAAA800000000049
:1077F000000002AAAAAAAAAAAAAAAAAAAAAAAAAAE5
:10780000AAAAAAAAAAAAAAAAAAA0000000000000DE
:10781000AAAAAAAAAAAAAAAAAAAAAAAAAAAAAAAAC8
:10782000AAAAAAAAAAAAAA8000000000000002AA86
:10783000AAAAAAAAAAAAAAAAAAA0000000000000AE
:10784000000AAAAAAAAAAAAAAA0000000000000088
:107850000AAAAAAAAAAAAAAAAAAAAAAAAAAAAAAA28
:10786000AAAAAAAAAAAAAAAAAAAAAAAAAAAAAAAA78
:10787000AAAAAAAAAAAAAAAAAAA00000000000006E
:10788000000AAAAAAAAAAAAAAAAAAAAAAAAAAAAAA2
:10789000AAAAAAAAAAAAAAAAAAAAAAAAAAAAA000FC
:1078A00000000000000000000000000000000000D8
:1078B000000000000000AAAAAAAAAAAAAAAAAAAA24
:1078C000A000000000000000000000000000000018
:1078D000000000000AAAAAAAAAAAAAAAAAAAAAAA50
:1078E000AA8000000000000002AAAAAAAAAAAAAAC6
:1078F000AAAAAAAAAAAAAAAAAAAAAAAAAAAAAAA0F2
:1079000000000000000000AAAAAAAAAAAAAAAAAA7D
:10791000AAAAAAAAAAAAAAAAAAAAAAAA000000006F
:107920000000000AAAAAAAAAAAAAAAAAAAAAAAA857
:10793000000000000000002AAAAAAAAAAAAAAA80F7
:1079400000000000000002AAAAAAAAAAAAAAAAAA3B
:10795000AAAAAAAAAAAAAAAAAAAAAAAAAAA00000E5
:1079600000000000AAAAAAAAAAAAAAAAAAAAAAAA1F
:10797000AAAAAAAAAAAAAAAAAAAAAA800000000039
:10798000000002AAAAAAAAAAAAAAAAAAAAA80000A9
:10799000000000000002AAAAAAAAAAAAAA0000003F
:1079A000000000000AAAAAAAAAAAAAAAAAAAAAAA7F
:1079B000AAAAAAAAAAAAAAAAAAAAAAAAAAAAAAAA27
:1079C000AAAAAAAAAAAAAAAAAAAAAAAAAAA800006D
:1079D00000000000000AAAAAAAAAAAAAAAAAAAAAF9
:1079E000AAAAAAAAAAAAAAAAAAAAAAAAAAAAAAAAF7
:1079F000AAAA8000000000000000000000000000B3
:107A0000000000000000000000002AAAAAAAAAAAFA
:107A1000AAAAAAAAA000000000000000000000001E
:107A2000000000000000000002AAAAAAAAAAAAAAAE
:107A3000AAAAAAAAAA8000000000000002AAAAAA74
:107A4000AAAAAAAAAAAAAAAAAAAAAAAAAAAAAAAA96
:107A5000AAAAAAA000000000000000AAAAAAAAAA36
:107A6000AAAAAAAAAAAAAAAAAAAAAAAAAAAAAAAA76
:107A7000000000000000000AAAAAAAAAAAAAAAAAAC
:107A8000AAAAAAA8000000000000002AAAAAAAAA7E
:107A9000AAAAAA8000000000000002AAAAAAAAAA14
:107AA000AAAAAAAAAAAAAAAAAAAAAAAAAAAAAAAA36
:107AB000AAA0000000000000AAAAAAAAAAAAAAAA2C
:107AC000AAAAAAAAAAAAAAAAAAAAAAAAAAAAAA8040
:107AD00000000000000002AAAAAAAAAAAAAAAAAAAA
:107AE000AAAA0000000000000002AAAAAAAAAAAA44
:107AF000AA000000000000000AAAAAAAAAAAAAAA2C
:107B0000AAAAAAAAAAAAAAAAAAAAAAAAAAAAAAAAD5
:107B1000AAAAAAAAAAAAAAAAAAAAAAAAAAAAAAAAC5
:107B2000AAA80000000000000002AAAAAAAAAAAA05
:107B3000AAAAAAAAAAAAAAAAAAAAAAAAAAAAAAAAA5
:107B4000AAAAAAAAAAAA80000000000000000000B9
:107B500000000000000000000000000000002AAA51
:107B6000AAAAAAAAAAAAAAAAA00000000000000025
:107B7000AAAAAAAAA80000000000000002AAAAAAB5
:107B8000AAAAAAAAAAAAAAAAAA800000000000007B
:107B900002AAAAAAAAAAAAAAAAAAAAAAAAAAAAAAED
:107BA000AAAAAAAAAAAAAAA000000000000000AAE5
:107BB000AAAAAAAAAAAAAAAAAAAAAAAAAAAAAAAA25
:107BC000AAAAAAAA0000000000000002AAAAAAAA63
:107BD000AAAAAAAAAAAAAAA8000000000000002A2D
:107BE000AAAAAAAAAAAAAA8000000000000002AAC3
:107BF000AAAAAAAAAAAAAAAAAAAAAAAAAAAAAAAAE5
:107C0000AAAAAAAAAAA0000000000000AAAAAAAADA
:107C1000AAAAAAAAAAAAAAAAAAAAAAAAAAAAAAAAC4
:107C2000AAAAAA8000000000000002AAAAAAAAAA82
:107C3000AAAAAAAAAAAA8000000000000002AAAA72
:107C4000AAAAAAAAAA000000000000000AAAAAAADA
:107C5000AAAAAAAAAAAAAAAAAAAAAAAAAAAAAAAA84
:107C6000AAAAAAAAAAAAAAAAAAAAAAAAAAAAAAAA74
:107C7000AAAAAAAAAAA80000000000000002AAAAB4
:107C8000AAAAAAAAAAAAAAAAAAAAAAAAAAAAAAAA54
:107C9000AAAAAAAAAAAAAAAAAAAA800000000000C0
:107CA00000000000000000000000000000000000D4
:107CB00000002AAAAAAAAAAAAAAAAAAAA000000000
:107CC00000000000AAAAAAAAA80000000000000064
:107CD00000AAAAAAAAAAAAAAAAAAAAAAAA8000002C
:107CE0000000000002AAAAAAAAAAAAAAAAAAAAAA44
:107CF000AAAAAAAAAAAAAAAAAAAAAAA00000000096
:107D0000000000AAAAAAAAAAAAAAAAAAAAAAAAAAD1
:107D1000AAAAAAAAAAAAAAAA000000000000000211
:107D2000AAAAAAAAAAAAAAAAAAAAAAA8000000005D
:107D30000000002AAAAAAAAAAAAAAA8000000000F3
:107D4000000002AAAAAAAAAAAAAAAAAAAAAAAAAA8F
:107D5000AAAAAAAAAAAAAAAAAAA000000000000089
:107D6000AAAAAAAAAAAAAAAAAAAAAAAAAAAAAAAA73
:107D7000AAAAAAAAAAAAAA8000000000000002AA31
:107D8000AAAAAAAAAAAAAAAAAAAA800000000000CF
:107D90000000AAAAAAAAAAAAAA000000000000003D
:107DA0000AAAAAAAAAAAAAAAAAAAAAAAAAAAAAAAD3
:107DB000AAAAAAAAAAAAAAAAAAAAAAAAAAAAAAAA23
:107DC000AAAAAAAAAAAAAAAAAAA800000000000011
:107DD0000000AAAAAAAAAAAAAAAAAAAAAAAAAAAA57
:107DE000AAAAAAAAAAAAAAAAAAAAAAAAAAAA000047
:107DF0000000000000000000000000000000000083
:107E00000000000000000AAAAAAAAAAAAAAAAAAA6E
:107E1000A000000000000000AAAAAAAAAA00000070
:107E20000000000000AAAAAAAAAAAAAAAAAAAAAA04
:107E3000AA8000000000000002AAAAAAAAAAAAAA70
:107E4000AAAAAAAAAAAAAAAAAAAAAAAAAAAAAAA09C
:107E500000000000000000AAAAAAAAAAAAAAAAAA28
:107E6000AAAAAAAAAAAAAAAAAAAAAAAA800000009A
:107E700000000002AAAAAAAAAAAAAAAAAAAAAAA012
:107E8000000000000000002AAAAAAAAAAAAAAA80A2
:107E900000000000000002AAAAAAAAAAAAAAAAAAE6
:107EA000AAAAAAAAAAAAAAAAAAAAAAAAAAA0000090
:107EB00000000000AAAAAAAAAAAAAAAAAAAAAAAACA
:107EC000AAAAAAAAAAAAAAAAAAAAAA8000000000E4
:107ED000000002AAAAAAAAAAAAAAAAAAAAAA8000D2
:107EE000000000000000AAAAAAAAAAAAAA000000EC
:107EF000000000000AAAAAAAAAAAAAAAAAAAAAAA2A
:107F0000AAAAAAAAAAAAAAAAAAAAAAAAAAAAAAAAD1
:107F1000AAAAAAAAAAAAAAAAAAAAAAAAAAAA000015
:107F2000000000000000AAAAAAAAAAAAAAAAAAAAAD
:107F3000AAAAAAAAAAAAAAAAAAAAAAAAAAAAAAAAA1
:107F4000AAAA0000000000000000000000000000DD
:107F5000000000000000000000000AAAAAAAAAAAC5
:107F6000AAAAAAAAA000000000000000AAAAAAAA21
:107F7000AA00000000000000002AAAAAAAAAAAAA31
:107F8000AAAAAAAAAA8000000000000002AAAAAA1F
:107F9000AAAAAAAAAAAAAAAAAAAAAAAAAAAAAAAA41
:107FA000AAAAAAA000000000000000AAAAAAAAAAE1
:107FB000AAAAAAAAAAAAAAAAAAAAAAAAAAAAAAAA21
:107FC0008000000000000002AAAAAAAAAAAAAAAADF
:107FD000AAAAAAA0000000000000002AAAAAAAAA31
:107FE000AAAAAA8000000000000002AAAAAAAAAABF
:107FF000AAAAAAAAAAAAAAAAAAAAAAAAAAAAAAAAE1
:10800000AAA0000000000000AAAAAAAAAAAAAAAAD6
:10801000AAAAAAAAAAAAAAAAAAAAAAAAAAAAAA80EA
:1080200000000000000002AAAAAAAAAAAAAAAAAA54
:10803000AAAAA000000000000000AAAAAAAAAAAA50
:10804000AA000000000000000AAAAAAAAAAAAAAAD6
:10805000AAAAAAAAAAAAAAAAAAAAAAAAAAAAAAAA80
:10806000AAAAAAAAAAAAAAAAAAAAAAAAAAAAAAAA70
:10807000AAAA00000000000000002AAAAAAAAAAA30
:10808000AAAAAAAAAAAAAAAAAAAAAAAAAAAAAAAA50
:10809000AAAAAAAAAAA800000000000000000000E6
:1080A00000000000000000000000000000000AAA1C
:1080B000AAAAAAAAAAAAAAAAA000000000000000D0
:1080C000AAAAAAAAAA80000000000000000AAAAA80
:1080D000AAAAAAAAAAAAAAAAAA8000000000000026
:1080E00002AAAAAAAAAAAAAAAAAAAAAAAAAAAAAA98
:1080F000AAAAAAAAAAAAAAA000000000000000AA90
:10810000AAAAAAAAAAAAAAAAAAAAAAAAAAAAAAAACF
:10811000AAAAAAAA8000000000000002AAAAAAAA8D
:10812000AAAAAAAAAAAAAAA000000000000000AA5F
:10813000AAAAAAAAAAAAAA8000000000000002AA6D
:10814000AAAAAAAAAAAAAAAAAAAAAAAAAAAAAAAA8F
:10815000AAAAAAAAAAA0000000000002AAAAAAAA83
:10816000AAAAAAAAAAAAAAAAAAAAAAAAAAAAAAAA6F
:10817000AAAAAA8000000000000002AAAAAAAAAA2D
:10818000AAAAAAAAAAAAA000000000000000AAAAFF
:10819000AAAAAAAAAA000000000000000AAAAAAA85
:1081A000AAAAAAAAAAAAAAAAAAAAAAAAAAAAAAAA2F
:1081B000AAAAAAAAAAAAAAAAAAAAAAAAAAAAAAAA1F
:1081C000AAAAAAAAAAAA00000000000000002AAADF
:1081D000AAAAAAAAAAAAAAAAAAAAAAAAAAAAAAAAFF
:1081E000AAAAAAAAAAAAAAAAAAA8000000000000ED
:1081F000000000000000000000000000000000007F
:10820000000002AAAAAAAAAAAAAAAAAAA0000000D2
:1082100000000000AAAAAAAAAA800000000000008C
:10822000000AAAAAAAAAAAAAAAAAAAAAAA80000076
:108230000000000002AAAAAAAAAAAAAAAAAAAAAAEE
:10824000AAAAAAAAAAAAAAAAAAAAAAA00000000040
:10825000000000AAAAAAAAAAAAAAAAAAAAAAAAAA7C
:10826000AAAAAAAAAAAAAAAA80000000000000003E
:10827000AAAAAAAAAAAAAAAAAAAAAAA00000000010
:10828000000000AAAAAAAAAAAAAAAA80000000001E
:10829000000002AAAAAAAAAAAAAAAAAAAAAAAAAA3A
:1082A000AAAAAAAAAAAAAAAAAAAAAAAAAAAAAAAA2E
:1082B000AAAAAAAAAAAAAAAAAAAAAAAAAAAAAAAA1E
:1082C000AAAAAAAAAAAAAA8000000000000002AADC
:1082D000AAAAAAAAAAAAAAAAAAAAA000000000005A
:1082E0000000AAAAAAAAAAAAAA00000000000000E8
:1082F0000AAAAAAAAAAAAAAAAAAAAAAAAAAAAAAA7E
:10830000AAAAAAAAAAAAAAAAAAAAAAAAAAAAAAAACD
:10831000AAAAAAAAAAAAAAAAAAAA80000000000039
:1083200000000AAAAAAAAAAAAAAAAAAAAAAAAA82C9
:10833000AAAAAAAAAAAAAAAAAAAAAAAAAAA80000F3
:10834000000000000000000000000000000000002D
:1083500000000000000002AAAAAAAAAAAAAAAAAA21
:10836000A000000000000000AAAAAAAAAAA000007B
:10837000000000000002AAAAAAAAAAAAAAAAAAAA57
:10838000AA8000000000000002AAAAAAAAAAAAAA1B
:10839000AAAAAAAAAAAAAAAAAAAAAAAAAAAAAAA047
:1083A00000000000000000AAAAAAAAAAAAAAAAAAD3
:1083B000AAAAAAAAAAAAAAAAAAAAAAAA8000000045
:1083C00000000000AAAAAAAAAAAAAAAAAAAAAA80DF
:1083D00000000000000000AAAAAAAAAAAAAAAA80CD
:1083E00000000000000002AAAAAAAAAAAAAAAAAA91
:1083F000AAAAAAAAAAAAAAAAAAAAAAAAAAAAAAAADD
:10840000AAAAAAAAAAAAAAAAAAAAAAAAAAAAAAAACC
:10841000AAAAAAAAAAAAAAAAAAAAAA80000000008E
:10842000000002AAAAAAAAAAAAAAAAAAAAAAA0005C
:10843000000000000000AAAAAAAAAAAAAA00000096
:10844000000000000AAAAAAAAAAAAAAAAAAAAAAAD4
:10845000AAAAAAAAAAAAAAAAAAAAAAAAAAAAAAAA7C
:10846000AAAAAAAAAAAAAAAAAAAAAAAAAAAA800040
:108470000000000000000AAAAAAAAAAAAAAAAAAAF8
:10848000AAAAAA800AAAAAAAAAAAAAAAAAAAAAAA16
:10849000AAA0000000000000000000000000000092
:1084A0000000000000000000000000AAAAAAAAAA7A
:1084B000AAAAAAAAA000000000000000AAAAAAAACC
:1084C000AAA00000000000000002AAAAAAAAAAAA64
:1084D000AAAAAAAAAA8000000000000002AAAAAACA
:1084E000AAAAAAAAAAAAAAAAAAAAAAAAAAAAAAAAEC
:1084F000AAAAAAA000000000000000AAAAAAAAAA8C
:10850000AAAAAAAAAAAAAAAAAAAAAAAAAAAAAAAACB
:108510008000000000000000AAAAAAAAAAAAAAAA8B
:10852000AAAAAA8000000000000000AAAAAAAAAA7B
:10853000AAAAAA8000000000000002AAAAAAAAAA69
:10854000AAAAAAAAAAAAAAAAAAAAAAAAAAAAAAAA8B
:10855000AAAAAAAAAAAAAAAAAAAAAAAAAAAAAAAA7B
:10856000AAAAAAAAAAAAAAAAAAAAAAAAAAAAAA8095
:1085700000000000000002AAAAAAAAAAAAAAAAAAFF
:10858000AAAA8000000000000000AAAAAAAAAAAA1B
:10859000AA000000000000000AAAAAAAAAAAAAAA81
:1085A000AAAAAAAAAAAAAAAAAAAAAAAAAAAAAAAA2B
:1085B000AAAAAAAAAAAAAAAAAAAAAAAAAAAAAAAA1B
:1085C000AAAA800000000000000002AAAAAAAAAA83
:1085D000AAAAAAAAAAAAAA0000AAAAAAAAAAAAAA4F
:1085E000AAAAAAAAAAA00000000000000000000099
:1085F000000000000000000000000000000000AAD1
:10860000AAAAAAAAAAAAAAAAA0000000000000007A
:10861000AAAAAAAAAAA80000000000000000AAAA0C
:10862000AAAAAAAAAAAAAAAAAA80000000000000D0
:1086300002AAAAAAAAAAAAAAAAAAAAAAAAAAAAAA42
:10864000AAAAAAAAAAAAAAA000000000000000AA3A
:10865000AAAAAAAAAAAAAAAAAAAAAAAAAAAAAAAA7A
:10866000AAAAAAAA80000000000000002AAAAAAABA
:10867000AAAAAAAAAAAAAA8000000000000000AA2A
:10868000AAAAAAAAAAAAAA8000000000000002AA18
:10869000AAAAAAAAAAAAAAAAAAAAAAAAAAAAAAAA3A
:1086A000AAAAAAAAAAAAAAAAAAAAAAAAAAAAAAAA2A
:1086B000AAAAAAAAAAAAAAAAAAAAAAAAAAAAAAAA1A
:1086C000AAAAAA8000000000000002AAAAAAAAAAD8
:1086D000AAAAAAAAAAAA8000000000000000AAAACA
:1086E000AAAAAAAAAA000000000000000AAAAAAA30
:1086F000AAAAAAAAAAAAAAAAAAAAAAAAAAAAAAAADA
:10870000AAAAAAAAAAAAAAAAAAAAAAAAAAAAAAAAC9
:10871000AAAAAAAAAAAAA00000000000000000AA13
:10872000AAAAAAAAAAAAAAAAAAAAA800000AAAAA9F
:10873000AAAAAAAAAAAAAAAAAAA00000000000009F
:108740000000000000000000000000000000000029
:10875000000000AAAAAAAAAAAAAAAAAAA00000007F
:1087600000000000AAAAAAAAAAAA0000000000000D
:108770000000AAAAAAAAAAAAAAAAAAAAAA8000002B
:108780000000000002AAAAAAAAAAAAAAAAAAAAAA99
:10879000AAAAAAAAAAAAAAAAAAAAAAA000000000EB
:1087A000000000AAAAAAAAAAAAAAAAAAAAAAAAAA27
:1087B000AAAAAAAAAAAAAAAAA000000000000000C9
:1087C0002AAAAAAAAAAAAAAAAAAAAA0000000000DB
:1087D000000000AAAAAAAAAAAAAAAA8000000000C9
:1087E000000002AAAAAAAAAAAAAAAAAAAAAAAAAAE5
:1087F000AAAAAAAAAAAAAAAAAAAAAAAAAAAAAAAAD9
:10880000AAAAAAAAAAAAAAAAAAAAAAAAAAAAAAAAC8
:10881000AAAAAAAAAAAAAA8000000000000002AA86
:10882000AAAAAAAAAAAAAAAAAAAA80000000000024
:108830000000AAAAAAAAAAAAAA0000000000000092
:108840000AAAAAAAAAAAAAAAAAAAAAAAAAAAAAAA28
:10885000AAAAAAAAAAAAAAAAAAAAAAAAAAAAAAAA78
:10886000AAAAAAAAAAAAAAAAAAAAA00000000000C4
:10887000000000AAAAAAAAAAAAAAAAAAAAAAA80002
:108880000000AAAAAAAAAAAAAAAAAAAAAA8000001A
:1088900000000000000000000000000000000000D8
:1088A000000000000000002AAAAAAAAAAAAAAAAA4E
:1088B000A000000000000000AAAAAAAAAAAA00001C
:1088C0000000000000002AAAAAAAAAAAAAAAAAAA84
:1088D000AA8000000000000002AAAAAAAAAAAAAAC6
:1088E000AAAAAAAAAAAAAAAAAAAAAAAAAAAAAAA0F2
:1088F00000000000000000AAAAAAAAAAAAAAAAAA7E
:10890000AAAAAAAAAAAAAAAAAAAAAAAAA0000000CF
:10891000000000000AAAAAAAAAAAAAAAAAAAAA00A9
:1089200000000000000002AAAAAAAAAAAAAAAA8075
:1089300000000000000002AAAAAAAAAAAAAAAAAA3B
:10894000AAAAAAAAAAAAAAAAAAAAAAAAAAAAAAAA87
:10895000AAAAAAAAAAAAAAAAAAAAAAAAAAAAAAAA77
:10896000AAAAAAAAAAAAAAAAAAAAAA800000000039
:10897000000002AAAAAAAAAAAAAAAAAAAAAA0000A7
:10898000000000000000AAAAAAAAAAAAAA00000041
:10899000000000000AAAAAAAAAAAAAAAAAAAAAAA7F
:1089A000AAAAAAAAAAAAAAAAAAAAAAAAAAAAAAAA27
:1089B000AAAAAAAAAAAAAAAAAAAAAAAAAAAAA800C3
:1089C000000000000000002AAAAAAAAAAAAAAAAA2D
:1089D000AAAAA000000002AAAAAAAAAAAAAAAAAAA7
:1089E000AA8000000000000000000000000000005D
:1089F00000000000000000000000002AAAAAAAAAA5
:108A0000AAAAAAAAA000000000000000AAAAAAAA76
:108A1000AAAA80000000000000000AAAAAAAAAAA26
:108A2000AAAAAAAAAA8000000000000002AAAAAA74
:108A3000AAAAAAAAAAAAAAAAAAAAAAAAAAAAAAAA96
:108A4000AAAAAAA000000000000000AAAAAAAAAA36
:108A5000AAAAAAAAAAAAAAAAAAAAAAAAAAAAAAAA76
:108A6000A0000000000000000AAAAAAAAAAAAAAAB6
:108A7000AAAAA80000000000000002AAAAAAAAAAA6
:108A8000AAAAAA8000000000000002AAAAAAAAAA14
:108A9000AAAAAAAAAAAAAAAAAAAAAAAAAAAAAAAA36
:108AA000AAAAAAAAAAAAAAAAAAAAAAAAAAAAAAAA26
:108AB000AAAAAAAAAAAAAAAAAAAAAAAAAAAAAA8040
:108AC00000000000000002AAAAAAAAAAAAAAAAAAAA
:108AD000AAAA0000000000000000AAAAAAAAAAAA46
:108AE000AA000000000000000AAAAAAAAAAAAAAA2C
:108AF000AAAAAAAAAAAAAAAAAAAAAAAAAAAAAAAAD6
:108B0000AAAAAAAAAAAAAAAAAAAAAAAAAAAAAAAAC5
:108B1000AAAAA800000000000000000AAAAAAAAAA7
:108B2000AAAAAAAAAAAA80000000002AAAAAAAAAF7
:108B3000AAAAAAAAAA800000000000000000000063
:108B40000000000000000000000000000000002AFB
:108B5000AAAAAAAAAAAAAAAAA00000000000000025
:108B6000AAAAAAAAAAAA80000000000000000AAAD5
:108B7000AAAAAAAAAAAAAAAAAA800000000000007B
:108B800002AAAAAAAAAAAAAAAAAAAAAAAAAAAAAAED
:108B9000AAAAAAAAAAAAAAA000000000000000AAE5
:108BA000AAAAAAAAAAAAAAAAAAAAAAAAAAAAAAAA25
:108BB000AAAAAAAAA00000000000000002AAAAAA6D
:108BC000AAAAAAAAAAAAA00000000000000002AA5D
:108BD000AAAAAAAAAAAAAA8000000000000002AAC3
:108BE000AAAAAAAAAAAAAAAAAAAAAAAAAAAAAAAAE5
:108BF000AAAAAAAAAAAAAAAAAAAAAAAAAAAAAAAAD5
:108C0000AAAAAAAAAAAAAAAAAAAAAAAAAAAAAAAAC4
:108C1000AAAAAA8000000000000002AAAAAAAAAA82
:108C2000AAAAAAAAAAA80000000000000000AAAAF6
:108C3000AAAAAAAAAA000000000000000AAAAAAADA
:108C4000AAAAAAAAAAAAAAAAAAAAAAAAAAAAAAAA84
:108C5000AAAAAAAAAAAAAAAAAAAAAAAAAAAAAAAA74
:108C6000AAAAAAAAAAAAA80000000000000000025E
:108C7000AAAAAAAAAAAAAAAAAAAA0000000000024E
:108C8000AAAAAAAAAAAAAAAAAA00000000000000EA
:108C900000000000000000000000000000000000D4
:108CA0000000000AAAAAAAAAAAAAAAAAA0000000CA
:108CB00000000000AAAAAAAAAAAAA0000000000018
:108CC000000002AAAAAAAAAAAAAAAAAAAA8000007E
:108CD0000000000002AAAAAAAAAAAAAAAAAAAAAA44
:108CE000AAAAAAAAAAAAAAAAAAAAAAA00000000096
:108CF000000000AAAAAAAAAAAAAAAAAAAAAAAAAAD2
:108D0000AAAAAAAAAAAAAAAAA00000000000000073
:108D100000AAAAAAAAAAAAAAAAAAA00000000000B9
:108D2000000002AAAAAAAAAAAAAAAA800000000071
:108D3000000002AAAAAAAAAAAAAAAAAAAAAAAAAA8F
:108D4000AAAAAAAAAAAAAAAAAAAAAAAAAAAAAAAA83
:108D5000AAAAAAAAAAAAAAAAAAAAAAAAAAAAAAAA73
:108D6000AAAAAAAAAAAAAA8000000000000002AA31
:108D7000AAAAAAAAAAAAAAAAAAA000000000000059
:108D80000000AAAAAAAAAAAAAA000000000000003D
:108D90000AAAAAAAAAAAAAAAAAAAAAAAAAAAAAAAD3
:108DA000AAAAAAAAAAAAAAAAAAAAAAAAAAAAAAAA23
:108DB000AAAAAAAAAAAAAAAAAAAAAA000000000065
:108DC00000000000AAAAAAAAAAAAAAAAAAA8000001
:108DD000000000002AAAAAAAAAAAAAAAAA00000019
:108DE0000000000000000000000000000000000083
:108DF000000000000000000AAAAAAAAAAAAAAAAA19
:108E0000A000000000000000AAAAAAAAAAAAA00026
:108E100000000000000002AAAAAAAAAAAAAAAAAA56
:108E2000AA8000000000000002AAAAAAAAAAAAAA70
:108E3000AAAAAAAAAAAAAAAAAAAAAAAAAAAAAAA09C
:108E400000000000000000AAAAAAAAAAAAAAAAAA28
:108E5000AAAAAAAAAAAAAAAAAAAAAAAAA800000072
:108E60000000000000AAAAAAAAAAAAAAAAAA800088
:108E70000000000000000AAAAAAAAAAAAAAAAA8018
:108E800000000000000002AAAAAAAAAAAAAAAAAAE6
:108E9000AAAAAAAAAAAAAAAAAAAAAAAAAAAAAAAA32
:108EA000AAAAAAAAAAAAAAAAAAAAAAAAAAAAAAAA22
:108EB000AAAAAAAAAAAAAAAAAAAAAA8000000000E4
:108EC000000002AAAAAAAAAAAAAAAAAAAA8000007C
:108ED000000000000000AAAAAAAAAAAAAA000000EC
:108EE000000000000AAAAAAAAAAAAAAAAAAAAAAA2A
:108EF000AAAAAAAAAAAAAAAAAAAAAAAAAAAAAAAAD2
:108F0000AAAAAAAAAAAAAAAAAAAAAAAAAAAAAA006B
:108F100000000000000000002AAAAAAAAAAAAAAA81
:108F2000AAA000000000000000AAAAAAAAAAAAAA51
:108F3000A800000000000000000000000000000089
:108F400000000000000000000000000AAAAAAAAA6F
:108F5000AAAAAAAAA000000000000000AAAAAAAA21
:108F6000AAAAA80000000000000000AAAAAAAAAAB3
:108F7000AAAAAAAAAA8000000000000002AAAAAA1F
:108F8000AAAAAAAAAAAAAAAAAAAAAAAAAAAAAAAA41
:108F9000AAAAAAA000000000000000AAAAAAAAAAE1
:108FA000AAAAAAAAAAAAAAAAAAAAAAAAAAAAAAAA21
:108FB000A800000000000000002AAAAAAAAAAAAAE3
:108FC000AAAA00000000000000000AAAAAAAAAAAF1
:108FD000AAAAAA8000000000000002AAAAAAAAAABF
:108FE000AAAAAAAAAAAAAAAAAAAAAAAAAAAAAAAAE1
:108FF000AAAAAAAAAAAAAAAAAAAAAAAAAAAAAAAAD1
:10900000AAAAAAAAAAAAAAAAAAAAAAAAAAAAAA80EA
:1090100000000000000002AAAAAAAAAAAAAAAAAA54
:10902000A8000000000000000000AAAAAAAAAAAA9C
:10903000AA000000000000000AAAAAAAAAAAAAAAD6
:10904000AAAAAAAAAAAAAAAAAAAAAAAAAAAAAAAA80
:10905000AAAAAAAAAAAAAAAAAAAAAAAAAAAAAAAA70
:10906000AAAAAA8000000000000000000AAAAAAA7A
:10907000AAAAAAAAAA80000000000000000AAAAAC0
:10908000AAAAAAAAA8000000000000000000000090
:1090900000000000000000000000000000000002CE
:1090A000AAAAAAAAAAAAAAAAA000000000000000D0
:1090B000AAAAAAAAAAAAA80000000000000000AA62
:1090C000AAAAAAAAAAAAAAAAAA8000000000000026
:1090D00002AAAAAAAAAAAAAAAAAAAAAAAAAAAAAA98
:1090E000AAAAAAAAAAAAAAA000000000000000AA90
:1090F000AAAAAAAAAAAAAAAAAAAAAAAAAAAAAAAAD0
:10910000AAAAAAAAA800000000000000000AAAAAB1
:10911000AAAAAAAAAAA800000000000000000AAAA1
:10912000AAAAAAAAAAAAAA8000000000000002AA6D
:10913000AAAAAAAAAAAAAAAAAAAAAAAAAAAAAAAA8F
:10914000AAAAAAAAA80000000000000002AAAAAACF
:10915000AAAAAAAAAAAAAAAAAAAAAAAAAAAAAAAA6F
:10916000AAAAAA8000000000000002AAAAAAAAAA2D
:10917000AAAAAAAA80000000000000000002AAAA71
:10918000AAAAAAAAAA000000000000000AAAAAAA85
:10919000AAAAAAAAAAAAAAAAAAAAAAAAAAAAAAAA2F
:1091A000AAAAAAAAAAAAAAAAAAAAAAAAAAAAAAAA1F
:1091B000AAAAAAAAAAAAAA80000000000000000089
:1091C00000AAAAAAAAAAAAAAAA000000000000004F
:1091D0000000AAAAAAAAAAAAA800000000000000EB
:1091E000000000000000000000000000000000007F
:1091F00000000002AAAAAAAAAAAAAAAAA00000007D
:1092000000000000AAAAAAAAAAAAAA0000000000B8
:109210000000002AAAAAAAAAAAAAAAAAAA800000AA
:109220000000000002AAAAAAAAAAAAAAAAAAAAAAEE
:10923000AAAAAAAAAAAAAAAAAAAAAAA00000000040
:10924000000000AAAAAAAAAAAAAAAAAAAAAAAAAA7C
:10925000AAAAAAAAAAAAAAAAAA0000000000000014
:109260000002AAAAAAAAAAAAAAA0000000000000B6
:1092700000002AAAAAAAAAAAAAAAAA8000000000F4
:10928000000002AAAAAAAAAAAAAAAAAAAAAAAAAA3A
:10929000AAAAAAAAAAAAAAAAA800000000000000D6
:1092A00002AAAAAAAAAAAAAAAAAAAAAAAAAAAAAAC6
:1092B000AAAAAAAAAAAAAA8000000000000002AADC
:1092C000AAAAAAAAAAAAAAA8000000000000000050
:1092D0000002AAAAAAAAAAAAAA00000000000000E6
:1092E0000AAAAAAAAAAAAAAAAAAAAAAAAAAAAAAA7E
:1092F000AAAAAAAAAAAAAAAAAAAAAAAAAAAAAAAACE
:10930000AAAAAAAAAAAAAAAAAAAAAAA0000000006F
:1093100000000000002AAAAAAAAAAAAAA000000087
:10932000000000000000AAAAAAAAAAAAA0000000A1
:10933000000000000000000000000000000000002D
:109340000000000000000000AAAAAAAAAAAAAAAACD
:10935000A000000000000000AAAAAAAAAAAAAA00C7
:10936000000000000000000AAAAAAAAAAAAAAAAAA3
:10937000AA8000000000000002AAAAAAAAAAAAAA1B
:10938000AAAAAAAAAAAAAAAAAAAAAAAAAAAAAAA047
:1093900000000000000000AAAAAAAAAAAAAAAAAAD3
:1093A000AAAAAAAAAAAAAAAAAAAAAAAAAA0000001B
:1093B0000000000000002AAAAAAAAAAAAA80000007
:1093C0000000000000002AAAAAAAAAAAAAAAAA80A3
:1093D00000000000000002AAAAAAAAAAAAAAAAAA91
:1093E000AAAAAAAAAAAAAAAAAAAAAAAAA8000000DD
:1093F0000000000002AAAAAAAAAAAAAAAAAAAAAA1D
:10940000AAAAAAAAAAAAAAAAAAAAAA80000000008E
:10941000000002AAAAAAAAAAAAAAA80000000000FC
:10942000000000000002AAAAAAAAAAAAAA00000094
:10943000000000000AAAAAAAAAAAAAAAAAAAAAAAD4
:10944000AAAAAAAAAAAAAAAAAAAAAAAAAAAAAAAA7C
:10945000AAAAAAAAAAAAAAAAAAAAAAAAAAAAAAA076
:1094600000000000000000000002AAAAAAAAAAAAFE
:1094700000000000000000000002AAAAAAAAAAAAEE
:10948000A0000000000000002AAAAAAAAAAAAAAA6C
:10949000AAAAAAAA8000000000000000AAAAAAAAFC
:1094A000AAAAAAAAA000000000000000AAAAAAAACC
:1094B000AAAAAA80000000000000000AAAAAAAAA7C
:1094C000AAAAAAAAAA8000000000000002AAAAAACA
:1094D000AAAAAAAAAAAAAAAAAAAAAAAAAAAAAAAAEC
:1094E000AAAAAAA000000000000000AAAAAAAAAA8C
:1094F000AAAAAAAAAAAAAAAAAAAAAAAAAAAAAAAACC
:10950000AA0000000000000000000AAAAAAAAAAA55
:10951000A80000000000000000002AAAAAAAAAAA27
:10952000AAAAAA8000000000000002AAAAAAAAAA69
:10953000AAAAAAAAAAAAAAAAAAAAAAAAAAAAAAAA8B
:10954000A80000000000000002AAAAAAAAAAAAAACB
:10955000AAAAAAAAAAAAAAAAAAAAAAAAAAAAAA8095
:1095600000000000000002AAAAAAAAAAAAA000005D
:1095700000000000000000000002AAAAAAAAAAAAED
:10958000AA000000000000000AAAAAAAAAAAAAAA81
:10959000AAAAAAAAAAAAAAAAAAAAAAAAAAAAAAAA2B
:1095A000AAAAAAAAAAAAAAAAAAAAAAAAAAAAAAAA1B
:1095B000AAAAAAA8000000000000000000002AAA31
:1095C000AAAAAAA000000000000000000002AAAAA7
:1095D000AAAAAAAAA000000000000000AAAAAAAA9B
:1095E000AAAAAAAAAAAAAAAA8000000000000000AB
:1095F000AAAAAAAAAAAAAAAAA0000000000000007B
:10960000AAAAAAAAAAAAAA80000000000000000232
:10961000AAAAAAAAAAAAAAAAAA80000000000000D0
:1096200002AAAAAAAAAAAAAAAAAAAAAAAAAAAAAA42
:10963000AAAAAAAAAAAAAAA000000000000000AA3A
:10964000AAAAAAAAAAAAAAAAAAAAAAAAAAAAAAAA7A
:10965000AAAAAAAAAA80000000000000000000AA8E
:10966000AAAAAAAA80000000000000000000AAAA7E
:10967000AAAAAAAAAAAAAA8000000000000002AA18
:10968000AAAAAAAAAAAAAAAAAAAAAAAAAAAAAAAA3A
:10969000AAAAAAAAA80000000000000002AAAAAA7A
:1096A000AAAAAAAAAAAAAAAAAAAAAAAAAAAAAAAA1A
:1096B000AAAAAA800000000000000000000000002C
:1096C000000000000000000000000000000AAAAA3C
:1096D000AAAAAAAAAA000000000000000000000038
:1096E000000000000000000000000000AAAAAAAAD2
:1096F000AAAAAAAAAAAAAAAAAAAAAAAAAAAAAAAACA
:10970000AAAAAAAAAAAAAAAA000000000000000009
:10971000000000AAAAAAAA000000000000000000A1
:10972000000AAAAAAAAAAAAA8000000000000000B3
:10973000AAAAAAAAAAAAAAAAAAAAAAAAA000000091
:10974000000000002AAAAAAAAAAAAAAAA0000000A9
:1097500000000000AAAAAAAAAAAAAAA000000000C3
:1097600000000002AAAAAAAAAAAAAAAAAA8000007D
:1097700000000000000000000000000000000000E9
:10978000000000002AAAAAAAAAAAAAA00000000013
:10979000000000AAAAAAAAAAAAAAAAAAAAAAAAAA27
:1097A000AAAAAAAAAAAAAAAAAA800000000000003F
:1097B00000000002AAAAAAA0000000000000000009
:1097C0000000AAAAAAAAAAAAAAAAAA80000000001F
:1097D0000000000000000000000000000000000089
:1097E00000002AAAAAAAAAAAA80000000000000055
:1097F00002AAAAAAAAAAAAAAAAAAAAAAAAAAAAAA71
:10980000AAAAAAAAAAAAAA80000000000000000032
:109810000000000000000000000000000000000048
:10982000000AAAAAAAAAAAAAAA0000000000000088
:109830000000000000000000000000000000000028
:10984000AAAAAAAAAAAAAAAAAAAAAAAAAAAAAAAA78
:10985000AAAAAAAAAAAAAAAAAAAAAAAA0000000010
:1098600000000000000000000AA00000000000004E
:1098700000000000002AAAAAAAAAAAAA8000000042
:1098800000000000AAAAAAAAAAAAAAAAAAAAAAAAE0
:10989000A0000000000000002AAAAAAAAAAAAAAA58
:1098A000A000000000000000AAAAAAAAAAAAAAA0D2
:1098B0000000000000000000AAAAAAAAAAAAAAAA58
:1098C000AA8000000000000000000000000000006E
:1098D00000000000000000002AAAAAAAAAAAAAA0C2
:1098E00000000000000000AAAAAAAAAAAAAAAAAA7E
:1098F000AAAAAAAAAAAAAAAAAAAAAAAAAAA0000026
:109900000000000000000000002A800000000000AD
:10991000000000000002AAAAAAAAAAAAAAAAAA80CB
:109920000000000000000000000000000000000037
:109930000000000000002AAAAAAAAAAAA800000003
:109940000000000002AAAAAAAAAAAAAAAAAAAAAAC7
:10995000AAAAAAAAAAAAAAAAAAAAAA800000000039
:1099600000000000000000000000000000000000F7
:1099700000000000000AAAAAAAAAAAAAAA00000037
:1099800000000000000000000000000000000000D7
:1099900000000000AAAAAAAAAAAAAAAAAAAAAAAACF
:1099A000AAAAAAAAAAAAAAAAAAAAAAAAAAAAAAAA17
:1099B0008000000000000000000000000000000027
:1099C0000000000000000000002AAAAAAAAAAAAA71
:1099D0008000000000000002AAAAAAAAAAAAAAAAB5
:1099E000AAAAAAAAA0000000000000002AAAAAAA07
:1099F000AAAAAAAAA000000000000000AAAAAAAA77
:109A0000AAAAAAA80000000000000000AAAAAAAA08
:109A1000AAAAAAAAAA800000000000000000000074
:109A20000000000000000000000000002AAAAAAA0E
:109A3000AAAAAAA000000000000000AAAAAAAAAA36
:109A4000AAAAAAAAAAAAAAAAAAAAAAAAAAAAAAAA76
:109A5000AAA00000000000000000000000000000BC
:109A600000000000000000000002AAAAAAAAAAAAF8
:109A7000AAAAAA8000000000000000000000000068
:109A8000000000000000000000002AAAAAAAAAAA5A
:109A9000A80000000000000002AAAAAAAAAAAAAA76
:109AA000AAAAAAAAAAAAAAAAAAAAAAAAAAAAAA8040
:109AB00000000000000000000000000000000000A6
:109AC0000000000000000000002AAAAAAAAAAAAA70
:109AD000AA000000000000000000000000000000DC
:109AE0000000000000000000AAAAAAAAAAAAAAAA26
:109AF000AAAAAAAAAAAAAAAAAAAAAAAAAAAAAAAAC6
:109B0000AAAAAAAAA000000000000000000000000D
:109B100000000000000000000000000000AAAAAA47
:109B2000AAAAAAAA0000000000000002AAAAAAAAE3
:109B3000AAAAAAAAAAAAAAAAA8000000000000002D
:109B40000AAAAAAAAAAAAAAAA000000000000000C5
:109B5000AAAAAAAAAAAAAAA80000000000000000B7
:109B60002AAAAAAAAAAAAAAAAA80000000000000FB
:109B700000000000000000000000000000000000E5
:109B80002AAAAAAAAAAAAAA000000000000000AA65
:109B9000AAAAAAAAAAAAAAAAAAAAAAAAAAAAAAAA25
:109BA000AAAAAAAAAAA800000000000000000000BB
:109BB000000000000000000000000000000AAAAA47
:109BC000AAAAAAAAAAAAAA8000000000000000006F
:109BD00000000000000000000000000000002AAAB1
:109BE000AAAAAAAAA80000000000000002AAAAAA25
:109BF000AAAAAAAAAAAAAAAAAAAAAAAAAAAAAAAAC5
:109C0000AAAAAA80000000000000000000000000D6
:109C1000000000000000000000000000002AAAAAC6
:109C2000AAAAAAAAAA0000000000000000000000E2
:109C3000000000000000000000000000AAAAAAAA7C
:109C4000AAAAAAAAAAAAAAAAAAAAAAAAAAAAAAAA74
:109C5000AAAAAAAAAAAAAAAAA00000000000000014
:109C600000000000000000000000000000000000F4
:109C700000AAAAAAAAAAAAAA00000000000000023C
:109C8000AAAAAAAAAAAAAAAAAAAAAAAAA800000034
:109C9000000000000AAAAAAAAAAAAAAAA000000074
:109CA00000000000AAAAAAAAAAAAAAAA0000000064
:109CB000000000000AAAAAAAAAAAAAAAAA800000CA
:109CC0000000000000000000000000000000000094
:109CD000000000002AAAAAAAAAAAAAA000000000BE
:109CE000000000AAAAAAAAAAAAAAAAAAAAAAAAAAD2
:109CF000AAAAAAAAAAAAAAAAAAA8000000000000C2
:109D00000000000000000000000000000000000053
:109D1000000AAAAAAAAAAAAAAAAAAA8000000000BF
:109D20000000000000000000000000000000000033
:109D300000002AAAAAAAAAAAA800000000000000FF
:109D400002AAAAAAAAAAAAAAAAAAAAAAAAAAAAAA1B
:109D5000AAAAAAAAAAAAAA800000000000000000DD
:109D600000000000000000000000000000000000F3
:109D700000AAAAAAAAAAAAAAAA0000000000000093
:109D800000000000000000000000000000000000D3
:109D9000AAAAAAAAAAAAAAAAAAAAAAAAAAAAAAAA23
:109DA000AAAAAAAAAAAAAAAAAAAAAAAAA800000013
:109DB00000000000000000000000000000000000A3
:109DC0000000000002AAAAAAAAAAAAA800000000ED
:109DD0000000000AAAAAAAAAAAAAAAAAAAAAAAAA81
:109DE000A80000000000000002AAAAAAAAAAAAAA23
:109DF000A000000000000000AAAAAAAAAAAAAAAA73
:109E000000000000000000000AAAAAAAAAAAAAAAA2
:109E1000AA80000000000000000000000000000018
:109E200000000000000000002AAAAAAAAAAAAAA06C
:109E300000000000000000AAAAAAAAAAAAAAAAAA28
:109E4000AAAAAAAAAAAAAAAAAAAAAAAAAAAA0000C6
:109E50000000000000000000000000000000000002
:109E600000000000002AAAAAAAAAAAAAAAAAAA804E
:109E700000000000000000000000000000000000E2
:109E80000000000000002AAAAAAAAAAAA8000000AE
:109E90000000000002AAAAAAAAAAAAAAAAAAAAAA72
:109EA000AAAAAAAAAAAAAAAAAAAAAA8000000000E4
:109EB00000000000000000000000000000000000A2
:109EC0000000000000AAAAAAAAAAAAAAAA00000042
:109ED0000000000000000000000000000000000082
:109EE00000000000AAAAAAAAAAAAAAAAAAAAAAAA7A
:109EF000AAAAAAAAAAAAAAAAAAAAAAAAAAAAAAAAC2
:109F0000AA000000000000000000000000000000A7
:109F100000000000000000000AAAAAAAAAAAAAA893
:109F2000000000000000000AAAAAAAAAAAAAAAAAD7
:109F3000AAAAAAAAAA0000000000000002AAAAAACF
:109F4000AAAAAAAAA000000000000000AAAAAAAA21
:109F5000AAAAAAAA800000000000000002AAAAAAD9
:109F6000AAAAAAAAAA80000000000000000000001F
:109F70000000000000000000000000002AAAAAAAB9
:109F8000AAAAAAA000000000000000AAAAAAAAAAE1
:109F9000AAAAAAAAAAAAAAAAAAAAAAAAAAAAAAAA21
:109FA000AAAA00000000000000000000000000005D
:109FB0000000000000000000002AAAAAAAAAAAAA7B
:109FC000AAAAAA8000000000000000000000000013
:109FD000000000000000000000002AAAAAAAAAAA05
:109FE000A80000000000000002AAAAAAAAAAAAAA21
:109FF000AAAAAAAAAAAAAAAAAAAAAAAAAAAAAA80EB
:10A000000000000000000000000000000000000050
:10A01000000000000000000002AAAAAAAAAAAAAA98
:10A02000AA00000000000000000000000000000086
:10A030000000000000000000AAAAAAAAAAAAAAAAD0
:10A04000AAAAAAAAAAAAAAAAAAAAAAAAAAAAAAAA70
:10A05000AAAAAAAAAA80000000000000000000002E
:10A060000000000000000000000000002AAAAAAAC8
:10A07000AAAAAAA8000000000000000AAAAAAAAA88
:10A08000AAAAAAAAAAAAAAAAAA00000000000000D6
:10A0900002AAAAAAAAAAAAAAA00000000000000078
:10A0A000AAAAAAAAAAAAAAAA8000000000000000E0
:10A0B00002AAAAAAAAAAAAAAAA80000000000000CE
:10A0C0000000000000000000000000000000000090
:10A0D0002AAAAAAAAAAAAAA000000000000000AA10
:10A0E000AAAAAAAAAAAAAAAAAAAAAAAAAAAAAAAAD0
:10A0F000AAAAAAAAAAAA80000000000000000000E4
:10A1000000000000000000000000000000AAAAAA51
:10A11000AAAAAAAAAAAAAA80000000000000000019
:10A1200000000000000000000000000000002AAA5B
:10A13000AAAAAAAAA80000000000000002AAAAAACF
:10A14000AAAAAAAAAAAAAAAAAAAAAAAAAAAAAAAA6F
:10A15000AAAAAA8000000000000000000000000081
:10A160000000000000000000000000000AAAAAAAE7
:10A17000AAAAAAAAAA00000000000000000000008D
:10A18000000000000000000000000000AAAAAAAA27
:10A19000AAAAAAAAAAAAAAAAAAAAAAAAAAAAAAAA1F
:10A1A000AAAAAAAAAAAAAAAAAA8000000000000035
:10A1B000000000000000000000000000000000009F
:10A1C0002AAAAAAAAAAAAAA0000000000000002A9F
:10A1D000AAAAAAAAAAAAAAAAAAAAAAAAAA000000DD
:10A1E0000000000000AAAAAAAAAAAAAAA000000029
:10A1F00000000000AAAAAAAAAAAAAAAAA00000006F
:10A200000000000000AAAAAAAAAAAAAAAA8000007E
:10A21000000000000000000000000000000000003E
:10A22000000000002AAAAAAAAAAAAAA00000000068
:10A23000000000AAAAAAAAAAAAAAAAAAAAAAAAAA7C
:10A24000AAAAAAAAAAAAAAAAAAAAA00000000000CA
:10A2500000000000000000000000000000000000FE
:10A2600002AAAAAAAAAAAAAAAAAAAA8000000000C8
:10A2700000000000000000000000000000000000DE
:10A2800000002AAAAAAAAAAAA800000000000000AA
:10A2900002AAAAAAAAAAAAAAAAAAAAAAAAAAAAAAC6
:10A2A000AAAAAAAAAAAAAA80000000000000000088
:10A2B000000000000000000000000000000000009E
:10A2C0000AAAAAAAAAAAAAAAAA0000000000000034
:10A2D000000000000000000000000000000000007E
:10A2E000AAAAAAAAAAAAAAAAAAAAAAAAAAAAAAAACE
:10A2F000AAAAAAAAAAAAAAAAAAAAAAAAAAA000001C
:10A30000000000000000000000000000000000004D
:10A3100000000000AAAAAAAAAAAAAAA000000000F7
:10A320000000002AAAAAAAAAAAAAAAAAAAAAAAAA0B
:10A33000AA8000000000000000AAAAAAAAAAAAAA4D
:10A34000A000000000000000AAAAAAAAAAAAAAAA1D
:10A35000A00000000000000000AAAAAAAAAAAAAAB7
:10A36000AA800000000000000000000000000000C3
:10A3700000000000000000002AAAAAAAAAAAAAA017
:10A3800000000000000000AAAAAAAAAAAAAAAAAAD3
:10A39000AAAAAAAAAAAAAAAAAAAAAAAAAAAAA000D1
:10A3A00000000000000000000000000000000000AD
:10A3B0000000000002AAAAAAAAAAAAAAAAAAAA8077
:10A3C000000000000000000000000000000000008D
:10A3D0000000000000002AAAAAAAAAAAA800000059
:10A3E0000000000002AAAAAAAAAAAAAAAAAAAAAA1D
:10A3F000AAAAAAAAAAAAAAAAAAAAAA80000000008F
:10A40000000000000000000000000000000000004C
:10A41000000000002AAAAAAAAAAAAAAAAA000000C2
:10A42000000000000000000000000000000000002C
:10A4300000000000AAAAAAAAAAAAAAAAAAAAAAAA24
:10A44000AAAAAAAAAAAAAAAAAAAAAAAAAAAAAAAA6C
:10A45000AAA80000000000000000000000000000AA
:10A460000000000000000002AAAAAAAAAAAAAAA0A4
:10A47000000000000000002AAAAAAAAAAAAAAAAA62
:10A48000AAAAAAAAAA8000000000000000AAAAAAFC
:10A49000AAAAAAAAA000000000000000AAAAAAAACC
:10A4A000AAAAAAAAA800000000000000002AAAAADE
:10A4B000AAAAAAAAAA8000000000000000000000CA
:10A4C0000000000000000000000000002AAAAAAA64
:10A4D000AAAAAAA000000000000000AAAAAAAAAA8C
:10A4E000AAAAAAAAAAAAAAAAAAAAAAAAAAAAAAAACC
:10A4F000AAAAA80000000000000000000000000060
:10A5000000000000000000000AAAAAAAAAAAAAAA9B
:10A51000AAAAAA80000000000000000000000000BD
:10A52000000000000000000000002AAAAAAAAAAAAF
:10A53000A80000000000000002AAAAAAAAAAAAAACB
:10A54000AAAAAAAAAAAAAAAAAAAAAAAAAAAAAA8095
:10A5500000000000000000000000000000000000FB
:10A560000000000000000000AAAAAAAAAAAAAAAA9B
:10A57000AA00000000000000000000000000000031
:10A580000000000000000000AAAAAAAAAAAAAAAA7B
:10A59000AAAAAAAAAAAAAAAAAAAAAAAAAAAAAAAA1B
:10A5A000AAAAAAAAAAAA00000000000000000000AF
:10A5B00000000000000000000000000AAAAAAAAAE9
:10A5C000AAAAAA8000000000000000AAAAAAAAAABB
:10A5D000AAAAAAAAAAAAAAAAAAA0000000000000E1
:10A5E000002AAAAAAAAAAAAAA000000000000000A5
:10A5F000AAAAAAAAAAAAAAAAA80000000000000063
:10A60000002AAAAAAAAAAAAAAA80000000000000FA
:10A61000000000000000000000000000000000003A
:10A620002AAAAAAAAAAAAAA000000000000000AABA
:10A63000AAAAAAAAAAAAAAAAAAAAAAAAAAAAAAAA7A
:10A64000AAAAAAAAAAAAAA00000000000000000064
:10A650000000000000000000000000002AAAAAAAD2
:10A66000AAAAAAAAAAAAAA800000000000000000C4
:10A6700000000000000000000000000000002AAA06
:10A68000AAAAAAAAA80000000000000002AAAAAA7A
:10A69000AAAAAAAAAAAAAAAAAAAAAAAAAAAAAAAA1A
:10A6A000AAAAAA800000000000000000000000002C
:10A6B000000000000000000000000002AAAAAAAAF0
:10A6C000AAAAAAAAAA000000000000000000000038
:10A6D000000000000000000000000000AAAAAAAAD2
:10A6E000AAAAAAAAAAAAAAAAAAAAAAAAAAAAAAAACA
:10A6F000AAAAAAAAAAAAAAAAAAAA80000000000036
:10A700000000000000000000000000000000002A1F
:10A71000AAAAAAAAAAAAAA8000000000000000AA69
:10A72000AAAAAAAAAAAAAAAAAAAAAAAAAAA00000E7
:10A7300000000000002AAAAAAAAAAAAAA000000053
:10A7400000000000AAAAAAAAAAAAAAAAAA0000000F
:10A7500000000000000AAAAAAAAAAAAAAA800000C9
:10A7600000000000000000000000000000000000E9
:10A77000000000002AAAAAAAAAAAAAA00000000013
:10A78000000000AAAAAAAAAAAAAAAAAAAAAAAAAA27
:10A79000AAAAAAAAAAAAAAAAAAAAAA8000000000EB
:10A7A00000000000000000000000000000000000A9
:10A7B000AAAAAAAAAAAAAAAAAAAAAA8000000000CB
:10A7C0000000000000000000000000000000000089
:10A7D00000002AAAAAAAAAAAA80000000000000055
:10A7E00002AAAAAAAAAAAAAAAAAAAAAAAAAAAAAA71
:10A7F000AAAAAAAAAAAAAA80000000000000000033
:10A800000000000000000000000000000000000A3E
:10A81000AAAAAAAAAAAAAAAAAA000000000000003E
:10A820000000000000000000000000000000000028
:10A83000AAAAAAAAAAAAAAAAAAAAAAAAAAAAAAAA78
:10A84000AAAAAAAAAAAAAAAAAAAAAAAAAAAAA0001C
:10A8500000000000000000000000000000000000F8
:10A86000000000AAAAAAAAAAAAAAAA800000000018
:10A87000000000AAAAAAAAAAAAAAAAAAAAAAAAAA36
:10A88000AAA0000000000000002AAAAAAAAAAAAA58
:10A89000A000000000000000AAAAAAAAAAAAAAAAC8
:10A8A000AA000000000000000002AAAAAAAAAAAA00
:10A8B000AA8000000000000000000000000000006E
:10A8C00000000000000000002AAAAAAAAAAAAAA0C2
:10A8D00000000000000000AAAAAAAAAAAAAAAAAA7E
:10A8E000AAAAAAAAAAAAAAAAAAAAAAAAAAAAAAA0D2
:10A8F0000000000000000000000000000000000058
:10A9000000000002AAAAAAAAAAAAAAAAAAAAAA8077
:10A910000000000000000000000000000000000037
:10A920000000000000002AAAAAAAAAAAA800000003
:10A930000000000002AAAAAAAAAAAAAAAAAAAAAAC7
:10A94000AAAAAAAAAAAAAAAAAAAAAA800000000039
:10A9500000000000000000000000000000000000F7
:10A960000000002AAAAAAAAAAAAAAAAAAA000000C3
:10A9700000000000000000000000000000000000D7
:10A9800000000000AAAAAAAAAAAAAAAAAAAAAAAACF
:10A99000AAAAAAAAAAAAAAAAAAAAAAAAAAAAAAAA17
:10A9A000AAAAA800000000000000000000000000AB
:10A9B00000000000000002AAAAAAAAAAAAAAAA0045
:10A9C00000000000000002AAAAAAAAAAAAAAAAAA8B
:10A9D000AAAAAAAAAAA8000000000000000AAAAA1F
:10A9E000AAAAAAAAA000000000000000AAAAAAAA77
:10A9F000AAAAAAAAAA800000000000000002AAAA2F
:10AA0000AAAAAAAAAA800000000000000000000074
:10AA10000000000000000000000000002AAAAAAA0E
:10AA2000AAAAAAA000000000000000AAAAAAAAAA36
:10AA3000AAAAAAAAAAAAAAAAAAAAAAAAAAAAAAAA76
:10AA4000AAAAAAA800000000000000000000000060
:10AA50000000000000000002AAAAAAAAAAAAAAAAA4
:10AA6000AAAAAA8000000000000000000000000068
:10AA7000000000000000000000002AAAAAAAAAAA5A
:10AA8000A80000000000000002AAAAAAAAAAAAAA76
:10AA9000AAAAAAAAAAAAAAAAAAAAAAAAAAAAAA8040
:10AAA00000000000000000000000000000000000A6
:10AAB00000000000000000AAAAAAAAAAAAAAAAAA9C
:10AAC000AA000000000000000000000000000000DC
:10AAD0000000000000000000AAAAAAAAAAAAAAAA26
:10AAE000AAAAAAAAAAAAAAAAAAAAAAAAAAAAAAAAC6
:10AAF000AAAAAAAAAAAAAA000000000000000000B0
:10AB0000000000000000000000000AAAAAAAAAAAE9
:10AB1000AAAAAA0000000000000002AAAAAAAAAAE3
:10AB2000AAAAAAAAAAAAAAAAAAA800000000000083
:10AB3000000AAAAAAAAAAAAAA0000000000000006F
:10AB4000AAAAAAAAAAAAAAAAAAA00000000000006B
:10AB50000000AAAAAAAAAAAAAA80000000000000CF
:10AB600000000000000000000000000000000000E5
:10AB70002AAAAAAAAAAAAAA000000000000000AA65
:10AB8000AAAAAAAAAAAAAAAAAAAAAAAAAAAAAAAA25
:10AB9000AAAAAAAAAAAAAAAA000000000000000065
:10ABA00000000000000000000000000AAAAAAAAAF3
:10ABB000AAAAAAAAAAAAAA8000000000000000006F
:10ABC00000000000000000000000000000002AAAB1
:10ABD000AAAAAAAAA80000000000000002AAAAAA25
:10ABE000AAAAAAAAAAAAAAAAAAAAAAAAAAAAAAAAC5
:10ABF000AAAAAA80000000000000000000000000D7
:10AC0000000000000000000000000AAAAAAAAAAAE8
:10AC1000AAAAAAAAAA0000000000000000000000E2
:10AC2000000000000000000000000000AAAAAAAA7C
:10AC3000AAAAAAAAAAAAAAAAAAAAAAAAAAAAAAAA74
:10AC4000AAAAAAAAAAAAAAAAAAAAAAA00000000016
:10AC500000000000000000000000000000002AAA20
:10AC6000AAAAAAAAAAAAA80000000000000002AA94
:10AC7000AAAAAAAAAAAAAAAAAAAAAAAAAAA800008A
:10AC8000000000000002AAAAAAAAAAAAA000000026
:10AC900000000000AAAAAAAAAAAAAAAAAAA000001A
:10ACA000000000000000AAAAAAAAAAAAAA8000007E
:10ACB0000000000000000000000000000000000094
:10ACC000000000002AAAAAAAAAAAAAA000000000BE
:10ACD000000000AAAAAAAAAAAAAAAAAAAAAAAAAAD2
:10ACE000AAAAAAAAAAAAAAAAAAAAAAAA80000000EC
:10ACF000000000000000000000000000000000AAAA
:10AD0000AAAAAAAAAAAAAAAAAAAAAA800000000075
:10AD10000000000000000000000000000000000033
:10AD200000002AAAAAAAAAAAA800000000000000FF
:10AD300002AAAAAAAAAAAAAAAAAAAAAAAAAAAAAA1B
:10AD4000AAAAAAAAAAAAAA800000000000000000DD
:10AD500000000000000000000000000000002AAA1F
:10AD6000AAAAAAAAAAAAAAAAAA00000000000000E9
:10AD700000000000000000000000000000000000D3
:10AD8000AAAAAAAAAAAAAAAAAAAAAAAAAAAAAAAA23
:10AD9000AAAAAAAAAAAAAAAAAAAAAAAAAAAAAAA815
:10ADA00000000000000000000000000000000000A3
:10ADB0000000AAAAAAAAAAAAAAAAA800000000009B
:10ADC00000000AAAAAAAAAAAAAAAAAAAAAAAAAAAD7
:10ADD000AAAA0000000000000002AAAAAAAAAAAA21
:10ADE000A000000000000000AAAAAAAAAAAAAAAA73
:10ADF000AAA800000000000000002AAAAAAAAAAA85
:10AE0000AA80000000000000000000000000000018
:10AE100000000000000000002AAAAAAAAAAAAAA06C
:10AE200000000000000000AAAAAAAAAAAAAAAAAA28
:10AE3000AAAAAAAAAAAAAAAAAAAAAAAAAAAAAAAA72
:10AE4000A000000000000000000000000000000062
:10AE5000000002AAAAAAAAAAAAAAAAAAAAAAAA8078
:10AE600000000000000000000000000000000000E2
:10AE70000000000000002AAAAAAAAAAAA8000000AE
:10AE80000000000002AAAAAAAAAAAAAAAAAAAAAA72
:10AE9000AAAAAAAAAAAAAAAAAAAAAA8000000000E4
:10AEA00000000000000000000000000000000000A2
:10AEB0000002AAAAAAAAAAAAAAAAAAAAAA00000042
:10AEC0000000000000000000000000000000000082
:10AED00000000000AAAAAAAAAAAAAAAAAAAAAAAA7A
:10AEE000AAAAAAAAAAAAAAAAAAAAAAAAAAAAAAAAC2
:10AEF000AAAAAAAA000000000000000000000000AA
:10AF000000000000000AAAAAAAAAAAAAAAAAA8003F
:10AF10000000000000000AAAAAAAAAAAAAAAAAAA2D
:10AF2000AAAAAAAAAAAA0000000000000002AAAACF
:10AF3000AAAAAAAAA000000000000000AAAAAAAA21
:10AF4000AAAAAAAAAAA800000000000000002AAA33
:10AF5000AAAAAAAAAA80000000000000000000001F
:10AF60000000000000000000000000002AAAAAAAB9
:10AF7000AAAAAAA000000000000000AAAAAAAAAAE1
:10AF8000AAAAAAAAAAAAAAAAAAAAAAAAAAAAAAAA21
:10AF9000AAAAAAAAA8000000000000000000000061
:10AFA0000000000000000AAAAAAAAAAAAAAAAAAA9D
:10AFB000AAAAAA8000000000000000000000000013
:10AFC000000000000000000000002AAAAAAAAAAA05
:10AFD000A80000000000000002AAAAAAAAAAAAAA21
:10AFE000AAAAAAAAAAAAAAAAAAAAAAAAAAAAAA80EB
:10AFF0000000000000000000000000000000000051
:10B0000000000000002AAAAAAAAAAAAAAAAAAAAA72
:10B01000AA00000000000000000000000000000086
:10B020000000000000000000AAAAAAAAAAAAAAAAD0
:10B03000AAAAAAAAAAAAAAAAAAAAAAAAAAAAAAAA70
:10B04000AAAAAAAAAAAAAAAAA00000000000000010
:10B050000000000000000000002AAAAAAAAAAAAACA
:10B06000AAAAA0000000000000000AAAAAAAAAAA90
:10B07000AAAAAAAAAAAAAAAAAAAA0000000000002C
:10B080000000AAAAAAAAAAAAA00000000000000024
:10B09000AAAAAAAAAAAAAAAAAAAA0000000000000C
:10B0A00000000AAAAAAAAAAAAA800000000000001A
:10B0B0000000000000000000000000000000000090
:10B0C0002AAAAAAAAAAAAAA000000000000000AA10
:10B0D000AAAAAAAAAAAAAAAAAAAAAAAAAAAAAAAAD0
:10B0E000AAAAAAAAAAAAAAAAAA0000000000000066
:10B0F000000000000000000000002AAAAAAAAAAAD4
:10B10000AAAAAAAAAAAAAA80000000000000000019
:10B1100000000000000000000000000000002AAA5B
:10B12000AAAAAAAAA80000000000000002AAAAAACF
:10B13000AAAAAAAAAAAAAAAAAAAAAAAAAAAAAAAA6F
:10B14000AAAAAA8000000000000000000000000081
:10B15000000000000000000002AAAAAAAAAAAAAA47
:10B16000AAAAAAAAAA00000000000000000000008D
:10B17000000000000000000000000000AAAAAAAA27
:10B18000AAAAAAAAAAAAAAAAAAAAAAAAAAAAAAAA1F
:10B19000AAAAAAAAAAAAAAAAAAAAAAAAA80000000F
:10B1A00000000000000000000000000000AAAAAAA1
:10B1B000AAAAAAAAAAAAA0000000000000002AAA1F
:10B1C000AAAAAAAAAAAAAAAAAAAAAAAAAAAA8000B3
:10B1D000000000000000AAAAAAAAAAAAA0000000D3
:10B1E00000000000AAAAAAAAAAAAAAAAAAAA0000BB
:10B1F00000000000000002AAAAAAAAAAAA800000D1
:10B20000000000000000000000000000000000003E
:10B21000000000002AAAAAAAAAAAAAA00000000068
:10B22000000000AAAAAAAAAAAAAAAAAAAAAAAAAA7C
:10B23000AAAAAAAAAAAAAAAAAAAAAAAAAAA00000CC
:10B240000000000000000000000000000002AAAAA8
:10B25000AAAAAAAAAAAAAAAAAAAAAA800000000020
:10B2600000000000000000000000000000000000DE
:10B2700000002AAAAAAAAAAAA800000000000000AA
:10B2800002AAAAAAAAAAAAAAAAAAAAAAAAAAAAAAC6
:10B29000AAAAAAAAAAAAAA80000000000000000088
:10B2A0000000000000000000000000002AAAAAAA76
:10B2B000AAAAAAAAAAAAAAAAAA0000000000000094
:10B2C000000000000000000000000000000000007E
:10B2D000AAAAAAAAAAAAAAAAAAAAAAAAAAAAAAAACE
:10B2E000AAAAAAAAAAAAAAAAAAAAAAAAAAAAAAAABE
:10B2F000AA80000000000000000000000000000024
:10B300000AAAAAAAAAAAAAAAAAAAA0000000000099
:10B3100000002AAAAAAAAAAAAAAAAAAAAAAAAAAA61
:10B32000AAAA8000000000000000AAAAAAAAAAAA4D
:10B33000A000000000000000AAAAAAAAAAAAAAAA1D
:10B34000AAAA800000000000000002AAAAAAAAAAD5
:10B35000AA800000000000000000000000000000C3
:10B3600000000000000000002AAAAAAAAAAAAAA017
:10B3700000000000000000AAAAAAAAAAAAAAAAAAD3
:10B38000AAAAAAAAAAAAAAAAAAAAAAAAAAAAAAAA1D
:10B39000AAA800000000000000000000000000005B
:10B3A000000AAAAAAAAAAAAAAAAAAAAAAAAAAA8071
:10B3B000000000000000000000000000000000008D
:10B3C0000000000000002AAAAAAAAAAAA800000059
:10B3D0000000000002AAAAAAAAAAAAAAAAAAAAAA1D
:10B3E000AAAAAAAAAAAAAAAAAAAAAA80000000008F
:10B3F000000000000000000000000000000000024B
:10B40000AAAAAAAAAAAAAAAAAAAAAAAAAA0000009A
:10B41000000000000000000000000000000000002C
:10B4200000000000AAAAAAAAAAAAAAAAAAAAAAAA24
:10B43000AAAAAAAAAAAAAAAAAAAAAAAAAAAAAAAA6C
:10B44000AAAAAAAAAAA80000000000000000000002
:10B4500000000000AAAAAAAAAAAAAAAAAAAA8000C8
:10B460000000000000002AAAAAAAAAAAAAAAAAAAB8
:10B47000AAAAAAAAAAAA80000000000000002AAA7C
:10B48000AAAAAAAAA000000000000000AAAAAAAACC
:10B49000AAAAAAAAAAAA800000000000000000AA86
:10B4A000AAAAAAAAAA8000000000000000000000CA
:10B4B0000000000000000000000000002AAAAAAA64
:10B4C000AAAAAAA000000000000000AAAAAAAAAA8C
:10B4D000AAAAAAAAAAAAAAAAAAAAAAAAAAAAAAAACC
:10B4E000AAAAAAAAAAAA80000000000000000000E0
:10B4F0000000000000AAAAAAAAAAAAAAAAAAAAAAFE
:10B50000AAAAAA80000000000000000000000000BD
:10B51000000000000000000000002AAAAAAAAAAAAF
:10B52000A80000000000000002AAAAAAAAAAAAAACB
:10B53000AAAAAAAAAAAAAAAAAAAAAAAAAAAAAA8095
:10B5400000000000000000000000000000000000FB
:10B55000000000AAAAAAAAAAAAAAAAAAAAAAAAAA49
:10B56000AA00000000000000000000000000000031
:10B570000000000000000000AAAAAAAAAAAAAAAA7B
:10B58000AAAAAAAAAAAAAAAAAAAAAAAAAAAAAAAA1B
:10B59000AAAAAAAAAAAAAAAAAAAA80000000000087
:10B5A000000000000000000AAAAAAAAAAAAAAAAA41
:10B5B000AAAA8000000000000000AAAAAAAAAAAABB
:10B5C000AAAAAAAAAAAAAAAAAAAAA0000000000037
:10B5D00000002AAAAAAAAAAAA0000000000000004F
:10B5E000AAAAAAAAAAAAAAAAAAAAA0000000000017
:10B5F000000000AAAAAAAAAAAA80000000000000CF
:10B60000000000000000000000000000000000003A
:10B610002AAAAAAAAAAAAAA000000000000000AABA
:10B62000AAAAAAAAAAAAAAAAAAAAAAAAAAAAAAAA7A
:10B63000AAAAAAAAAAAAAAAAAAAAA80000000000BE
:10B6400000000000000000000AAAAAAAAAAAAAAA4A
:10B65000AAAAAAAAAAAAAA800000000000000000C4
:10B6600000000000000000000000000000002AAA06
:10B67000AAAAAAAAA80000000000000002AAAAAA7A
:10B68000AAAAAAAAAAAAAAAAAAAAAAAAAAAAAAAA1A
:10B69000AAAAAA800000000000000000000000002C
:10B6A000000000000000AAAAAAAAAAAAAAAAAAAAF6
:10B6B000AAAAAAAAAA000000000000000000000038
:10B6C000000000000000000000000000AAAAAAAAD2
:10B6D000AAAAAAAAAAAAAAAAAAAAAAAAAAAAAAAACA
:10B6E000AAAAAAAAAAAAAAAAAAAAAAAAAAAAA80066
:10B6F0000000000000000000000000AAAAAAAAAAF8
:10B70000AAAAAAAAAAAA0000000000000000AAAAE9
:10B71000AAAAAAAAAAAAAAAAAAAAAAAAAAAAA0003D
:10B720000000000000002AAAAAAAAAAAA0000000FD
:10B7300000000000AAAAAAAAAAAAAAAAAAAAA000C5
:10B74000000000000000002AAAAAAAAAAA800000FD
:10B7500000000000000000000000000000000000E9
:10B76000000000002AAAAAAAAAAAAAA00000000013
:10B77000000000AAAAAAAAAAAAAAAAAAAAAAAAAA27
:10B78000AAAAAAAAAAAAAAAAAAAAAAAAAAAAAA8043
:10B79000000000000000000000000000AAAAAAAA01
:10B7A000AAAAAAAAAAAAAAAAAAAAAA8000000000CB
:10B7B0000000000000000000000000000000000089
:10B7C00000002AAAAAAAAAAAA80000000000000055
:10B7D00002AAAAAAAAAAAAAAAAAAAAAAAAAAAAAA71
:10B7E000AAAAAAAAAAAAAA80000000000000000033
:10B7F000000000000000000002AAAAAAAAAAAAAAA1
:10B80000AAAAAAAAAAAAAAAAAA000000000000003E
:10B810000000000000000000000000000000000028
:10B82000AAAAAAAAAAAAAAAAAAAAAAAAAAAAAAAA78
:10B83000AAAAAAAAAAAAAAAAAAAAAAAAAAAAAAAA68
:10B84000AAAAAA80000000000000000000000AAAC6
:10B85000AAAAAAAAAAAAAAAAAAAA00000000000044
:10B860000000AAAAAAAAAAAAAAAAAAAAAAAAAAAA8C
:10B87000AAAAA0000000000000000AAAAAAAAAAA78
:10B88000A000000000000000AAAAAAAAAAAAAAAAC8
:10B89000AAAAA800000000000000002AAAAAAAAADA
:10B8A000AA8000000000000000000000000000006E
:10B8B00000000000000000002AAAAAAAAAAAAAA0C2
:10B8C00000000000000000AAAAAAAAAAAAAAAAAA7E
:10B8D000AAAAAAAAAAAAAAAAAAAAAAAAAAAAAAAAC8
:10B8E000AAAAAAAA00000000000000000000000AA6
:10B8F000AAAAAAAAAAAAAAAAAAAAAAAAAAAAAA80D2
:10B900000000000000000000000000000000000037
:10B910000000000000002AAAAAAAAAAAA800000003
:10B920000000000002AAAAAAAAAAAAAAAAAAAAAAC7
:10B93000AAAAAAAAAAAAAAAAAAAAAA800000000039
:10B940000000000000000000000000AAAAAAAAAAA5
:10B95000AAAAAAAAAAAAAAAAAAAAAAAAAA00000045
:10B9600000000000000000000000000000000000D7
:10B9700000000000AAAAAAAAAAAAAAAAAAAAAAAACF
:10B98000AAAAAAAAAAAAAAAAAAAAAAAAAAAAAAAA17
:10B99000AAAAAAAAAAAAAAAA000000000000000057
:10B9A0000002AAAAAAAAAAAAAAAAAAAAAAAA00009D
:10B9B000000000000002AAAAAAAAAAAAAAAAAAAAE1
:10B9C000AAAAAAAAAAAAA8000000000000000AAA1F
:10B9D000AAAAAAAAA000000000000000AAAAAAAA77
:10B9E000AAAAAAAAAAAAA800000000000000000AA9
:10B9F000AAAAAAAAAA800000000000000000000075
:10BA00000000000000000000000000002AAAAAAA0E
:10BA1000AAAAAAA000000000000000AAAAAAAAAA36
:10BA2000AAAAAAAAAAAAAAAAAAAAAAAAAAAAAAAA76
:10BA3000AAAAAAAAAAAAAAAAA00000000000000016
:10BA4000000002AAAAAAAAAAAAAAAAAAAAAAAAAA52
:10BA5000AAAAAA8000000000000000000000000068
:10BA6000000000000000000000002AAAAAAAAAAA5A
:10BA7000A80000000000000002AAAAAAAAAAAAAA76
:10BA8000AAAAAAAAAAAAAAAAAAAAAAAAAAAAAAAA16
:10BA9000AAAAAAAAAAAAAAAAAAAAAAAAAAAAAAAA06
:10BAA000AAAAAAAAAAAAAAAAAAAAAAAAAAAAAAAAF6
:10BAB000AAAAAAAAAAAAAAAAAAAAAAAAAAAAAAAAE6
:10BAC000AAAAAAAAAAAAAAAAAAAAAAAAAAAAAAAAD6
:10BAD000AAAAAAAAAAAAAAAAAAAAAAAAAAAAAAAAC6
:10BAE000AAAAAAAAAAAAAAAAAAAAAAAAAA000000B4
:10BAF0000000000000AAAAAAAAAAAAAAAAAAAAAAF8
:10BB0000AAAAAAAAAAAAAAAAAAAAAAAAAAAAAAAA95
:10BB1000AAAAAAAAAAAAAAAAAAAAAAAAAAAAAAAA85
:10BB2000AAAAAAAAAAAAAAAAAAAAAAAAAAAAAAAA75
:10BB3000AAAAAAAAAAAAAAAAAAAAAAAAAAAAAAAA65
:10BB4000AAAAAAAAAAAAAAAAAAAAAAAAAAAAAAAA55
:10BB5000AAAAAAAAAAAAAAAAAAAAAAAAAAAAAAAA45
:10BB6000AAAAAAAAAAAAAAAAAAAAAAAAAAAAAAAA35
:10BB7000AAAAAAAAAAAAAAAAAAAAAAAAAAAAAAAA25
:10BB8000AAAAAAAAAAAAAAAAAAAAAAAAAAA0000073
:10BB9000000000000002AAAAAAAAAAAAAAAAAAAAFF
:10BBA000AAAAAAAAAAAAAAAAAAAAAAAAAAAAAAAAF5
:10BBB000AAAAAAAAAAAAAAAAAAAAAAAAAAAAAAAAE5
:10BBC000AAAAAAAAAAAAAAAAAAAAAAAAAAAAAAAAD5
:10BBD000AAAAAAAAAAAAAAAAAAAAAAAAAAAAAAAAC5
:10BBE000AAAAAAAAAAAAAAAAAAAAAAAAAAAAAAAAB5
:10BBF000AAAAAAAAAAAAAAAAAAAAAAAAAAAAAAAAA5
:10BC0000AAAAAAAAAAAAAAAAAAAAAAAAAAAAAAAA94
:10BC1000AAAAAAAAAAAAAAAAAAAAAAAAAAAAAAAA84
:10BC2000AAAAAAAAAAAAAAAAAAAAAAAAAAAAAAAA74
:10BC3000AAAAAAAAAAAAAAAAAAAAAAAAAAAAAAAA64
:10BC4000AAAA800000000002AAAAAAAAAAAAAAAACE
:10BC5000AAAAAAAAAAAAAAAAAAAAAAAAAAAAAAAA44
:10BC6000AAAAAAAAAAAAAAAAAAAAAAAAAAAAAAAA34
:10BC7000AAAAAAAAAAAAAAAAAAAAAAAAAAAAAAAA24
:10BC8000AAAAAAAAAAAAAAAAAAAAAAAAAAAAAAAA14
:10BC9000AAAAAAAAAAAAAAAAAAAAAAAAAAAAAAAA04
:10BCA000AAAAAAAAAAAAAAAAAAAAAAAAAAAAAAAAF4
:10BCB000AAAAAAAAAAAAAAAAAAAAAAAAAAAAAAAAE4
:10BCC000AAAAAAAAAAAAAAAAAAAAAAAAAAAAAAAAD4
:10BCD000AAAAAAAAAAAAAAAAAAAAAAAAAAAAAAAAC4
:10BCE000AAAAA800000000000AAAAAAAAAAAAAAAA8
:10BCF000AAAAAAAAAAAAAAAAAAAAAAAAAAAAAAAAA4
:10BD0000AAAAAAAAAAAAAAAAAAAAAAAAAAAAAAAA93
:10BD1000AAAAAAAAAAAAAAAAAAAAAAAAAAAAAAAA83
:10BD2000AAAAAAAAAAAAAAAAAAAAAAAAAAAAAAAA73
:10BD3000AAAAAAAAAAAAAAAAAAAAAAAAAAAAAAAA63
:10BD4000AAAAAAAAAAAAAAAAAAAAAAAAAAAAAAAA53
:10BD5000AAAAAAAAAAAAAAAAAAAAAAAAAAAAAAAA43
:10BD6000AAAAAAAAAAAAAAAAAAAAAAAAAAAAAAAA33
:10BD7000AAAAAAAAAAAAAAAAAAAAAAAAAAAAAAAA23
:10BD8000AAAAAAAAAAAAAAAAAAAAAAAAAAAAAAAA13
:10BD9000AAAAAAAAAAAAAAAAAAAAAAAAAAAAAAAA03
:10BDA000AAAAAAAAAAAAAAAAAAAAAAAAAAAAAAAAF3
:10BDB000AAAAAAAAAAAAAAAAAAAAAAAAAAAAAAAAE3
:10BDC000AAAAAAAAAAAAAAAAAAAAAAAAAAAAAAAAD3
:10BDD000AAAAAAAAAAAAAAAAAAAAAAAAAAAAAAAAC3
:10BDE000AAAAAAAAAAAAAAAAAAAAAAAAAAAAAAAAB3
:10BDF000AAAAAAAAAAAAAAAAAAAAAAAAAAAAAAAAA3
:10BE0000AAAAAAAAAAAAAAAAAAAAAAAAAAAAAAAA92
:10BE1000AAAAAAAAAAAAAAAAAAAAAAAAAAAAAAAA82
:10BE2000AAAAAAAAAAAAAAAAAAAAAAAAAAAAAAAA72
:10BE3000AAAAAAAAAAAAAAAAAAAAAAAAAAAAAAAA62
:10BE4000AAAAAAAAAAAAAAAAAAAAAAAAAAAAAAAA52
:10BE5000AAAAAAAAAAAAAAAAAAAAAAAAAAAAAAAA42
:10BE6000AAAAAAAAAAAAAAAAAAAAAAAAAAAAAAAA32
:10BE7000AAAAAAAAAAAAAAAAAAAAAAAAAAAAAAAA22
:10BE8000AAAAAAAAAAAAAAAAAAAAAAAAAAAAAAAA12
:10BE9000AAAAAAAAAAAAAAAAAAAAAAAAAAAAAAAA02
:10BEA000AAAAAAAAAAAAAAAAAAAAAAAAAAAAAAAAF2
:10BEB000AAAAAAAAAAAAAAAAAAAAAAAAAAAAAAAAE2
:10BEC000AAAAAAAAAAAAAAAAAAAAAAAAAAAAAAAAD2
:10BED000AAAAAAAAAAAAAAAAAAAAAAAAAAAAAAAAC2
:10BEE000AAAAAAAAAAAAAAAAAAAAAAAAAAAAAAAAB2
:10BEF000AAAAAAAAAAAAAAAAAAAAAAAAAAAAAAAAA2
:10BF0000AAAAAAAAAAAAAAAAAAAAAAAAAAAAAAAA91
:10BF1000AAAAAAAAAAAAAAAAAAAAAAAAAAAAAAAA81
:10BF2000AAAAAAAAAAAAAAAAAAAAAAAAAAAAAAAA71
:10BF3000AAAAAAAAAAAAAAAAAAAAAAAAAAAAAAAA61
:10BF4000AAAAAAAAAAAAAAAAAAAAAAAAAAAAAAAA51
:10BF5000AAAAAAAAAAAAAAAAAAAAAAAAAAAAAAAA41
:10BF6000AAAAAAAAAAAAAAAAAAAAAAAAAAAAAAAA31
:10BF7000AAAAAAAAAAAAAAAAAAAAAAAAAAAAAAAA21
:10BF8000AAAAAAAAAAAAAAAAAAAAAAAAAAAAAAAA11
:10BF9000AAAAAAAAAAAAAAAAAAAAAAAAAAAAAAAA01
:10BFA000AAAAAAAAAAAAAAAAAAAAAAAAAAAAAAAAF1
:10BFB000AAAAAAAAAAAAAAAAAAAAAAAAAAAAAAAAE1
:10BFC000AAAAAAAAAAAAAAAAAAAAAAAAAAAAAAAAD1
:10BFD000AAAAAAAAAAAAAAAAAAAAAAAAAAAAAAAAC1
:10BFE000AAAAAAAAAAAAAAAAAAAAAAAAAAAAAAAAB1
:10BFF000AAAAAAAAAAAAAAAAAAAAAAAAAAAAAAAAA1
:10C00000AAAAAAAAAAAAAAAAAAAAAAAAAAAAAAAA90
:10C01000AAAAAAAAAAAAAAAAAAAAAAAAAAAAAAAA80
:10C02000AAAAAAAAAAAAAAAAAAAAAAAAAAAAAAAA70
:10C03000AAAAAAAAAAAAAAAAAAAAAAAAAAAAAAAA60
:10C04000AAAAAAAAAAAAAAAAAAAAAAAAAAAAAAAA50
:10C05000AAAAAAAAAAAAAAAAAAAAAAAAAAAAAAAA40
:10C06000AAAAAAAAAAAAAAAAAAAAAAAAAAAAAAAA30
:10C07000AAAAAAAAAAAAAAAAAAAAAAAAAAAAAAAA20
:10C08000AAAAAAAAAAAAAAAAAAAAAAAAAAAAAAAA10
:10C09000AAAAAAAAAAAAAAAAAAAAAAAAAAAAAAAA00
:10C0A000AAAAAAAAAAAAAAAAAAAAAAAAAAAAAAAAF0
:10C0B000AAAAAAAAAAAAAAAAAAAAAAAAAAAAAAAAE0
:10C0C000AAAAAAAAAAAAAAAAAAAAAAAAAAAAAAAAD0
:10C0D000AAAAAAAAAAAAAAAAAAAAAAAAAAAAAAAAC0
:10C0E000AAAAAAAAAAAAAAAAAAAAAAAAAAAAAAAAB0
:10C0F000AAAAAAAAAAAAAAAAAAAAAAAAAAAAAAAAA0
:10C10000AAAAAAAAAAAAAAAAAAAAAAAAAAAAAAAA8F
:10C11000AAAAAAAAAAAAAAAAAAAAAAAAAAAAAAAA7F
:10C12000AAAAAAAAAAAAAAAAAAAAAAAAAAAAAAAA6F
:10C13000AAAAAAAAAAAAAAAAAAAAAAAAAAAAAAAA5F
:10C14000AAAAAAAAAAAAAAAAAAAAAAAAAAAAAAAA4F
:10C15000AAAAAAAAAAAAAAAAAAAAAAAAAAAAAAAA3F
:10C16000AAAAAAAAAAAAAAAAAAAAAAAAAAAAAAAA2F
:10C17000AAAAAAAAAAAAAAAAAAAAAAAAAAAAAAAA1F
:10C18000AAAAAAAAAAAAAAAAAAAAAAAAAAAAAAAA0F
:10C19000AAAAAAAAAAAAAAAAAAAAAAAAAAAAAAAAFF
:10C1A000AAAAAAAAAAAAAAAAAAAAAAAAAAAAAAAAEF
:10C1B000AAAAAAAAAAAAAAAAAAAAAAAAAAAAAAAADF
:10C1C000AAAAAAAAAAAAAAAAAAAAAAAAAAAAAAAACF
:10C1D000AAAAAAAAAAAAAAAAAAAAAAAAAAAAAAAABF
:10C1E000AAAAAAAAAAAAAAAAAAAAAAAAAAAAAAAAAF
:10C1F000AAAAAAAAAAAAAAAAAAAAAAAAAAAAAAAA9F
:10C20000AAAAAAAAAAAAAAAAAAAAAAAAAAAAAAAA8E
:10C21000AAAAAAAAAAAAAAAAAAAAAAAAAAAAAAAA7E
:10C22000AAAAAAAAAAAAAAAAAAAAAAAAAAAAAAAA6E
:10C23000AAAAAAAAAAAAAAAAAAAAAAAAAAAAAAAA5E
:10C24000AAAAAAAAAAAAAAAAAAAAAAAAAAAAAAAA4E
:10C25000AAAAAAAAAAAAAAAAAAAAAAAAAAAAAAAA3E
:10C26000AAAAAAAAAAAAAAAAAAAAAAAAAAAAAAAA2E
:10C27000AAAAAAAAAAAAAAAAAAAAAAAAAAAAAAAA1E
:10C28000AAAAAAAAAAAAAAAAAAAAAAAAAAAAAAAA0E
:10C29000AAAAAAAAAAAAAAAAAAAAAAAAAAAAAAAAFE
:10C2A000AAAAAAAAAAAAAAAAAAAAAAAAAAAAAAAAEE
:10C2B000AAAAAAAAAAAAAAAAAAAAAAAAAAAAAAAADE
:10C2C000AAAAAAAAAAAAAAAAAAAAAAAAAAAAAAAACE
:10C2D000AAAAAAAAAAAAAAAAAAAAAAAAAAAAAAAABE
:10C2E000AAAAAAAAAAAAAAAAAAAAAAAAAAAAAAAAAE
:10C2F000AAAAAAAAAAAAAAAAAAAAAAAAAAAAAAAA9E
:10C30000AAAAAAAAAAAAAAAAAAAAAAAAAAAAAAAA8D
:10C31000AAAAAAAAAAAAAAAAAAAAAAAAAAAAAAAA7D
:10C32000AAAAAAAAAAAAAAAAAAAAAAAAAAAAAAAA6D
:10C33000AAAAAAAAAAAAAAAAAAAAAAAAAAAAAAAA5D
:10C34000AAAAAAAAAAAAAAAAAAAAAAAAAAAAAAAA4D
:10C35000AAAAAAAAAAAAAAAAAAAAAAAAAAAAAAAA3D
:10C36000AAAAAAAAAAAAAAAAAAAAAAAAAAAAAAAA2D
:10C37000AAAAAAAAAAAAAAAAAAAAAAAAAAAAAAAA1D
:10C38000AAAAAAAAAAAAAAAAAAAAAAAAAAAAAAAA0D
:10C39000AAAAAAAAAAAAAAAAAAAAAAAAAAAAAAAAFD
:10C3A000AAAAAAAAAAAAAAAAAAAAAAAAAAAAAAAAED
:10C3B000AAAAAAAAAAAAAAAAAAAAAAAAAAAAAAAADD
:10C3C000AAAAAAAAAAAAAAAAAAAAAAAAAAAAAAAACD
:10C3D000AAAAAAAAAAAAAAAAAAAAAAAAAAAAAAAABD
:10C3E000AAAAAAAAAAAAAAAAAAAAAAAAAAAAAAAAAD
:10C3F000AAAAAAAAAAAAAAAAAAAAAAAAAAAAAAAA9D
:10C40000AAAAAAAAAAAAAAAAAAAAAAAAAAAAAAAA8C
:10C41000AAAAAAAAAAAAAAAAAAAAAAAAAAAAAAAA7C
:10C42000AAAAAAAAAAAAAAAAAAAAAAAAAAAAAAAA6C
:10C43000AAAAAAAAAAAAAAAAAAAAAAAAAAAAAAAA5C
:10C44000AAAAAAAAAAAAAAAAAAAAAAAAAAAAAAAA4C
:10C45000AAAAAAAAAAAAAAAAAAAAAAAAAAAAAAAA3C
:10C46000AAAAAAAAAAAAAAAAAAAAAAAAAAAAAAAA2C
:10C47000AAAAAAAAAAAAAAAAAAAAAAAAAAAAAAAA1C
:10C48000AAAAAAAAAAAAAAAAAAAAAAAAAAAAAAAA0C
:10C49000AAAAAAAAAAAAAAAAAAAAAAAAAAAAAAAAFC
:10C4A000AAAAAAAAAAAAAAAAAAAAAAAAAAAAAAAAEC
:10C4B000AAAAAAAAAAAAAAAAAAAAAAAAAAAAAAAADC
:10C4C000AAAAAAAAAAAAAAAAAAAAAAAAAAAAAAAACC
:10C4D000AAAAAAAAAAAAAAAAAAAAAAAAAAAAAAAABC
:10C4E000AAAAAAAAAAAAAAAAAAAAAAAAAAAAAAAAAC
:10C4F000AAAAAAAAAAAAAAAAAAAAAAAAAAAAAAAA9C
:10C50000AAAAAAAAAAAAAAAAAAAAAAAAAAAAAAAA8B
:10C51000AAAAAAAAAAAAAAAAAAAAAAAAAAAAAAAA7B
:10C52000AAAAAAAAAAAAAAAAAAAAAAAAAAAAAAAA6B
:10C53000AAAAAAAAAAAAAAAAAAAAAAAAAAAAAAAA5B
:10C54000AAAAAAAAAAAAAAAAAAAAAAAAAAAAAAAA4B
:10C55000AAAAAAAAAAAAAAAAAAAAAAAAAAAAAAAA3B
:10C56000AAAAAAAAAAAAAAAAAAAAAAAAAAAAAAAA2B
:10C57000AAAAAAAAAAAAAAAAAAAAAAAAAAAAAAAA1B
:10C58000AAAAAAAAAAAAAAAAAAAAAAAAAAAAAAAA0B
:10C59000AAAAAAAAAAAAAAAAAAAAAAAAAAAAAAAAFB
:10C5A000AAAAAAAAAAAAAAAAAAAAAAAAAAAAAAAAEB
:10C5B000AAAAAAAAAAAAAAAAAAAAAAAAAAAAAAAADB
:10C5C000AAAAAAAAAAAAAAAAAAAAAAAAAAAAAAAACB
:10C5D000AAAAAAAAAAAAAAAAAAAAAAAAAAAAAAAABB
:10C5E000AAAAAAAAAAAAAAAAAAAAAAAAAAAAAAAAAB
:10C5F000AAAAAAAAAAAAAAAAAAAAAAAAAAAAAAAA9B
:10C60000AAAAAAAAAAAAAAAAAAAAAAAAAAAAAAAA8A
:10C61000AAAAAAAAAAAAAAAAAAAAAAAAAAAAAAAA7A
:10C62000AAAAAAAAAAAAAAAAAAAAAAAAAAAAAAAA6A
:10C63000AAAAAAAAAAAAAAAAAAAAAAAAAAAAAAAA5A
:10C64000AAAAAAAAAAAAAAAAAAAAAAAAAAAAAAAA4A
:10C65000AAAAAAAAAAAAAAAAAAAAAAAAAAAAAAAA3A
:10C66000AAAAAAAAAAAAAAAAAAAAAAAAAAAAAAAA2A
:10C67000AAAAAAAAAAAAAAAAAAAAAAAAAAAAAAAA1A
:10C68000AAAAAAAAAAAAAAAAAAAAAAAAAAAAAAAA0A
:10C69000AAAAAAAAAAAAAAAAAAAAAAAAAAAAAAAAFA
:10C6A000AAAAAAAAAAAAAAAAAAAAAAAAAAAAAAAAEA
:10C6B000AAAAAAAAAAAAAAAAAAAAAAAAAAAAAAAADA
:10C6C000AAAAAAAAAAAAAAAAAAAAAAAAAAAAAAAACA
:10C6D000AAAAAAAAAAAAAAAAAAAAAAAAAAAAAAAABA
:10C6E000AAAAAAAAAAAAAAAAAAAAAAAAAAAAAAAAAA
:10C6F000AAAAAAAAAAAAAAAAAAAAAAAAAAAAAAAA9A
:10C70000AAAAAAAAAAAAAAAAAAAAAAAAAAAAAAAA89
:10C71000AAAAAAAAAAAAAAAAAAAAAAAAAAAAAAAA79
:10C72000AAAAAAAAAAAAAAAAAAAAAAAAAAAAAAAA69
:10C73000AAAAAAAAAAAAAAAAAAAAAAAAAAAAAAAA59
:10C74000AAAAAAAAAAAAAAAAAAAAAAAAAAAAAAAA49
:10C75000AAAAAAAAAAAAAAAAAAAAAAAAAAAAAAAA39
:10C76000AAAAAAAAAAAAAAAAAAAAAAAAAAAAAAAA29
:10C77000AAAAAAAAAAAAAAAAAAAAAAAAAAAAAAAA19
:10C78000AAAAAAAAAAAAAAAAAAAAAAAAAAAAAAAA09
:10C79000AAAAAAAAAAAAAAAAAAAAAAAAAAAAAAAAF9
:10C7A000AAAAAAAAAAAAAAAAAAAAAAAAAAAAAAAAE9
:10C7B000AAAAAAAAAAAAAAAAAAAAAAAAAAAAAAAAD9
:10C7C000AAAAAAAAAAAAAAAAAAAAAAAAAAAAAAAAC9
:10C7D000AAAAAAAAAAAAAAAAAAAAAAAAAAAAAAAAB9
:10C7E000AAAAAAAAAAAAAAAAAAAAAAAAAAAAAAAAA9
:10C7F000AAAAAAAAAAAAAAAAAAAAAAAAAAAAAAAA99
:10C80000AAAAAAAAAAAAAAAAAAAAAAAAAAAAAAAA88
:10C81000AAAAAAAAAAAAAAAAAAAAAAAAAAAAAAAA78
:10C82000AAAAAAAAAAAAAAAAAAAAAAAAAAAAAAAA68
:10C83000AAAAAAAAAAAAAAAAAAAAAAAAAAAAAAAA58
:10C84000AAAAAAAAAAAAAAAAAAAAAAAAAAAAAAAA48
:10C85000AAAAAAAAAAAAAAAAAAAAAAAAAAAAAAAA38
:10C86000AAAAAAAAAAAAAAAAAAAAAAAAAAAAAAAA28
:10C87000AAAAAAAAAAAAAAAAAAAAAAAAAAAAAAAA18
:10C88000AAAAAAAAAAAAAAAAAAAAAAAAAAAAAAAA08
:10C89000AAAAAAAAAAAAAAAAAAAAAAAAAAAAAAAAF8
:10C8A000AAAAAAAAAAAAAAAAAAAAAAAAAAAAAAAAE8
:10C8B000AAAAAAAAAAAAAAAAAAAAAAAAAAAAAAAAD8
:10C8C000AAAAAAAAAAAAAAAAAAAAAAAAAAAAAAAAC8
:10C8D000AAAAAAAAAAAAAAAAAAAAAAAAAAAAAAAAB8
:10C8E000AAAAAAAAAAAAAAAAAAAAAAAAAAAAAAAAA8
:10C8F000AAAAAAAAAAAAAAAAAAAAAAAAAAAAAAAA98
:10C90000AAAAAAAAAAAAAAAAAAAAAAAAAAAAAAAA87
:10C91000AAAAAAAAAAAAAAAAAAAAAAAAAAAAAAAA77
:10C92000AAAAAAAAAAAAAAAAAAAAAAAAAAAAAAAA67
:10C93000AAAAAAAAAAAAAAAAAAAAAAAAAAAAAAAA57
:10C94000AAAAAAAAAAAAAAAAAAAAAAAAAAAAAAAA47
:10C95000AAAAAAAAAAAAAAAAAAAAAAAAAAAAAAAA37
:10C96000AAAAAAAAAAAAAAAAAAAAAAAAAAAAAAAA27
:10C97000AAAAAAAAAAAAAAAAAAAAAAAAAAAAAAAA17
:10C98000AAAAAAAAAAAAAAAAAAAAAAAAAAAAAAAA07
:10C99000AAAAAAAAAAAAAAAAAAAAAAAAAAAAAAAAF7
:10C9A000AAAAAAAAAAAAAAAAAAAAAAAAAAAAAAAAE7
:10C9B000AAAAAAAAAAAAAAAAAAAAAAAAAAAAAAAAD7
:10C9C000AAAAAAAAAAAAAAAAAAAAAAAAAAAAAAAAC7
:10C9D000AAAAAAAAAAAAAAAAAAAAAAAAAAAAAAAAB7
:10C9E000AAAAAAAAAAAAAAAAAAAAAAAAAAAAAAAAA7
:10C9F000AAAAAAAAAAAAAAAAAAAAAAAAAAAAAAAA97
:10CA0000AAAAAAAAAAAAAAAAAAAAAAAAAAAAAAAA86
:10CA1000AAAAAAAAAAAAAAAAAAAAAAAAAAAAAAAA76
:10CA2000AAAAAAAAAAAAAAAAAAAAAAAAAAAAAAAA66
:10CA3000AAAAAAAAAAAAAAAAAAAAAAAAAAAAAAAA56
:10CA4000AAAAAAAAAAAAAAAAAAAAAAAAAAAAAAAA46
:10CA5000AAAAAAAAAAAAAAAAAAAAAAAAAAAAAAAA36
:10CA6000AAAAAAAAAAAAAAAAAAAAAAAAAAAAAAAA26
:10CA7000AAAAAAAAAAAAAAAAAAAAAAAAAAAAAAAA16
:10CA8000AAAAAAAAAAAAAAAAAAAAAAAAAAAAAAAA06
:10CA9000AAAAAAAAAAAAAAAAAAAAAAAAAAAAAAAAF6
:10CAA000AAAAAAAAAAAAAAAAAAAAAAAAAAAAAAAAE6
:10CAB000AAAAAAAAAAAAAAAAAAAAAAAAAAAAAAAAD6
:10CAC000AAAAAAAAAAAAAAAAAAAAAAAAAAAAAAAAC6
:10CAD000AAAAAAAAAAAAAAAAAAAAAAAAAAAAAAAAB6
:10CAE000AAAAAAAAAAAAAAAAAAAAAAAAAAAAAAAAA6
:10CAF000AAAAAAAAAAAAAAAAAAAAAAAAAAAAAAAA96
:10CB0000AAAAAAAAAAAAAAAAAAAAAAAAAAAAAAAA85
:10CB1000AAAAAAAAAAAAAAAAAAAAAAAAAAAAAAAA75
:10CB2000AAAAAAAAAAAAAAAAAAAAAAAAAAAAAAAA65
:10CB3000AAAAAAAAAAAAAAAAAAAAAAAAAAAAAAAA55
:10CB4000AAAAAAAAAAAAAAAAAAAAAAAAAAAAAAAA45
:10CB5000AAAAAAAAAAAAAAAAAAAAAAAAAAAAAAAA35
:10CB6000AAAAAAAAAAAAAAAAAAAAAAAAAAAAAAAA25
:10CB7000AAAAAAAAAAAAAAAAAAAAAAAAAAAAAAAA15
:10CB8000AAAAAAAAAAAAAAAAAAAAAAAAAAAAAAAA05
:10CB9000AAAAAAAAAAAAAAAAAAAAAAAAAAAAAAAAF5
:10CBA000AAAAAAAAAAAAAAAAAAAAAAAAAAAAAAAAE5
:10CBB000AAAAAAAAAAAAAAAAAAAAAAAAAAAAAAAAD5
:10CBC000AAAAAAAAAAAAAAAAAAAAAAAAAAAAAAAAC5
:10CBD000AAAAAAAAAAAAAAAAAAAAAAAAAAAAAAAAB5
:10CBE000AAAAAAAAAAAAAAAAAAAAAAAAAAAAAAAAA5
:10CBF000AAAAAAAAAAAAAAAAAAAAAAAAAAAAAAAA95
:10CC0000AAAAAAAAAAAAAAAAAAAAAAAAAAAAAAAA84
:10CC1000AAAAAAAAAAAAAAAAAAAAAAAAAAAAAAAA74
:10CC2000AAAAAAAAAAAAAAAAAAAAAAAAAAAAAAAA64
:10CC3000AAAAAAAAAAAAAAAAAAAAAAAAAAAAAAAA54
:10CC4000AAAAAAAAAAAAAAAAAAAAAAAAAAAAAAAA44
:10CC5000AAAAAAAAAAAAAAAAAAAAAAAAAAAAAAAA34
:10CC6000AAAAAAAAAAAAAAAAAAAAAAAAAAAAAAAA24
:10CC7000AAAAAAAAAAAAAAAAAAAAAAAAAAAAAAAA14
:10CC8000AAAAAAAAAAAAAAAAAAAAAAAAAAAAAAAA04
:10CC9000AAAAAAAAAAAAAAAAAAAAAAAAAAAAAAAAF4
:10CCA000AAAAAAAAAAAAAAAAAAAAAAAAAAAAAAAAE4
:10CCB000AAAAAAAAAAAAAAAAAAAAAAAAAAAAAAAAD4
:10CCC000AAAAAAAAAAAAAAAAAAAAAAAAAAAAAAAAC4
:10CCD000AAAAAAAAAAAAAAAAAAAAAAAAAAAAAAAAB4
:10CCE000AAAAAAAAAAAAAAAAAAAAAAAAAAAAAAAAA4
:10CCF000AAAAAAAAAAAAAAAAAAAAAAAAAAAAAAAA94
:10CD0000AAAAAAAAAAAAAAAAAAAAAAAAAAAAAAAA83
:10CD1000AAAAAAAAAAAAAAAAAAAAAAAAAAAAAAAA73
:10CD2000AAAAAAAAAAAAAAAAAAAAAAAAAAAAAAAA63
:10CD3000AAAAAAAAAAAAAAAAAAAAAAAAAAAAAAAA53
:10CD4000AAAAAAAAAAAAAAAAAAAAAAAAAAAAAAAA43
:10CD5000AAAAAAAAAAAAAAAAAAAAAAAAAAAAAAAA33
:10CD6000AAAAAAAAAAAAAAAAAAAAAAAAAAAAAAAA23
:10CD7000AAAAAAAAAAAAAAAAAAAAAAAAAAAAAAAA13
:10CD8000AAAAAAAAAAAAAAAAAAAAAAAAAAAAAAAA03
:10CD9000AAAAAAAAAAAAAAAAAAAAAAAAAAAAAAAAF3
:10CDA000AAAAAAAAAAAAAAAAAAAAAAAAAAAAAAAAE3
:10CDB000AAAAAAAAAAAAAAAAAAAAAAAAAAAAAAAAD3
:10CDC000AAAAAAAAAAAAAAAAAAAAAAAAAAAAAAAAC3
:10CDD000AAAAAAAAAAAAAAAAAAAAAAAAAAAAAAAAB3
:10CDE000AAAAAAAAAAAAAAAAAAAAAAAAAAAAAAAAA3
:10CDF000AAAAAAAAAAAAAAAAAAAAAAAAAAAAAAAA93
:10CE0000AAAAAAAAAAAAAAAAAAAAAAAAAAAAAAAA82
:10CE1000AAAAAAAAAAAAAAAAAAAAAAAAAAAAAAAA72
:10CE2000AAAAAAAAAAAAAAAAAAAAAAAAAAAAAAAA62
:10CE3000AAAAAAAAAAAAAAAAAAAAAAAAAAAAAAAA52
:10CE4000AAAAAAAAAAAAAAAAAAAAAAAAAAAAAAAA42
:10CE5000AAAAAAAAAAAAAAAAAAAAAAAAAAAAAAAA32
:10CE6000AAAAAAAAAAAAAAAAAAAAAAAAAAAAAAAA22
:10CE7000AAAAAAAAAAAAAAAAAAAAAAAAAAAAAAAA12
:10CE8000AAAAAAAAAAAAAAAAAAAAAAAAAAAAAAAA02
:10CE9000AAAAAAAAAAAAAAAAAAAAAAAAAAAAAAAAF2
:10CEA000AAAAAAAAAAAAAAAAAAAAAAAAAAAAAAAAE2
:10CEB000AAAAAAAAAAAAAAAAAAAAAAAAAAAAAAAAD2
:10CEC000AAAAAAAAAAAAAAAAAAAAAAAAAAAAAAAAC2
:10CED000AAAAAAAAAAAAAAAAAAAAAAAAAAAAAAAAB2
:10CEE000AAAAAAAAAAAAAAAAAAAAAAAAAAAAAAAAA2
:10CEF000AAAAAAAAAAAAAAAAAAAAAAAAAAAAAAAA92
:10CF0000AAAAAAAAAAAAAAAAAAAAAAAAAAAAAAAA81
:10CF1000AAAAAAAAAAAAAAAAAAAAAAAAAAAAAAAA71
:10CF2000AAAAAAAAAAAAAAAAAAAAAAAAAAAAAAAA61
:10CF3000AAAAAAAAAAAAAAAAAAAAAAAAAAAAAAAA51
:10CF4000AAAAAAAAAAAAAAAAAAAAAAAAAAAAAAAA41
:10CF5000AAAAAAAAAAAAAAAAAAAAAAAAAAAAAAAA31
:10CF6000AAAAAAAAAAAAAAAAAAAAAAAAAAAAAAAA21
:10CF7000AAAAAAAAAAAAAAAAAAAAAAAAAAAAAAAA11
:10CF8000AAAAAAAAAAAAAAAAAAAAAAAAAAAAAAAA01
:10CF9000AAAAAAAAAAAAAAAAAAAAAAAAAAAAAAAAF1
:10CFA000AAAAAAAAAAAAAAAAAAAAAAAAAAAAAAAAE1
:10CFB000AAAAAAAAAAAAAAAAAAAAAAAAAAAAAAAAD1
:10CFC000AAAAAAAAAAAAAAAAAAAAAAAAAAAAAAAAC1
:10CFD000AAAAAAAAAAAAAAAAAAAAAAAAAAAAAAAAB1
:10CFE000AAAAAAAAAAAAAAAAAAAAAAAAAAAAAAAAA1
:10CFF000AAAAAAAAAAAAAAAAAAAAAAAAAAAAAAAA91
:10D00000AAAAAAAAAAAAAAAAAAAAAAAAAAAAAAAA80
:10D01000AAAAAAAAAAAAAAAAAAAAAAAAAAAAAAAA70
:10D02000AAAAAAAAAAAAAAAAAAAAAAAAAAAAAAAA60
:10D03000AAAAAAAAAAAAAAAAAAAAAAAAAAAAAAAA50
:10D04000AAAAAAAAAAAAAAAAAAAAAAAAAAAAAAAA40
:10D05000AAAAAAAAAAAAAAAAAAAAAAAAAAAAAAAA30
:10D06000AAAAAAAAAAAAAAAAAAAAAAAAAAAAAAAA20
:10D07000AAAAAAAAAAAAAAAAAAAAAAAAAAAAAAAA10
:10D08000AAAAAAAAAAAAAAAAAAAAAAAAAAAAAAAA00
:10D09000AAAAAAAAAAAAAAAAAAAAAAAAAAAAAAAAF0
:10D0A000AAAAAAAAAAAAAAAAAAAAAAAAAAAAAAAAE0
:10D0B000AAAAAAAAAAAAAAAAAAAAAAAAAAAAAAAAD0
:10D0C000AAAAAAAAAAAAAAAAAAAAAAAAAAAAAAAAC0
:10D0D000AAAAAAAAAAAAAAAAAAAAAAAAAAAAAAAAB0
:10D0E000AAAAAAAAAAAAAAAAAAAAAAAAAAAAAAAAA0
:10D0F000AAAAAAAAAAAAAAAAAAAAAAAAAAAAAAAA90
:10D10000AAAAAAAAAAAAAAAAAAAAAAAAAAAAAAAA7F
:10D11000AAAAAAAAAAAAAAAAAAAAAAAAAAAAAAAA6F
:10D12000AAAAAAAAAAAAAAAAAAAAAAAAAAAAAAAA5F
:10D13000AAAAAAAAAAAAAAAAAAAAAAAAAAAAAAAA4F
:10D14000AAAAAAAAAAAAAAAAAAAAAAAAAAAAAAAA3F
:10D15000AAAAAAAAAAAAAAAAAAAAAAAAAAAAAAAA2F
:10D16000AAAAAAAAAAAAAAAAAAAAAAAAAAAAAAAA1F
:10D17000AAAAAAAAAAAAAAAAAAAAAAAAAAAAAAAA0F
:10D18000AAAAAAAAAAAAAAAAAAAAAAAAAAAAAAAAFF
:10D19000AAAAAAAAAAAAAAAAAAAAAAAAAAAAAAAAEF
:10D1A000AAAAAAAAAAAAAAAAAAAAAAAAAAAAAAAADF
:10D1B000AAAAAAAAAAAAAAAAAAAAAAAAAAAAAAAACF
:10D1C000AAAAAAAAAAAAAAAAAAAAAAAAAAAAAAAABF
:10D1D000AAAAAAAAAAAAAAAAAAAAAAAAAAAAAAAAAF
:10D1E000AAAAAAAAAAAAAAAAAAAAAAAAAAAAAAAA9F
:10D1F000AAAAAAAAAAAAAAAAAAAAAAAAAAAAAAAA8F
:10D20000AAAAAAAAAAAAAAAAAAAAAAAAAAAAAAAA7E
:10D21000AAAAAAAAAAAAAAAAAAAAAAAAAAAAAAAA6E
:10D22000AAAAAAAAAAAAAAAAAAAAAAAAAAAAAAAA5E
:10D23000AAAAAAAAAAAAAAAAAAAAAAAAAAAAAAAA4E
:10D24000AAAAAAAAAAAAAAAAAAAAAAAAAAAAAAAA3E
:10D25000AAAAAAAAAAAAAAAAAAAAAAAAAAAAAAAA2E
:10D26000AAAAAAAAAAAAAAAAAAAAAAAAAAAAAAAA1E
:10D27000AAAAAAAAAAAAAAAAAAAAAAAAAAAAAAAA0E
:10D28000AAAAAAAAAAAAAAAAAAAAAAAAAAAAAAAAFE
:10D29000AAAAAAAAAAAAAAAAAAAAAAAAAAAAAAAAEE
:10D2A000AAAAAAAAAAAAAAAAAAAAAAAAAAAAAAAADE
:10D2B000AAAAAAAAAAAAAAAAAAAAAAAAAAAAAAAACE
:10D2C000AAAAAAAAAAAAAAAAAAAAAAAAAAAAAAAABE
:10D2D000AAAAAAAAAAAAAAAAAAAAAAAAAAAAAAAAAE
:10D2E000AAAAAAAAAAAAAAAAAAAAAAAAAAAAAAAA9E
:10D2F000AAAAAAAAAAAAAAAAAAAAAAAAAAAAAAAA8E
:10D30000AAAAAAAAAAAAAAAAAAAAAAAAAAAAAAAA7D
:10D31000AAAAAAAAAAAAAAAAAAAAAAAAAAAAAAAA6D
:10D32000AAAAAAAAAAAAAAAAAAAAAAAAAAAAAAAA5D
:10D33000AAAAAAAAAAAAAAAAAAAAAAAAAAAAAAAA4D
:10D34000AAAAAAAAAAAAAAAAAAAAAAAAAAAAAAAA3D
:10D35000AAAAAAAAAAAAAAAAAAAAAAAAAAAAAAAA2D
:10D36000AAAAAAAAAAAAAAAAAAAAAAAAAAAAAAAA1D
:10D37000AAAAAAAAAAAAAAAAAAAAAAAAAAAAAAAA0D
:10D38000AAAAAAAAAAAAAAAAAAAAAAAAAAAAAAAAFD
:10D39000AAAAAAAAAAAAAAAAAAAAAAAAAAAAAAAAED
:10D3A000AAAAAAAAAAAAAAAAAAAAAAAAAAAAAAAADD
:10D3B000AAAAAAAAAAAAAAAAAAAAAAAAAAAAAAAACD
:10D3C000AAAAAAAAAAAAAAAAAAAAAAAAAAAAAAAABD
:10D3D000AAAAAAAAAAAAAAAAAAAAAAAAAAAAAAAAAD
:10D3E000AAAAAAAAAAAAAAAAAAAAAAAAAAAAAAAA9D
:10D3F000AAAAAAAAAAAAAAAAAAAAAAAAAAAAAAAA8D
:10D40000AAAAAAAAAAAAAAAAAAAAAAAAAAAAAAAA7C
:10D41000AAAAAAAAAAAAAAAAAAAAAAAAAAAAAAAA6C
:10D42000AAAAAAAAAAAAAAAAAAAAAAAAAAAAAAAA5C
:10D43000AAAAAAAAAAAAAAAAAAAAAAAAAAAAAAAA4C
:10D44000AAAAAAAAAAAAAAAAAAAAAAAAAAAAAAAA3C
:10D45000AAAAAAAAAAAAAAAAAAAAAAAAAAAAAAAA2C
:10D46000AAAAAAAAAAAAAAAAAAAAAAAAAAAAAAAA1C
:10D47000AAAAAAAAAAAAAAAAAAAAAAAAAAAAAAAA0C
:10D48000AAAAAAAAAAAAAAAAAAAAAAAAAAAAAAAAFC
:10D49000AAAAAAAAAAAAAAAAAAAAAAAAAAAAAAAAEC
:10D4A000AAAAAAAAAAAAAAAAAAAAAAAAAAAAAAAADC
:10D4B000AAAAAAAAAAAAAAAAAAAAAAAAAAAAAAAACC
:10D4C000AAAAAAAAAAAAAAAAAAAAAAAAAAAAAAAABC
:10D4D000AAAAAAAAAAAAAAAAAAAAAAAAAAAAAAAAAC
:10D4E000AAAAAAAAAAAAAAAAAAAAAAAAAAAAAAAA9C
:10D4F000AAAAAAAAAAAAAAAAAAAAAAAAAAAAAAAA8C
:10D50000AAAAAAAAAAAAAAAAAAAAAAAAAAAAAAAA7B
:10D51000AAAAAAAAAAAAAAAAAAAAAAAAAAAAAAAA6B
:10D52000AAAAAAAAAAAAAAAAAAAAAAAAAAAAAAAA5B
:10D53000AAAAAAAAAAAAAAAAAAAAAAAAAAAAAAAA4B
:10D54000AAAAAAAAAAAAAAAAAAAAAAAAAAAAAAAA3B
:10D55000AAAAAAAAAAAAAAAAAAAAAAAAAAAAAAAA2B
:10D56000AAAAAAAAAAAAAAAAAAAAAAAAAAAAAAAA1B
:10D57000AAAAAAAAAAAAAAAAAAAAAAAAAAAAAAAA0B
:10D58000AAAAAAAAAAAAAAAAAAAAAAAAAAAAAAAAFB
:10D59000AAAAAAAAAAAAAAAAAAAAAAAAAAAAAAAAEB
:10D5A000AAAAAAAAAAAAAAAAAAAAAAAAAAAAAAAADB
:10D5B000AAAAAAAAAAAAAAAAAAAAAAAAAAAAAAAACB
:10D5C000AAAAAAAAAAAAAAAAAAAAAAAAAAAAAAAABB
:10D5D000AAAAAAAAAAAAAAAAAAAAAAAAAAAAAAAAAB
:10D5E000AAAAAAAAAAAAAAAAAAAAAAAAAAAAAAAA9B
:10D5F000AAAAAAAAAAAAAAAAAAAAAAAAAAAAAAAA8B
:10D60000AAAAAAAAAAAAAAAAAAAAAAAAAAAAAAAA7A
:10D61000AAAAAAAAAAAAAAAAAAAAAAAAAAAAAAAA6A
:10D62000AAAAAAAAAAAAAAAAAAAAAAAAAAAAAAAA5A
:10D63000AAAAAAAAAAAAAAAAAAAAAAAAAAAAAAAA4A
:10D64000AAAAAAAAAAAAAAAAAAAAAAAAAAAAAAAA3A
:10D65000AAAAAAAAAAAAAAAAAAAAAAAAAAAAAAAA2A
:10D66000AAAAAAAAAAAAAAAAAAAAAAAAAAAAAAAA1A
:10D67000AAAAAAAAAAAAAAAAAAAAAAAAAAAAAAAA0A
:10D68000AAAAAAAAAAAAAAAAAAAAAAAAAAAAAAAAFA
:10D69000AAAAAAAAAAAAAAAAAAAAAAAAAAAAAAAAEA
:10D6A000AAAAAAAAAAAAAAAAAAAAAAAAAAAAAAAADA
:10D6B000AAAAAAAAAAAAAAAAAAAAAAAAAAAAAAAACA
:10D6C000AAAAAAAAAAAAAAAAAAAAAAAAAAAAAAAABA
:10D6D000AAAAAAAAAAAAAAAAAAAAAAAAAAAAAAAAAA
:10D6E000AAAAAAAAAAAAAAAAAAAAAAAAAAAAAAAA9A
:10D6F000AAAAAAAAAAAAAAAAAAAAAAAAAAAAAAAA8A
:10D70000AAAAAAAAAAAAAAAAAAAAAAAAAAAAAAAA79
:10D71000AAAAAAAAAAAAAAAAAAAAAAAAAAAAAAAA69
:10D72000AAAAAAAAAAAAAAAAAAAAAAAAAAAAAAAA59
:10D73000AAAAAAAAAAAAAAAAAAAAAAAAAAAAAAAA49
:10D74000AAAAAAAAAAAAAAAAAAAAAAAAAAAAAAAA39
:10D75000AAAAAAAAAAAAAAAAAAAAAAAAAAAAAAAA29
:10D76000AAAAAAAAAAAAAAAAAAAAAAAAAAAAAAAA19
:10D77000AAAAAAAAAAAAAAAAAAAAAAAAAAAAAAAA09
:10D78000AAAAAAAAAAAAAAAAAAAAAAAAAAAAAAAAF9
:10D79000AAAAAAAAAAAAAAAAAAAAAAAAAAAAAAAAE9
:10D7A000AAAAAAAAAAAAAAAAAAAAAAAAAAAAAAAAD9
:10D7B000AAAAAAAAAAAAAAAAAAAAAAAAAAAAAAAAC9
:10D7C000AAAAAAAAAAAAAAAAAAAAAAAAAAAAAAAAB9
:10D7D000AAAAAAAAAAAAAAAAAAAAAAAAAAAAAAAAA9
:10D7E000AAAAAAAAAAAAAAAAAAAAAAAAAAAAAAAA99
:10D7F000AAAAAAAAAAAAAAAAAAAAAAAAAAAAAAAA89
:10D80000AAAAAAAAAAAAAAAAAAAAAAAAAAAAAAAA78
:10D81000AAAAAAAAAAAAAAAAAAAAAAAAAAAAAAAA68
:10D82000AAAAAAAAAAAAAAAAAAAAAAAAAAAAAAAA58
:10D83000AAAAAAAAAAAAAAAAAAAAAAAAAAAAAAAA48
:10D84000AAAAAAAAAAAAAAAAAAAAAAAAAAAAAAAA38
:10D85000AAAAAAAAAAAAAAAAAAAAAAAAAAAAAAAA28
:10D86000AAAAAAAAAAAAAAAAAAAAAAAAAAAAAAAA18
:10D87000AAAAAAAAAAAAAAAAAAAAAAAAAAAAAAAA08
:10D88000AAAAAAAAAAAAAAAAAAAAAAAAAAAAAAAAF8
:10D89000AAAAAAAAAAAAAAAAAAAAAAAAAAAAAAAAE8
:10D8A000AAAAAAAAAAAAAAAAAAAAAAAAAAAAAAAAD8
:10D8B000AAAAAAAAAAAAAAAAAAAAAAAAAAAAAAAAC8
:10D8C000AAAAAAAAAAAAAAAAAAAAAAAAAAAAAAAAB8
:10D8D000AAAAAAAAAAAAAAAAAAAAAAAAAAAAAAAAA8
:10D8E000AAAAAAAAAAAAAAAAAAAAAAAAAAAAAAAA98
:10D8F000AAAAAAAAAAAAAAAAAAAAAAAAAAAAAAAA88
:10D90000AAAAAAAAAAAAAAAAAAAAAAAAAAAAAAAA77
:10D91000AAAAAAAAAAAAAAAAAAAAAAAAAAAAAAAA67
:10D92000AAAAAAAAAAAAAAAAAAAAAAAAAAAAAAAA57
:10D93000AAAAAAAAAAAAAAAAAAAAAAAAAAAAAAAA47
:10D94000AAAAAAAAAAAAAAAAAAAAAAAAAAAAAAAA37
:10D95000AAAAAAAAAAAAAAAAAAAAAAAAAAAAAAAA27
:10D96000AAAAAAAAAAAAAAAAAAAAAAAAAAAAAAAA17
:10D97000AAAAAAAAAAAAAAAAAAAAAAAAAAAAAAAA07
:10D98000AAAAAAAAAAAAAAAAAAAAAAAAAAAAAAAAF7
:10D99000AAAAAAAAAAAAAAAAAAAAAAAAAAAAAAAAE7
:10D9A000AAAAAAAAAAAAAAAAAAAAAAAAAAAAAAAAD7
:10D9B000AAAAAAAAAAAAAAAAAAAAAAAAAAAAAAAAC7
:10D9C000AAAAAAAAAAAAAAAAAAAAAAAAAAAAAAAAB7
:10D9D000AAAAAAAAAAAAAAAAAAAAAAAAAAAAAAAAA7
:10D9E000AAAAAAAAAAAAAAAAAAAAAAAAAAAAAAAA97
:10D9F000AAAAAAAAAAAAAAAAAAAAAAAAAAAAAAAA87
:10DA0000AAAAAAAAAAAAAAAAAAAAAAAAAAAAAAAA76
:10DA1000AAAAAAAAAAAAAAAAAAAAAAAAAAAAAAAA66
:10DA2000AAAAAAAAAAAAAAAAAAAAAAAAAAAAAAAA56
:10DA3000AAAAAAAAAAAAAAAAAAAAAAAAAAAAAAAA46
:10DA4000AAAAAAAAAAAAAAAAAAAAAAAAAAAAAAAA36
:10DA5000AAAAAAAAAAAAAAAAAAAAAAAAAAAAAAAA26
:10DA6000AAAAAAAAAAAAAAAAAAAAAAAAAAAAAAAA16
:10DA7000AAAAAAAAAAAAAAAAAAAAAAAAAAAAAAAA06
:10DA8000AAAAAAAAAAAAAAAAAAAAAAAAAAAAAAAAF6
:10DA9000AAAAAAAAAAAAAAAAAAAAAAAAAAAAAAAAE6
:10DAA000AAAAAAAAAAAAAAAAAAAAAAAAAAAAAAAAD6
:10DAB000AAAAAAAAAAAAAAAAAAAAAAAAAAAAAAAAC6
:10DAC000AAAAAAAAAAAAAAAAAAAAAAAAAAAAAAAAB6
:10DAD000AAAAAAAAAAAAAAAAAAAAAAAAAAAAAAAAA6
:10DAE000AAAAAAAAAAAAAAAAAAAAAAAAAAAAAAAA96
:10DAF000AAAAAAAAAAAAAAAAAAAAAAAAAAAAAAAA86
:10DB0000AAAAAAAAAAAAAAAAAAAAAAAAAAAAAAAA75
:10DB1000AAAAAAAAAAAAAAAAAAAAAAAAAAAAAAAA65
:10DB2000AAAAAAAAAAAAAAAAAAAAAAAAAAAAAAAA55
:10DB3000AAAAAAAAAAAAAAAAAAAAAAAAAAAAAAAA45
:10DB4000AAAAAAAAAAAAAAAAAAAAAAAAAAAAAAAA35
:10DB5000AAAAAAAAAAAAAAAAAAAAAAAAAAAAAAAA25
:10DB6000AAAAAAAAAAAAAAAAAAAAAAAAAAAAAAAA15
:10DB7000AAAAAAAAAAAAAAAAAAAAAAAAAAAAAAAA05
:10DB8000AAAAAAAAAAAAAAAAAAAAAAAAAAAAAAAAF5
:10DB9000AAAAAAAAAAAAAAAAAAAAAAAAAAAAAAAAE5
:10DBA000AAAAAAAAAAAAAAAAAAAAAAAAAAAAAAAAD5
:10DBB000AAAAAAAAAAAAAAAAAAAAAAAAAAAAAAAAC5
:10DBC000AAAAAAAAAAAAAAAAAAAAAAAAAAAAAAAAB5
:10DBD000AAAAAAAAAAAAAAAAAAAAAAAAAAAAAAAAA5
:10DBE000AAAAAAAAAAAAAAAAAAAAAAAAAAAAAAAA95
:10DBF000AAAAAAAAAAAAAAAAAAAAAAAAAAAAAAAA85
:10DC0000AAAAAAAAAAAAAAAAAAAAAAAAAAAAAAAA74
:10DC1000AAAAAAAAAAAAAAAAAAAAAAAAAAAAAAAA64
:10DC2000AAAAAAAAAAAAAAAAAAAAAAAAAAAAAAAA54
:10DC3000AAAAAAAAAAAAAAAAAAAAAAAAAAAAAAAA44
:10DC4000AAAAAAAAAAAAAAAAAAAAAAAAAAAAAAAA34
:10DC5000AAAAAAAAAAAAAAAAAAAAAAAAAAAAAAAA24
:10DC6000AAAAAAAAAAAAAAAAAAAAAAAAAAAAAAAA14
:10DC7000AAAAAAAAAAAAAAAAAAAAAAAAAAAAAAAA04
:10DC8000AAAAAAAAAAAAAAAAAAAAAAAAAAAAAAAAF4
:10DC9000AAAAAAAAAAAAAAAAAAAAAAAAAAAAAAAAE4
:10DCA000AAAAAAAAAAAAAAAAAAAAAAAAAAAAAAAAD4
:10DCB000AAAAAAAAAAAAAAAAAAAAAAAAAAAAAAAAC4
:10DCC000AAAAAAAAAAAAAAAAAAAAAAAAAAAAAAAAB4
:10DCD000AAAAAAAAAAAAAAAAAAAAAAAAAAAAAAAAA4
:10DCE000AAAAAAAAAAAAAAAAAAAAAAAAAAAAAAAA94
:10DCF000AAAAAAAAAAAAAAAAAAAAAAAAAAAAAAAA84
:10DD0000AAAAAAAAAAAAAAAAAAAAAAAAAAAAAAAA73
:10DD1000AAAAAAAAAAAAAAAAAAAAAAAAAAAAAAAA63
:10DD2000AAAAAAAAAAAAAAAAAAAAAAAAAAAAAAAA53
:10DD3000AAAAAAAAAAAAAAAAAAAAAAAAAAAAAAAA43
:10DD4000AAAAAAAAAAAAAAAAAAAAAAAAAAAAAAAA33
:10DD5000AAAAAAAAAAAAAAAAAAAAAAAAAAAAAAAA23
:10DD6000AAAAAAAAAAAAAAAAAAAAAAAAAAAAAAAA13
:10DD7000AAAAAAAAAAAAAAAAAAAAAAAAAAAAAAAA03
:10DD8000AAAAAAAAAAAAAAAAAAAAAAAAAAAAAAAAF3
:10DD9000AAAAAAAAAAAAAAAAAAAAAAAAAAAAAAAAE3
:10DDA000AAAAAAAAAAAAAAAAAAAAAAAAAAAAAAAAD3
:10DDB000AAAAAAAAAAAAAAAAAAAAAAAAAAAAAAAAC3
:10DDC000AAAAAAAAAAAAAAAAAAAAAAAAAAAAAAAAB3
:10DDD000AAAAAAAAAAAAAAAAAAAAAAAAAAAAAAAAA3
:10DDE000AAAAAAAAAAAAAAAAAAAAAAAAAAAAAAAA93
:10DDF000AAAAAAAAAAAAAAAAAAAAAAAAAAAAAAAA83
:10DE0000AAAAAAAAAAAAAAAAAAAAAAAAAAAAAAAA72
:10DE1000AAAAAAAAAAAAAAAAAAAAAAAAAAAAAAAA62
:10DE2000AAAAAAAAAAAAAAAAAAAAAAAAAAAAAAAA52
:10DE3000AAAAAAAAAAAAAAAAAAAAAAAAAAAAAAAA42
:10DE4000AAAAAAAAAAAAAAAAAAAAAAAAAAAAAAAA32
:10DE5000AAAAAAAAAAAAAAAAAAAAAAAAAAAAAAAA22
:10DE6000AAAAAAAAAAAAAAAAAAAAAAAAAAAAAAAA12
:10DE7000AAAAAAAAAAAAAAAAAAAAAAAAAAAAAAAA02
:10DE8000AAAAAAAAAAAAAAAAAAAAAAAAAAAAAAAAF2
:10DE9000AAAAAAAAAAAAAAAAAAAAAAAAAAAAAAAAE2
:10DEA000AAAAAAAAAAAAAAAAAAAAAAAAAAAAAAAAD2
:10DEB000AAAAAAAAAAAAAAAAAAAAAAAAAAAAAAAAC2
:10DEC000AAAAAAAAAAAAAAAAAAAAAAAAAAAAAAAAB2
:10DED000AAAAAAAAAAAAAAAAAAAAAAAAAAAAAAAAA2
:10DEE000AAAAAAAAAAAAAAAAAAAAAAAAAAAAAAAA92
:10DEF000AAAAAAAAAAAAAAAAAAAAAAAAAAAAAAAA82
:10DF0000AAAAAAAAAAAAAAAAAAAAAAAAAAAAAAAA71
:10DF1000AAAAAAAAAAAAAAAAAAAAAAAAAAAAAAAA61
:10DF2000AAAAAAAAAAAAAAAAAAAAAAAAAAAAAAAA51
:10DF3000AAAAAAAAAAAAAAAAAAAAAAAAAAAAAAAA41
:10DF4000AAAAAAAAAAAAAAAAAAAAAAAAAAAAAAAA31
:10DF5000AAAAAAAAAAAAAAAAAAAAAAAAAAAAAAAA21
:10DF6000AAAAAAAAAAAAAAAAAAAAAAAAAAAAAAAA11
:10DF7000AAAAAAAAAAAAAAAAAAAAAAAAAAAAAAAA01
:10DF8000AAAAAAAAAAAAAAAAAAAAAAAAAAAAAAAAF1
:10DF9000AAAAAAAAAAAAAAAAAAAAAAAAAAAAAAAAE1
:10DFA000AAAAAAAAAAAAAAAAAAAAAAAAAAAAAAAAD1
:10DFB000AAAAAAAAAAAAAAAAAAAAAAAAAAAAAAAAC1
:10DFC000AAAAAAAAAAAAAAAAAAAAAAAAAAAAAAAAB1
:10DFD000AAAAAAAAAAAAAAAAAAAAAAAAAAAAAAAAA1
:10DFE000AAAAAAAAAAAAAAAAAAAAAAAAAAAAAAAA91
:10DFF000AAAAAAAAAAAAAAAAAAAAAAAAAAAAAAAA81
:10E00000AAAAAAAAAAAAAAAAAAAAAAAAAAAAAAAA70
:10E01000AAAAAAAAAAAAAAAAAAAAAAAAAAAAAAAA60
:10E02000AAAAAAAAAAAAAAAAAAAAAAAAAAAAAAAA50
:10E03000AAAAAAAAAAAAAAAAAAAAAAAAAAAAAAAA40
:10E04000AAAAAAAAAAAAAAAAAAAAAAAAAAAAAAAA30
:10E05000AAAAAAAAAAAAAAAAAAAAAAAAAAAAAAAA20
:10E06000AAAAAAAAAAAAAAAAAAAAAAAAAAAAAAAA10
:10E07000AAAAAAAAAAAAAAAAAAAAAAAAAAAAAAAA00
:10E08000AAAAAAAAAAAAAAAAAAAAAAAAAAAAAAAAF0
:10E09000AAAAAAAAAAAAAAAAAAAAAAAAAAAAAAAAE0
:10E0A000AAAAAAAAAAAAAAAAAAAAAAAAAAAAAAAAD0
:10E0B000AAAAAAAAAAAAAAAAAAAAAAAAAAAAAAAAC0
:10E0C000AAAAAAAAAAAAAAAAAAAAAAAAAAAAAAAAB0
:10E0D000AAAAAAAAAAAAAAAAAAAAAAAAAAAAAAAAA0
:10E0E000AAAAAAAAAAAAAAAAAAAAAAAAAAAAAAAA90
:10E0F000AAAAAAAAAAAAAAAAAAAAAAAAAAAAAAAA80
:10E10000AAAAAAAAAAAAAAAAAAAAAAAAAAAAAAAA6F
:10E11000AAAAAAAAAAAAAAAAAAAAAAAAAAAAAAAA5F
:10E12000AAAAAAAAAAAAAAAAAAAAAAAAAAAAAAAA4F
:10E13000AAAAAAAAAAAAAAAAAAAAAAAAAAAAAAAA3F
:10E14000AAAAAAAAAAAAAAAAAAAAAAAAAAAAAAAA2F
:10E15000AAAAAAAAAAAAAAAAAAAAAAAAAAAAAAAA1F
:10E16000AAAAAAAAAAAAAAAAAAAAAAAAAAAAAAAA0F
:10E17000AAAAAAAAAAAAAAAAAAAAAAAAAAAAAAAAFF
:10E18000AAAAAAAAAAAAAAAAAAAAAAAAAAAAAAAAEF
:10E19000AAAAAAAAAAAAAAAAAAAAAAAAAAAAAAAADF
:10E1A000AAAAAAAAAAAAAAAAAAAAAAAAAAAAAAAACF
:10E1B000AAAAAAAAAAAAAAAAAAAAAAAAAAAAAAAABF
:10E1C000AAAAAAAAAAAAAAAAAAAAAAAAAAAAAAAAAF
:10E1D000AAAAAAAAAAAAAAAAAAAAAAAAAAAAAAAA9F
:10E1E000AAAAAAAAAAAAAAAAAAAAAAAAAAAAAAAA8F
:10E1F000AAAAAAAAAAAAAAAAAAAAAAAAAAAAAAAA7F
:10E20000AAAAAAAAAAAAAAAAAAAAAAAAAAAAAAAA6E
:10E21000AAAAAAAAAAAAAAAAAAAAAAAAAAAAAAAA5E
:10E22000AAAAAAAAAAAAAAAAAAAAAAAAAAAAAAAA4E
:10E23000AAAAAAAAAAAAAAAAAAAAAAAAAAAAAAAA3E
:10E24000AAAAAAAAAAAAAAAAAAAAAAAAAAAAAAAA2E
:10E25000AAAAAAAAAAAAAAAAAAAAAAAAAAAAAAAA1E
:10E26000AAAAAAAAAAAAAAAAAAAAAAAAAAAAAAAA0E
:10E27000AAAAAAAAAAAAAAAAAAAAAAAAAAAAAAAAFE
:10E28000AAAAAAAAAAAAAAAAAAAAAAAAAAAAAAAAEE
:10E29000AAAAAAAAAAAAAAAAAAAAAAAAAAAAAAAADE
:10E2A000AAAAAAAAAAAAAAAAAAAAAAAAAAAAAAAACE
:10E2B000AAAAAAAAAAAAAAAAAAAAAAAAAAAAAAAABE
:10E2C000AAAAAAAAAAAAAAAAAAAAAAAAAAAAAAAAAE
:10E2D000AAAAAAAAAAAAAAAAAAAAAAAAAAAAAAAA9E
:10E2E000AAAAAAAAAAAAAAAAAAAAAAAAAAAAAAAA8E
:10E2F000AAAAAAAAAAAAAAAAAAAAAAAAAAAAAAAA7E
:10E30000AAAAAAAAAAAAAAAAAAAAAAAAAAAAAAAA6D
:10E31000AAAAAAAAAAAAAAAAAAAAAAAAAAAAAAAA5D
:10E32000AAAAAAAAAAAAAAAAAAAAAAAAAAAAAAAA4D
:10E33000AAAAAAAAAAAAAAAAAAAAAAAAAAAAAAAA3D
:10E34000AAAAAAAAAAAAAAAAAAAAAAAAAAAAAAAA2D
:10E35000AAAAAAAAAAAAAAAAAAAAAAAAAAAAAAAA1D
:10E36000AAAAAAAAAAAAAAAAAAAAAAAAAAAAAAAA0D
:10E37000AAAAAAAAAAAAAAAAAAAAAAAAAAAAAAAAFD
:10E38000AAAAAAAAAAAAAAAAAAAAAAAAAAAAAAAAED
:10E39000AAAAAAAAAAAAAAAAAAAAAAAAAAAAAAAADD
:10E3A000AAAAAAAAAAAAAAAAAAAAAAAAAAAAAAAACD
:10E3B000AAAAAAAAAAAAAAAAAAAAAAAAAAAAAAAABD
:10E3C000AAAAAAAAAAAAAAAAAAAAAAAAAAAAAAAAAD
:10E3D000AAAAAAAAAAAAAAAAAAAAAAAAAAAAAAAA9D
:10E3E000AAAAAAAAAAAAAAAAAAAAAAAAAAAAAAAA8D
:10E3F000AAAAAAAAAAAAAAAAAAAAAAAAAAAAAAAA7D
:10E40000AAAAAAAAAAAAAAAAAAAAAAAAAAAAAAAA6C
:10E41000AAAAAAAAAAAAAAAAAAAAAAAAAAAAAAAA5C
:10E42000AAAAAAAAAAAAAAAAAAAAAAAAAAAAAAAA4C
:10E43000AAAAAAAAAAAAAAAAAAAAAAAAAAAAAAAA3C
:10E44000AAAAAAAAAAAAAAAAAAAAAAAAAAAAAAAA2C
:10E45000AAAAAAAAAAAAAAAAAAAAAAAAAAAAAAAA1C
:10E46000AAAAAAAAAAAAAAAAAAAAAAAAAAAAAAAA0C
:10E47000AAAAAAAAAAAAAAAAAAAAAAAAAAAAAAAAFC
:10E48000AAAAAAAAAAAAAAAAAAAAAAAAAAAAAAAAEC
:10E49000AAAAAAAAAAAAAAAAAAAAAAAAAAAAAAAADC
:10E4A000AAAAAAAAAAAAAAAAAAAAAAAAAAAAAAAACC
:10E4B000AAAAAAAAAAAAAAAAAAAAAAAAAAAAAAAABC
:10E4C000AAAAAAAAAAAAAAAAAAAAAAAAAAAAAAAAAC
:10E4D000AAAAAAAAAAAAAAAAAAAAAAAAAAAAAAAA9C
:10E4E000AAAAAAAAAAAAAAAAAAAAAAAAAAAAAAAA8C
:10E4F000AAAAAAAAAAAAAAAAAAAAAAAAAAAAAAAA7C
:10E50000AAAAAAAAAAAAAAAAAAAAAAAAAAAAAAAA6B
:10E51000AAAAAAAAAAAAAAAAAAAAAAAAAAAAAAAA5B
:10E52000AAAAAAAAAAAAAAAAAAAAAAAAAAAAAAAA4B
:10E53000AAAAAAAAAAAAAAAAAAAAAAAAAAAAAAAA3B
:10E54000AAAAAAAAAAAAAAAAAAAAAAAAAAAAAAAA2B
:10E55000AAAAAAAAAAAAAAAAAAAAAAAAAAAAAAAA1B
:10E56000AAAAAAAAAAAAAAAAAAAAAAAAAAAAAAAA0B
:10E57000AAAAAAAAAAAAAAAAAAAAAAAAAAAAAAAAFB
:10E58000AAAAAAAAAAAAAAAAAAAAAAAAAAAAAAAAEB
:10E59000AAAAAAAAAAAAAAAAAAAAAAAAAAAAAAAADB
:10E5A000AAAAAAAAAAAAAAAAAAAAAAAAAAAAAAAACB
:10E5B000AAAAAAAAAAAAAAAAAAAAAAAAAAAAAAAABB
:10E5C000AAAAAAAAAAAAAAAAAAAAAAAAAAAAAAAAAB
:10E5D000AAAAAAAAAAAAAAAAAAAAAAAAAAAAAAAA9B
:10E5E000AAAAAAAAAAAAAAAAAAAAAAAAAAAAAAAA8B
:10E5F000AAAAAAAAAAAAAAAAAAAAAAAAAAAAAAAA7B
:10E60000AAAAAAAAAAAAAAAAAAAAAAAAAAAAAAAA6A
:10E61000AAAAAAAAAAAAAAAAAAAAAAAAAAAAAAAA5A
:10E62000AAAAAAAAAAAAAAAAAAAAAAAAAAAAAAAA4A
:10E63000AAAAAAAAAAAAAAAAAAAAAAAAAAAAAAAA3A
:10E64000AAAAAAAAAAAAAAAAAAAAAAAAAAAAAAAA2A
:10E65000AAAAAAAAAAAAAAAA00000000000000006A
:10E66000000000000010101010100000100000004A
:10E67000006C48480000000000000000001414284E
:10E680007C287C28505000000010384040384870EA
:10E6900010100000002050200C700814080000002A
:10E6A0000000001820205448340000000010101012
:10E6B00010000000000000000008081010101010EA
:10E6C000100808000020201010101010102020004A
:10E6D00000107C102828000000000000000010102E
:10E6E00010FE1010100000000000000000000018D4
:10E6F0001030200000000000007C0000000000003E
:10E700000000000000000030300000000004040899
:10E710000810102020400000003844444444444481
:10E720003800000000301010101010107C000000A5
:10E7300000384404081020447C00000000384404E1
:10E740001804044438000000000C141424447E040F
:10E750000E000000003C2020380404443800000073
:10E76000001C20407844444438000000007C4404ED
:10E77000080808101000000000384444384444449D
:10E780003800000000384444443C04087000000095
:10E7900000000030300000303000000000000018A1
:10E7A000180000183020000000000C10608060107D
:10E7B0000C000000000000007C007C000000000055
:10E7C0000000C02018041820C00000000000182419
:10E7D00004081000300000003844444C54544C40AD
:10E7E000443800000030102828287C44EE00000047
:10E7F00000F8444478444444F8000000003C44409D
:10E80000404040443800000000F04844444444483C
:10E81000F000000000FC445070504044FC00000038
:10E82000007E22283828202070000000003C444050
:10E83000404E44443800000000EE44447C444444CC
:10E84000EE000000007C1010101010107C00000082
:10E85000003C0808084848483000000000EE4448E2
:10E8600050704844E600000000702020202024243E
:10E870007C00000000EE6C6C54544444EE00000038
:10E8800000EE64645454544CEC00000000384444DE
:10E8900044444444380000000078242424382020D4
:10E8A000700000000038444444444444381C0000D4
:10E8B00000F8444444784844E200000000344C40EE
:10E8C000380404645800000000FE9210101010106C
:10E8D0003800000000EE4444444444443800000042
:10E8E00000EE4444282828101000000000EE4444A4
:10E8F000545454542800000000C6442810102844E2
:10E90000C600000000EE4428281010103800000057
:10E91000007C4408101020447C00000000382020B7
:10E920002020202020203800004020202010100827
:10E930000808000000380808080808080808380017
:10E94000001010284400000000000000000000003B
:10E9500000000000000000FE0010080000000000A1
:10E960000000000000000038443C44443E00000029
:10E9700000C0405864444444F80000000000003CDB
:10E980004440404438000000000C04344C444444EB
:10E990003E00000000000038447C40403C00000085
:10E9A000001C207C202020207C000000000000367D
:10E9B0004C4444443C04380000C04058644444443F
:10E9C000EE00000000100070101010107C0000001D
:10E9D00000100078080808080808700000C0405CB3
:10E9E00048705048DC00000000301010101010106B
:10E9F0007C000000000000E854545454FE00000065
:10EA0000000000D864444444EE00000000000038D8
:10EA10004444444438000000000000D864444444A6
:10EA20007840E000000000364C4444443C040E00B2
:10EA30000000006C302020207C0000000000003C22
:10EA400044380444780000000000207C202020226C
:10EA50001C000000000000CC4444444C3600000080
:10EA6000000000EE4444282810000000000000EEE2
:10EA70004454545428000000000000CC4830304872
:10EA8000CC000000000000EE44242818101078008C
:10EA90000000007C481020447C000000000810109A
:10EAA000101020101010080000101010101010107E
:10EAB000101000000020101010100810101020007E
:10EAC00000000000002458000000000000000000CA
:10EAD0000000000000000000000000000000000036
:10EAE00000000000000000000000000000000C001A
:10EAF0000C000C000C000C000C000C000C000000C2
:10EB00000C000000000000000000000000000000F9
:10EB10001DC01DC0088008800880000000000000A3
:10EB200000000000000000000000000000000D8058
:10EB30000D800D800D803FC01B003FC01B001B00DF
:10EB40001B001B00000000000000000004001F80EC
:10EB50003180318038001E000F0003803180318009
:10EB60003F00040004000000000000000000180046
:10EB70002400240018C007801E003180024002409B
:10EB80000180000000000000000000000000000004
:10EB90000F001800180018000C001D80370033000B
:10EBA0001D800000000000000000000000000000C8
:10EBB0000700070002000200020000000000000041
:10EBC0000000000000000000000000000000030042
:10EBD000030006000E000C000C000C000C000E00E0
:10EBE0000600030003000000000000000000180001
:10EBF00018000C00060006000600060006000600CD
:10EC00000C001C00180000000000000000000600BE
:10EC100006003FC03FC00F001F80198000000000A9
:10EC200000000000000000000000000000000000E4
:10EC300000000400040004003F80040004000400FD
:10EC400000000000000000000000000000000000C4
:10EC500000000000000000000000000000000600AE
:10EC600004000C0008000800000000000000000084
:10EC700000000000000000003F80000000000000D5
:10EC80000000000000000000000000000000000084
:10EC900000000000000000000000000000000C0068
:10ECA0000C000000000000000000000000C000C0D8
:10ECB000018001800300030006000C000C00180016
:10ECC00018003000300000000000000000000E00BE
:10ECD0001B003180318031803180318031801B00D8
:10ECE0000E00000000000000000000000000060010
:10ECF0003E000600060006000600060006000600AC
:10ED00003FC00000000000000000000000000F00F5
:10ED1000198031803180030006000C00180030009B
:10ED20003F800000000000000000000000003F00E5
:10ED30006180018003001F000380018001806180E9
:10ED40003F0000000000000000000000000007007D
:10ED500007000F000B001B00130033003F8003006F
:10ED60000F800000000000000000000000001F8075
:10ED70001800180018001F001180018001802180F8
:10ED80001F000000000000000000000000000780DD
:10ED90001C00180030003700398031803180198024
:10EDA0000F000000000000000000000000007F00D5
:10EDB0004300030006000600060006000C000C00DD
:10EDC0000C000000000000000000000000001F0018
:10EDD0003180318031801F0031803180318031803D
:10EDE0001F000000000000000000000000001E00E6
:10EDF00033003180318033801D80018003000700A3
:10EE00003C000000000000000000000000000000C6
:10EE1000000000000C000C000000000000000C00CE
:10EE20000C000000000000000000000000000000D6
:10EE300000000000030003000000000000000600C6
:10EE400004000800080000000000000000000000AE
:10EE500000C0030004001800600018000400030054
:10EE600000C00000000000000000000000000000E2
:10EE70000000000000007FC000007FC00000000014
:10EE80000000000000000000000000000000000082
:10EE9000600018000400030000C003000400180014
:10EEA0006000000000000000000000000000000002
:10EEB0001F0031803180018007000C000C00000031
:10EEC0000C000000000000000000000000000E0028
:10EED000110021002100270029002900270020001F
:10EEE00011000E0000000000000000000000000003
:10EEF0003F000F000900198019801F8030C030C00A
:10EF000079E00000000000000000000000000000A8
:10EF10007F003180318031803F003180318031800D
:10EF20007F00000000000000000000000000000062
:10EF30001F4030C060406000600060006040308072
:10EF40001F000000000000000000000000000000A2
:10EF50007F00318030C030C030C030C030C0318020
:10EF60007F00000000000000000000000000000022
:10EF70007F803080308032003E0032003080308030
:10EF80007F80000000000000000000000000000082
:10EF90007FC03040304032003E0032003000300050
:10EFA0007C000000000000000000000000000000E5
:10EFB0001E80318060806000600067C061803180A9
:10EFC0001F00000000000000000000000000000022
:10EFD0007BC03180318031803F8031803180318011
:10EFE0007BC00000000000000000000000000000E6
:10EFF0003FC00600060006000600060006000600E8
:10F000003FC0000000000000000000000000000001
:10F010001FC00300030003000300630063006300DC
:10F020003E000000000000000000000000000000A2
:10F030007BC03180330036003C003E00330031801D
:10F0400079C0000000000000000000000000000087
:10F050007E001800180018001800184018401840CA
:10F060007FC0000000000000000000000000000061
:10F07000E0E060C071C07BC06AC06EC064C060C0A8
:10F08000FBE00000000000000000000000000000A5
:10F0900073C0318039803D80358037803380318046
:10F0A0007980000000000000000000000000000067
:10F0B0001F00318060C060C060C060C060C031802F
:10F0C0001F00000000000000000000000000000021
:10F0D0007F0031803180318031803F00300030004E
:10F0E0007E000000000000000000000000000000A2
:10F0F0001F00318060C060C060C060C060C03180EF
:10F100001F000CC01F800000000000000000000075
:10F110007F003180318031803E003300318031808A
:10F120007CE0000000000000000000000000000083
:10F130001F803180318038001F0003803180318092
:10F140003F00000000000000000000000000000080
:10F150007F804C804C804C800C000C000C000C001C
:10F160003F00000000000000000000000000000060
:10F170007BC031803180318031803180318031807D
:10F180001F00000000000000000000000000000060
:10F190007BC0318031801B001B001B000A000E0069
:10F1A0000E00000000000000000000000000000051
:10F1B000FBE060C064C06EC06EC02A803B803B80B4
:10F1C000318000000000000000000000000000008E
:10F1D0007BC031801B000E000E000E001B00318032
:10F1E0007BC00000000000000000000000000000E4
:10F1F00079E030C019800F00060006000600060006
:10F200001F8000000000000000000000000000005F
:10F210003F8021802300060004000C00188030800D
:10F220003F80000000000000000000000000078098
:10F23000060006000600060006000600060006009E
:10F2400006000600078000000000000030003000CB
:10F25000180018000C000C000600030003000180D9
:10F26000018000C000C000000000000000001E007F
:10F27000060006000600060006000600060006005E
:10F28000060006001E0000000000000004000A0046
:10F290000A00110020802080000000000000000013
:10F2A000000000000000000000000000000000005E
:10F2B000000000000000000000000000000000004E
:10F2C00000000000000000000000FFE00800040053
:10F2D000020000000000000000000000000000002C
:10F2E000000000000000000000000000000000001E
:10F2F000000000001F00018001801F8031803380EA
:10F300001DC00000000000000000000000007000B0
:10F31000300030003700398030C030C030C0398014
:10F320007700000000000000000000000000000066
:10F33000000000001E8031806080600060803180AD
:10F340001F0000000000000000000000000003801B
:10F35000018001801D803380618061806180338005
:10F360001DC00000000000000000000000000000C0
:10F37000000000001F00318060C07FC0600030C00E
:10F380001F8000000000000000000000000007E0F7
:10F390000C000C003F800C000C000C000C000C005A
:10F3A0003F8000000000000000000000000000009E
:10F3B000000000001DC03380618061806180338067
:10F3C0001D80018001801F0000000000000070000F
:10F3D0003000300037003980318031803180318019
:10F3E0007BC00000000000000000000000000600DC
:10F3F000060000001E0006000600060006000600CB
:10F400003FC00000000000000000000000000600F7
:10F41000060000003F000300030003000300030098
:10F420000300030003003E00000000000000700025
:10F4300030003000378036003C003C00360033009E
:10F4400077C00000000000000000000000001E0067
:10F45000060006000600060006000600060006007C
:10F460003FC000000000000000000000000000009D
:10F47000000000007F8036C036C036C036C036C0BF
:10F4800076E0000000000000000000000000000026
:10F490000000000077003980318031803180318078
:10F4A0007BC0000000000000000000000000000021
:10F4B000000000001F00318060C060C060C031806B
:10F4C0001F0000000000000000000000000000001D
:10F4D000000000007700398030C030C030C0398073
:10F4E0003700300030007C00000000000000000009
:10F4F000000000001DC03380618061806180338026
:10F500001D800180018007C0000000000000000095
:10F51000000000007B801CC01800180018001800B4
:10F520007F0000000000000000000000000000005C
:10F53000000000001F8031803C001F0003803180EC
:10F540003F00000000000000000000000000180064
:10F55000180018007F001800180018001800188004
:10F560000F0000000000000000000000000000008C
:10F570000000000073803180318031803180338021
:10F580001DC000000000000000000000000000009E
:10F59000000000007BC0318031801B001B000E008A
:10F5A0000E0000000000000000000000000000004D
:10F5B00000000000F1E060C064C06EC03B803B8092
:10F5C000318000000000000000000000000000008A
:10F5D000000000007BC01B000E000E000E001B0090
:10F5E0007BC00000000000000000000000000000E0
:10F5F0000000000079E030C0198019800B000F0076
:10F60000060006000C003E000000000000000000A4
:10F61000000000003F80218003000E0018003080B1
:10F620003F80000000000000000000000000060015
:10F630000C000C000C000C000C0018000C000C005E
:10F640000C000C0006000000000000000000060096
:10F65000060006000600060006000600060006007A
:10F6600006000600060000000000000000000C007C
:10F67000060006000600060006000300060006005D
:10F68000060006000C000000000000000000000062
:10F6900000000000000018002480030000000000AB
:10F6A000000000000000000000000000000000005A
:10F6B000000000000000000000000000000000004A
:10F6C000000000000000000000000000000000003A
:10F6D000000000000000000000000000000000002A
:10F6E000000000000000000000000000000000001A
:10F6F0000000000000000000000003800003800004
:10F700000380000380000380000380000380000367
:10F7100080000380000100000100000000000000E4
:10F7200000038000038000000000000000000000D3
:10F7300000000000000000000000000000000000C9
:10F7400000000000000E70000E70000E700004201B
:10F75000000420000420000420000000000000003D
:10F760000000000000000000000000000000000099
:10F770000000000000000000000000000000000089
:10F7800000000000000000000000066000066000AD
:10F790000660000660000660003FF8003FF80006C3
:10F7A00060000CC0003FF8003FF8000CC0000CC027
:10F7B000000CC0000CC0000CC000000000000000E5
:10F7C0000000000000000000000000000000000138
:10F7D000800001800007B0000FF000187000187062
:10F7E000001C00000F800007E00000F0001830004F
:10F7F0001C30001C70001FE0001BC00001800001D5
:10F800008000018000018000000000000000000076
:10F81000000000000000000000000780000FC00092
:10F820001CE0001860001860001CE0000FF80007E2
:10F83000E0001FF00007380006180006180007381F
:10F840000003F00001E000000000000000000000E4
:10F8500000000000000000000000000000000000A8
:10F86000000000000000000003F00007F0000C6042
:10F87000000C00000C00000600000700000F9C00B8
:10F880001DFC0018F0001870000FFC0007DC0000E1
:10F890000000000000000000000000000000000068
:10F8A00000000000000000000000000000038000D5
:10F8B000038000038000010000010000010000013E
:10F8C0000000000000000000000000000000000038
:10F8D0000000000000000000000000000000000028
:10F8E0000000000000000000000000000000000018
:10F8F000000000180000380000700000F00000E078
:10F900000000E00001C00001C00001C00001C00013
:10F9100001C00001C00000E00000E0000070000035
:10F920007000003800001800000000000000000017
:10F93000000000000000000000001800001C000093
:10F940000E00000E00000700000700000380000307
:10F950008000038000038000038000038000070014
:10F96000000700000F00000E00001C00001800003F
:10F970000000000000000000000000000000000087
:10F9800000000180000180000180001DB8001FF808
:10F990000007E00003C00003C0000660000660002E
:10F9A0000000000000000000000000000000000057
:10F9B0000000000000000000000000000000000047
:10F9C0000000000000000000000000000000000037
:10F9D0000180000180000180000180000180003F63
:10F9E000FC003FFC000180000180000180000180DC
:10F9F0000001800000000000000000000000000086
:10FA000000000000000000000000000000000000F6
:10FA100000000000000000000000000000000000E6
:10FA200000000000000000000000000000000000D6
:10FA300000000000000000E00000C00001C0000164
:10FA400080000180000300000300000000000000AF
:10FA500000000000000000000000000000000000A6
:10FA60000000000000000000000000000000001F77
:10FA7000F8001FF800000000000000000000000077
:10FA80000000000000000000000000000000000076
:10FA90000000000000000000000000000000000066
:10FAA0000000000000000000000000000000000056
:10FAB0000000000000000000000000000000000046
:10FAC00000000000000003C00003C00003C00000ED
:10FAD0000000000000000000000000000000000026
:10FAE000000000000018000018000038000030007E
:10FAF00000700000600000600000C00000C0000155
:10FB000080000180000300000300000600000600E2
:10FB1000000E00000C00001C00001800001800007F
:10FB200000000000000000000000000000000000D5
:10FB3000000003C00007E0000C30000C3000181873
:10FB400000181800181800181800181800181800C5
:10FB50001818000C30000C300007E00003C0000053
:10FB60000000000000000000000000000000000095
:10FB7000000000000000000000000080000780007E
:10FB80001F80001D800001800001800001800001B5
:10FB90008000018000018000018000018000018060
:10FBA000001FF8001FF80000000000000000000027
:10FBB0000000000000000000000000000000000045
:10FBC000000007C0001FF000383000301800301867
:10FBD0000000180000300000600001C00003800039
:10FBE0000600000C00001800003FF8003FF800007D
:10FBF0000000000000000000000000000000000005
:10FC00000000000000000000000003C0000FE00042
:10FC10000C700000300000300000600003C00003E2
:10FC2000E0000070000018000018000018001838EC
:10FC3000001FF0000FC000000000000000000000E6
:10FC400000000000000000000000000000000000B4
:10FC5000000000E00001E00001E000036000066039
:10FC6000000660000C60000C60001860003060004E
:10FC70003FF8003FF80000600003F80003F80000C0
:10FC80000000000000000000000000000000000074
:10FC9000000000000000000000001FF0001FF00046
:10FCA0001800001800001800001BC0001FF0001C06
:10FCB0003000001800001800001800001800303054
:10FCC000003FF0000FC00000000000000000000036
:10FCD0000000000000000000000000000000000024
:10FCE000000000F80003F8000700000E00000C0000
:10FCF000001800001BC0001FF0001C300018180086
:10FD00001818001818000C38000FF00003E000006D
:10FD100000000000000000000000000000000000E3
:10FD2000000000000000000000001FF8001FF800A5
:10FD30001818001838000030000030000070000073
:10FD4000600000600000E00000C00000C00001C0D2
:10FD500000018000018000000000000000000000A1
:10FD60000000000000000000000000000000000093
:10FD7000000007E0000FF0001C38001818001818E9
:10FD8000000C300007E00007E0000C3000181800FD
:10FD90001818001818001C38000FF00007E00000C9
:10FDA0000000000000000000000000000000000053
:10FDB0000000000000000000000007C0000FF0007D
:10FDC0001C30001818001818001818000C38000F04
:10FDD000F80003D80000180000300000700000E0B8
:10FDE000001FC0001F000000000000000000000015
:10FDF0000000000000000000000000000000000003
:10FE0000000000000000000000000000000003C02F
:10FE10000003C00003C0000000000000000000005C
:10FE200000000000000003C00003C00003C0000089
:10FE300000000000000000000000000000000000C2
:10FE400000000000000000000000000000000000B2
:10FE500000000000000000F00000F00000F00000D2
:10FE6000000000000000000000000000E00001C0F1
:10FE7000000180000180000300000200000000007B
:10FE80000000000000000000000000000000000072
:10FE90000000000000000000001C00003C0000F01A
:10FEA0000003C0000F00003C0000F000003C000018
:10FEB0000F000003C00000F000003C00001C000028
:10FEC0000000000000000000000000000000000032
:10FED0000000000000000000000000000000000022
:10FEE0000000000000000000007FFC007FFC00001C
:10FEF00000000000007FFC007FFC0000000000000C
:10FF000000000000000000000000000000000000F1
:10FF100000000000000000000000000000000000E1
:10FF200000000000000000007000007800001E00CB
:10FF30000007800001E000007800001E000078004B
:10FF400001E0000780001E00007800007000000043
:10FF500000000000000000000000000000000000A1
:10FF60000000000000000000000000000007C000CA
:10FF70000FE000187000183000183000007000000A
:10FF8000E00003C000038000030000000000000048
:10FF90000007000007000000000000000000000053
:10FFA0000000000000000000000000000000000051
:10FFB000000003E00007F0000E38000C180018786D
:10FFC0000018F80019D8001998001998001998001D
:10FFD00018F8001878001800000C00000E18000730
:10FFE000F80003E000000000000000000000000036
:10FFF000000000000000000000000000001F800062
:020000040803EF
:100000001FC00001C000036000036000063000064E
:1000100030000C30000FF8001FF800180C00300CF6
:1000200000FC7F00FC7F00000000000000000000DA
:1000300000000000000000000000000000000000C0
:1000400000000000007FE0007FF000183800181862
:10005000001818001838001FF0001FF800181C00C6
:10006000180C00180C00180C007FF8007FF000003E
:100070000000000000000000000000000000000080
:100080000000000000000000000000000003EC0081
:100090000FFC001C1C00180C00300C00300000305D
:1000A0000000300000300000300000180C001C1C64
:1000B000000FF80003F00000000000000000000046
:1000C0000000000000000000000000000000000030
:1000D00000000000007FC0007FF0001838001818F2
:1000E00000180C00180C00180C00180C00180C005C
:1000F000180C001818001838007FF0007FE000008E
:1001000000000000000000000000000000000000EF
:10011000000000000000000000000000007FF80068
:100120007FF8001818001818001998001980001F8F
:1001300080001F80001980001998001818001818F6
:10014000007FF8007FF800000000000000000000C1
:10015000000000000000000000000000000000009F
:1001600000000000003FFC003FFC000C0C000C0CE9
:10017000000CCC000CC0000FC0000FC0000CC00071
:100180000CC0000C00000C00003FC0003FC000008D
:10019000000000000000000000000000000000005F
:1001A0000000000000000000000000000003EC0060
:1001B0000FFC001C1C00180C00300C00300000303C
:1001C000000030FE0030FE00300C00380C001C1C1B
:1001D000000FFC0003F00000000000000000000021
:1001E000000000000000000000000000000000000F
:1001F00000000000007E7E007E7E001818001818A7
:10020000001818001818001FF8001FF80018180030
:100210001818001818001818007E7E007E7E000056
:1002200000000000000000000000000000000000CE
:10023000000000000000000000000000001FF800A7
:100240001FF8000180000180000180000180000192
:100250008000018000018000018000018000018099
:10026000001FF8001FF80000000000000000000060
:10027000000000000000000000000000000000007E
:10028000000000000007FE0007FE00003000003004
:10029000000030000030000030003030003030000E
:1002A0003030003030003060003FE0000F80000050
:1002B000000000000000000000000000000000003E
:1002C000000000000000000000000000007F3E0071
:1002D0007F3E0018300018600018C0001980001B15
:1002E00080001FC0001CE000187000183000183893
:1002F000007F1F007F1F00000000000000000000C2
:1003000000000000000000000000000000000000ED
:1003100000000000007F80007F80000C00000C00C7
:10032000000C00000C00000C00000C00000C0C0085
:100330000C0C000C0C000C0C007FFC007FFC00007F
:1003400000000000000000000000000000000000AD
:1003500000000000000000000000000000F00F009E
:10036000F81F00381C003C3C003C3C00366C00365A
:100370006C0033CC0033CC00318C00300C00300CDE
:1003800000FE7F00FE7F0000000000000000000073
:10039000000000000000000000000000000000005D
:1003A000000000000078FE0078FE001C18001E18F7
:1003B000001F18001B18001B980019D80018D8003F
:1003C00018F8001878001838007F18007F1800000F
:1003D000000000000000000000000000000000001D
:1003E0000000000000000000000000000003C0004A
:1003F0000FF0001C3800181800381C00300C0030BA
:100400000C00300C00300C00381C001818001C3890
:10041000000FF00003C0000000000000000000001A
:1004200000000000000000000000000000000000CC
:1004300000000000003FF0003FF8000C1C000C0C16
:10044000000C0C000C0C000C18000FF8000FE00062
:100450000C00000C00000C00003FC0003FC000007A
:10046000000000000000000000000000000000008C
:100470000000000000000000000000000003C000B9
:100480000FF0001C3800181800381C00300C003029
:100490000C00300C00300C00381C001818001C3800
:1004A000000FF00007C00007CC000FFC000C380064
:1004B000000000000000000000000000000000003C
:1004C00000000000007FE0007FF0001838001818DE
:1004D000001818001838001FF0001FC00018E000B6
:1004E0001870001830001838007F1E007F0E0000C2
:1004F00000000000000000000000000000000000FC
:100500000000000000000000000000000007D8000C
:100510000FF8001C38001818001818001E00000FF3
:10052000C00003F0000078001818001818001C38EC
:10053000001FF0001BE000000000000000000000B1
:1005400000000000000000000000000000000000AB
:1005500000000000003FFC003FFC00318C00318CAB
:1005600000318C00318C000180000180000180008E
:100570000180000180000180000FF0000FF00000FA
:10058000000000000000000000000000000000006B
:10059000000000000000000000000000007E7E005F
:1005A0007E7E001818001818001818001818001877
:1005B00018001818001818001818001818000C3027
:1005C000000FF00003C00000000000000000000069
:1005D000000000000000000000000000000000001B
:1005E00000000000007F7F007F7F00180C000C18C7
:1005F000000C18000C1800063000063000036000E4
:1006000003600003600001C00001C0000080000022
:1006100000000000000000000000000000000000DA
:1006200000000000000000000000000000FE3F800D
:10063000FE3F8030060030060030860019CC0019DD
:10064000CC001B6C001B6C001E7C000E38000E38AA
:10065000000C18000C180000000000000000000052
:10066000000000000000000000000000000000008A
:1006700000000000007E7E007E7E001818000C3016
:100680000006600003C00001800001800003C0007C
:100690000660000C30001818007E7E007E7E000090
:1006A000000000000000000000000000000000004A
:1006B000000000000000000000000000007C7E0040
:1006C0007C7E001818000C300006600006600003F5
:1006D000C0000180000180000180000180000180D5
:1006E000000FF0000FF0000000000000000000000C
:1006F00000000000000000000000000000000000FA
:1007000000000000001FF8001FF800181800183043
:100710000018600018C000018000030000061800E7
:100720000C18001818003018003FF8003FF80000BF
:1007300000000000000000000000000000000000B9
:100740000000000000000000000001F00001F000C7
:100750000180000180000180000180000180000113
:100760008000018000018000018000018000018084
:100770000001800001800001800001F00001F00014
:100780000000000000000000000000001800001839
:1007900000001C00000C00000E0000060000060017
:1007A0000003000003000001800001800000C00081
:1007B00000C0000060000060000070000030000019
:1007C00038000018000018000000000000000000C1
:1007D000000000000000000000000F80000F8000FB
:1007E0000180000180000180000180000180000183
:1007F00080000180000180000180000180000180F4
:10080000000180000180000180000F80000F800047
:1008100000000000000000000000000000000000D8
:10082000800001C00003E0000770000630000C18D3
:1008300000180C0010040000000000000000000080
:1008400000000000000000000000000000000000A8
:100850000000000000000000000000000000000098
:100860000000000000000000000000000000000088
:100870000000000000000000000000000000000078
:100880000000000000000000000000000000000068
:100890000000000000000000000000000000000058
:1008A000000000000000FFFF00FFFF000000000349
:1008B000000003800000E000006000000000000075
:1008C0000000000000000000000000000000000028
:1008D0000000000000000000000000000000000018
:1008E0000000000000000000000000000000000008
:1008F00000000000000000000000000000000000F8
:100900000000000000000FC0001FE00000300000E9
:10091000300007F0001FF000383000303000307039
:10092000001FFC000FBC00000000000000000000E1
:1009300000000000000000000000000000000000B7
:1009400000007800007800001800001800001BE08C
:10095000001FF8001C1800180C00180C00180C00E0
:10096000180C00180C001C18007FF8007BE0000039
:100970000000000000000000000000000000000077
:100980000000000000000000000000000000000067
:1009900000000000000003EC000FFC001C1C0038ED
:1009A0000C00300C00300000300000380C001C1C23
:1009B000000FF80003F0000000000000000000003D
:1009C0000000000000000000000000000000000027
:1009D000000000780000780000180000180007D818
:1009E000001FF800183800301800301800301800C8
:1009F0003018003018001838001FFE0007DE000015
:100A000000000000000000000000000000000000E6
:100A100000000000000000000000000000000000D6
:100A200000000000000007E0001FF8001818003068
:100A30000C003FFC003FFC00300000300000180CB0
:100A4000001FFC0007F00000000000000000000094
:100A50000000000000000000000000000000000096
:100A6000000001FC0003FC000600000600003FF847
:100A7000003FF80006000006000006000006000027
:100A80000600000600000600003FF0003FF00000F6
:100A90000000000000000000000000000000000056
:100AA0000000000000000000000000000000000046
:100AB00000000000000007DE001FFE0018380030B4
:100AC000180030180030180030180030180018389E
:100AD000001FF80007D800001800001800003800B8
:100AE0000FF0000FC0000000000000000000000038
:100AF00000007800007800001800001800001BE0DB
:100B0000001FF0001C3800181800181800181800F2
:100B10001818001818001818007E7E007E7E00004D
:100B200000000000000000000000000000000000C5
:100B300000000000000000000000018000018000B3
:100B40000000000000001F80001F800001800001E5
:100B50008000018000018000018000018000018090
:100B6000003FFC003FFC000000000000000000000F
:100B70000000000000000000000000000000000075
:100B8000000000C00000C0000000000000001FF0D6
:100B9000001FF00000300000300000300000300086
:100BA0000030000030000030000030000030000055
:100BB00030000030000070001FE0001F80000000C7
:100BC000000000000000000000003C00003C0000AD
:100BD0000C00000C00000CF8000CF8000CC0000D1C
:100BE00080000F80000F00000F80000DC0000CE09F
:100BF000003C7C003C7C0000000000000000000085
:100C000000000000000000000000000000000000E4
:100C100000001F80001F8000018000018000018013
:100C2000000180000180000180000180000180003F
:100C30000180000180000180003FFC003FFC0000BB
:100C400000000000000000000000000000000000A4
:100C50000000000000000000000000000000000094
:100C6000000000000000F77800FFFC0039CC0031E4
:100C70008C00318C00318C00318C00318C00318C37
:100C800000FDEF00FDEF000000000000000000008C
:100C90000000000000000000000000000000000054
:100CA00000000000000000000000000000007BE0E9
:100CB000007FF0001C3800181800181800181800E1
:100CC0001818001818001818007E7E007E7E00009C
:100CD0000000000000000000000000000000000014
:100CE0000000000000000000000000000000000004
:100CF00000000000000003C0000FF0001C380038A6
:100D00001C00300C00300C00300C00381C001C386B
:100D1000000FF00003C00000000000000000000011
:100D200000000000000000000000000000000000C3
:100D300000000000000000000000000000007BE058
:100D4000007FF8001C1800180C00180C00180C008C
:100D5000180C00180C001C18001FF8001BE00018ED
:100D600000001800001800007F00007F0000000055
:100D70000000000000000000000000000000000073
:100D800000000000000007DE001FFE0018380030E1
:100D900018003018003018003018003018001838CB
:100DA000001FF80007D80000180000180000180005
:100DB00000FE0000FE000000000000000000000037
:100DC00000000000000000000000000000003E786D
:100DD000003EFC0007CC00070000060000060000F3
:100DE0000600000600000600003FF0003FF0000093
:100DF00000000000000000000000000000000000F3
:100E000000000000000000000000000000000000E2
:100E100000000000000007F8000FF8001818001884
:100E200018001F80000FF00000F800181800183894
:100E3000001FF0001FE000000000000000000000A4
:100E400000000000000000000000000000000000A2
:100E500000000C00000C00000C00000C00003FF033
:100E6000003FF0000C00000C00000C00000C000023
:100E70000C00000C00000C1C0007FC0003F000003C
:100E80000000000000000000000000000000000062
:100E90000000000000000000000000000000000052
:100EA000000000000000787800787800181800181A
:100EB000180018180018180018180018180018380A
:100EC000000FFE0007DE0000000000000000000030
:100ED0000000000000000000000000000000000012
:100EE00000000000000000000000000000007C3E48
:100EF000007C3E001818001818000C30000C300060
:100F000006600006600007E00003C00003C00000A8
:100F100000000000000000000000000000000000D1
:100F200000000000000000000000000000000000C1
:100F3000000000000000783C00783C0031180033CD
:100F400098003398001AB0001EF0001EF0001C60DC
:100F5000000C60000C6000000000000000000000B9
:100F60000000000000000000000000000000000081
:100F700000000000000000000000000000003E7CB7
:100F8000003E7C000C300006600003C000018000C1
:100F900003C0000660000C30003E7C003E7C000078
:100FA0000000000000000000000000000000000041
:100FB0000000000000000000000000000000000031
:100FC0000000000000007E1F007E1F00180C000CB7
:100FD00018000C180006300006300003600003E023
:100FE0000001C00000C0000180000180000300007B
:100FF0003FC0003FC00000000000000000000000F3
:1010000000000000000000000000000000001FF8C9
:10101000001FF80018300018600000C000018000B8
:101020000300000618000C18001FF8001FF800004D
:1010300000000000000000000000000000000000B0
:101040000000000000000000000000E00001E000DF
:10105000018000018000018000018000018000010A
:1010600080000380000700000380000180000180F1
:101070000001800001800001800001E00000E0002C
:101080000000000000000000000000000000000060
:1010900000000180000180000180000180000180CB
:1010A00000018000018000018000018000018000BB
:1010B00001800001800001800001800001800001AA
:1010C000800001800001800000000000000000009E
:1010D0000000000000000000000007000007800082
:1010E000018000018000018000018000018000017A
:1010F000800001C00000E00001C00001800001800C
:1011000000018000018000018000078000070000CE
:1011100000000000000000000000000000000000CF
:1011200000000000000000000000000000000000BF
:10113000000000000E00001F18003BB80031F00056
:1011400000E00000000000000000000000000000BF
:10115000000000000000000000000000000000008F
:1011600000000000C4E300000000000000000000D8
:10117000000000000000000000000000000000006F
:10118000000001C1C00001E3E00003E3C00003C7A9
:10119000800003C7FFFF078FFFFF078F000F0F1EA1
:1011A000001E0F3C1E1E1F3C1E3E1F181E3C3F0013
:1011B0001E1C7F001E007F079E70FF079EF0EF0F32
:1011C0009E786F0F1E780F0F1E3C0F1E1E3C0F1EC9
:1011D0001E1E0F3C1E1E0F3C1E1F0F7C1E0F0F7885
:1011E0001E0E0F001E000F001E000F003C000F0718
:1011F000FC000F07F80000000000000000000000E5
:1012000000000000000000000000BAC30000000061
:1012100000000000000000000000000000000000CE
:10122000000000000F0000000F0000000F07FFFE8D
:101230000F07FFFE0F00003E1E0000FCFFF801F04C
:10124000FFF803E01E7807C01E780F803C780F007F
:101250003C780F003C780F003C780F003C7FFFFF8C
:1012600078FFFFFF78F00F0078F00F003DE00F00EF
:101270001FE00F000FE00F0007C00F0007E00F0096
:1012800007F00F000FF80F001E7C0F003C380F0016
:1012900078000F00F003FF006001FE000000000076
:1012A000000000000000000000000000000000003E
:1012B000CEA20000000000000000000000000000BE
:1012C00000000000000000000000030701E00787A5
:1012D00001E0070701C00FF779C01EF77BC01EF7BA
:1012E0007B803CF77BFF78F77BFFF8F77F9EF7FF6B
:1012F000FF9E67FFFF9E07007F9C0F000F9C1E0054
:101300001F9C1E7FFFBC3E7FF3FC3E0003FC7E0063
:1013100001F8FE0001F8FE7FE1F8DE7FE1F81E78BB
:10132000E0F01E78EEF01E78FFF01E78FDF81E79D2
:10133000FBFC1EF1F7BC1EF0EF9E1FE00F0F1EC05E
:101340001E0F1E000C07000000000000000000003F
:10135000000000000000C8ED0000000000000000D8
:1013600000000000000000000000000003C0780042
:1013700007807800078078000780F0000F00F000F9
:10138000FFFFFFFFFFFFFFFF1E03C01F1E03C01E66
:101390001FE78F3E3DE78F3C3DEF0F7C3DE70F7829
:1013A00079E00F0079E00E007FFE0E007FFE1F0047
:1013B00001E01F0001E01F0001E01F8001E01F802D
:1013C00001E03F8001FF3FC00FFF7BC0FFF079E0ED
:1013D000F9E0F1F001E1F0F001E3E0F801E7C07CB1
:1013E00001FF803F01FF001F01EC000E0000000024
:1013F000000000000000000000000000D1C5000057
:1014000000000000000000000000000000000000DC
:10141000000000000000000077000000FF007FFCDB
:10142000F7807FFDE3C001C1E3C001C3C1803DC7B8
:10143000FFFF39C7FFFF39CF838079DF838079FFD2
:10144000838079DF838071C383807FFFFFFE7FFF0E
:10145000FFFE03C3838007C3838007C383800FC35A
:1014600083800FC383801FC3FFFE1DC3FFFE3DC3E8
:10147000838079C38380F1C38380F1C3838061C398
:10148000838001C3FFFF03C3FFFF1FC380001F83CF
:1014900080000000000000000000000000000000CC
:1014A0000000BADA000000000000000000000000A8
:1014B000000000000000000000000000000000002C
:1014C000000000001FFFFFFC1FFFFFFC1E03C03CCD
:1014D0001EC3C73C1FE3C7BC1EF3CF3C1EFBDF3C53
:1014E0001E7BDE3C1E33DC3C1E03C03C1FFFFFFCAA
:1014F0001FFFFFFC1E03C03C0003C0000003C00030
:101500003FFFFFFC3FFFFFFC0003C0000003C000E3
:101510000003C000FFFFFFFFFFFFFFFF0000000010
:101520001C3870703E78F8F83C7C787C7C3C3C3E03
:10153000F83E3C1FF01C180E0000000000000000E8
:101540000000000000000000B4CB0000000000001C
:10155000000000000000000000000000000000008B
:1015600000000000000000783C0000783C0000789B
:101570003C0000783C0000783C0000783C0C3C7853
:101580003C1E3C783C3F3C783CF83C7FFDF03C7F87
:10159000FFE03C783F803C783E003C783C003C7863
:1015A0003C003C783C003C783C003C783C003C787B
:1015B0003C003C783C0E3C783C0F3C783C0F3C793E
:1015C000FC0F3C7FFC0F3FFF3C0F3FF03E1EFF0037
:1015D0001FFEF0000FFC00000000000000000000F3
:1015E0000000000000000000000000000000D7D64E
:1015F00000000000000000000000000000000000EB
:101600000000000000038000000780000003C0000D
:101610000003E0000001E0007FFFFFFE7FFFFFFE10
:101620007800001E7800001E7800001E7800001E62
:101630007BFFFFDE03FFFFC000000FC000003F0084
:1016400000007E000001F8000001E0000001E00061
:10165000FFFFFFFFFFFFFFFF0001E0000001E000D0
:101660000001E0000001E0000001E0000001E000F6
:101670000003E0000003C00000FFC00000FF800086
:10168000000000000000000000000000000000005A
:1016900000000000CCE50000000000000000000099
:1016A000000000000000000000000000000000003A
:1016B000000003C03C0003C03C0003C03C000780A6
:1016C0003C0007803C0007803C000FFFFFFF0FFF3E
:1016D000FFFF1F01FE001F01FF003F01FF003F034E
:1016E000FF007F03FF807F07BF80FF07BFC0EF0FB2
:1016F0003DC0CF0F3DE00F1E3DE00F1E3CF00F3C04
:101700003C780F7C3C7C0FF83C3E0FF7FFDF0FE787
:10171000FFCF0FC03C060F003C000F003C000F0045
:101720003C000F003C000F003C00000000000000E7
:1017300000000000000000000000CFC20000000018
:101740000000000000000000000000000000000099
:10175000000000000000000000000000FFFFFFFF8D
:10176000FFFFFFFF000F8000000F8000000F8000D0
:10177000000F8000000F8000000F8000000FE000CD
:10178000000FF800000FFC00000FBF00000F9F804B
:10179000000F87E0000F83F0000F80F8000F807CBF
:1017A000000F8038000F8000000F8000000F8000C5
:1017B000000F8000000F8000000F8000000F8000ED
:1017C000000F8000000F8000000F8000000000006C
:1017D0000000000000000000000000000000000009
:1017E000B6D400000000000000000000000000006F
:1017F00000000000000000000000000000000000E9
:10180000007800000078000000787FFC00787FFC02
:101810000078003C0078003FFFFF303FFFFF783C3E
:1018200000783C3800783E7800781E78C0780F79D0
:10183000E0780FF0F07807F0F87803F0787801E0BE
:101840003C7803F03E7803F0187807F8007807FC3E
:1018500000780F3E00781F1E00783E1F00787C0E37
:1018600000F8F80000F0F0003FF060003FE00000FA
:101870000000000000000000000000000000000068
:10188000000000000000D3A60000000000000000DF
:101890000000000000000000000000000001C00087
:1018A0000003E0000001E0000001F0000000F00093
:1018B0001FFFFFFF1FFFFFFF1E0000001E000000B4
:1018C0001E01E0781E01E0781EE1E0781FF1F0F8DB
:1018D0001EF0F0F01EF0F0F01EF8F0F01E78F1F0BF
:1018E0001E78F9E01E7879E01E7C7BE01E3C7BC010
:1018F0001E3C7BC01E3C7BC03C3E07803C1C0780DE
:101900003C0007803C000F0078000F007BFFFFFFCA
:10191000F3FFFFFFF0000000600000000000000087
:10192000000000000000000000000000B5C400003E
:1019300000000000000000000000000000000000A7
:1019400000000000000003803C0007C03E0007804C
:101950003C0007807C000F0078007FFE7FFE7FFE4A
:10196000FFFE781EF01E781FE01E781FE01E781F15
:10197000C01E781FC01E781FF01E781EF81E781E2D
:101980007C1E7FFE3C1E7FFE1E1E781E1F1E781EC4
:101990000F9E781E079E781E071E781E001E781E5A
:1019A000001E781E003E781E003C781E003C7FFE24
:1019B000003C7FFE007C781E3FF8781E3FF0000060
:1019C0000000000000000000000000000000000017
:1019D0000000B5E30000000000000000000000006F
:1019E0000000000000000000000000000003C00034
:1019F0000003C0000003C0000003C0000003FFFF9D
:101A00000003FFFF0003C0000003C0000003C0008C
:101A10000003C0000FFFFFF80FFFFFF80F00007872
:101A20000F0000780F0000780F0000780F0000789A
:101A30000F0000780FFFFFF80FFFFFF80F0000788E
:101A4000000000000C3838301E7C78783E3C7878F6
:101A50003C3C3C3C7C3E3C3EF81E3C1EF01E1E1FA7
:101A6000701E1C0E000000000000000000000000BE
:101A70000000000000000000D5F30000000000009E
:101A80000000000000000000000000000000000056
:101A9000000000003C00000078007FF078007FF03C
:101AA000780079FFFFFF79FFFFFF79E1E00079E13E
:101AB000E0007BC1EF807BC3CF807BC3CF807F877B
:101AC000CF807F878F807F878F807BCF0F807BCF7A
:101AD000FFFE79EFFFFE79E00F8078E00F8078F06D
:101AE0000F8078F00F8078F00F8078FFFFFF79FF8C
:101AF000FFFF7FE00F807FC00F8078000F807800AD
:101B00000F8078000F8078000F8078000F80000031
:101B10000000000000000000000000000000CEAA4D
:101B200000000000000000000000000000000000B5
:101B3000000000000000000000000000000780001E
:101B40000E0780001F0780000F87800007C78000F6
:101B500001E7800000C78000000780007FFFFFFCD6
:101B60007FFFFFFC0007803C000F803C000F003C23
:101B7000000F003C000F603C001FF03C001E783C52
:101B8000003E3C3C003C3E3C007C1F3C00780F3C4F
:101B900000F8063C01F0003C03E0007C07C0007C3C
:101BA0000F8000781F0000F83E00FFF07C00FFE08F
:101BB00038000000000000000000000000000000ED
:101BC00000000000CAF70000000000000000000054
:101BD0000000000000000000000000000000000005
:101BE00000000F0000380F0000380F0000380F3FD2
:101BF000F8380F3FF8380F007838FFE07FFFFFE03C
:101C00007FFF0F0070380F18F0381F3CF0381F1C92
:101C1000FE381FDEFE383FEFEF383FFFEF383FF76B
:101C2000E7B87F67C7B87F03C3B8FF07E038EF079F
:101C3000E038EF0FF038CF1FF0380F1E78380F3C28
:101C40007C380F783C380FF838380F6000780F0078
:101C50000FF80F0007F00F00000000000000000068
:101C600000000000000000000000DDAE00000000E9
:101C70000000000000000000000000000000000064
:101C800000000000003C1E00003C1E00003C1E0046
:101C9000FFFFFFFFFFFFFFFF003C1E0007BC1E0011
:101CA000078000000FFFFFFC0FFFFFFC1E0000007D
:101CB0003C0000003C0000007FFFFFF0F7FFFFF05A
:101CC000378380F00787C0F00783F0F00700E0F06B
:101CD000FFFFFFFFFFFFFFFF0F0F00E00F0F81E08F
:101CE0000E03E1E01E01C1E01FFFFFFE1FFFFFFE2C
:101CF000000001E0000003C00000FFC00000FF8002
:101D000000000000000000000000000000000000D3
:101D1000C5C9000000000000000000000000000035
:101D2000000000000000000000000000000038007B
:101D3000003E7C003FFE3F3FFFF01FBFE00007BCBE
:101D40000000033C0000003C003C003C0FFE703DE6
:101D5000FFF8F83DFF007C3DE7803F3DE7801F3DF9
:101D6000E78E0E3DE79F003DE7FE0039E7F80039BA
:101D7000E3F01C39E3C01E79E3C01E79E1E01E796F
:101D8000E1E03C79E0F03C79E0F83CF1E07C3CF1CA
:101D9000E37C7DF1EF3F79E1FE1F7BE1F80E7BC331
:101DA000E0007981C0000000000000000000000099
:101DB00000000000000041000000000000000000E2
:101DC0000000000000000000000000000000000013
:101DD0000000000000000000007C000000FC00008B
:101DE00000FE000000FE000001FF000001FF0000F7
:101DF00001EF000003EF800003CF800007C78000E1
:101E000007C7C0000787C0000F83E0000F83E00012
:101E10000F01E0001FFFF0001FFFF0003FFFF80080
:101E20003E00F8003C00F8007C007C007C007C0058
:101E300078003C00F8003E00F8003E000000000082
:101E40000000000000000000000000000000000092
:101E50000000000000000000000000006100000021
:101E60000000000000000000000000000000000072
:101E70000000000000000000000000000000000062
:101E80000000000000000000000000000000000052
:101E90000000000000000000000007F800001FFE26
:101EA00000003FFE00003E3F0000381F0000000F12
:101EB0000000000F000003FF00001FFF00003F8F25
:101EC00000007C0F00007C0F0000781F00007C1FCA
:101ED00000007E7F00007FFF00003FFF00000FCF6B
:101EE00000000000000000000000000000000000F2
:101EF00000000000000000000000000000000000E2
:101F0000000062000000000000000000000000006F
:101F100000000000000000000000000000000000C1
:101F20003C0000003C0000003C0000003C000000C1
:101F30003C0000003C0000003C0000003C000000B1
:101F40003CFE00003DFF80003FFFC0003F8FC0000F
:101F50003F07E0003E03E0003E03E0003C01E000FC
:101F60003C01E0003C01E0003C03E0003E03E000F7
:101F70003E03E0003F07C0003F8FC0003FFF8000EE
:101F80003FFF00003CFC00000000000000000000DB
:101F90000000000000000000000000000000000041
:101FA00000000000000000006300000000000000CE
:101FB0000000000000000000000000000000000021
:101FC0000000000000000000000000000000000011
:101FD0000000000000000000000000000000000001
:101FE00000000000000001FC000007FE00001FFED2
:101FF00000003F8600003E0000007C0000007C00E6
:1020000000007C00000078000000780000007C00E8
:1020100000007C0000007C0000003E0000003F86C5
:1020200000001FFE00000FFE000003FC0000000087
:1020300000000000000000000000000000000000A0
:102040000000000000000000000000000000CEA220
:102050000000000000000000000000000000000080
:102060000000000000000000030701E0078701E016
:10207000070701C00FF779C01EF77BC01EF77B80F2
:102080003CF77BFF78F77BFFF8F77F9EF7FFFF9E1B
:1020900067FFFF9E07007F9C0F000F9C1E001F9C88
:1020A0001E7FFFBC3E7FF3FC3E0003FC7E0001F878
:1020B000FE0001F8FE7FE1F8DE7FE1F81E78E0F037
:1020C0001E78EEF01E78FFF01E78FDF81E79FBFCFE
:1020D0001EF1F7BC1EF0EF9E1FE00F0F1EC01E0F7B
:1020E0001E000C07000000000000000000000000BF
:1020F00000000000D1A90000000000000000000066
:1021000000000000000000000000000000000000CF
:102110000000000000001FFFFFF81FFFFFF8000392
:10212000C0000003C0007FFFFFFE7FFFFFFE7803BB
:10213000C01E7803C01E7FFFFFFE7FFFFFFE00036F
:10214000C0000003C00007FFFFE007FFFFE000033F
:10215000C000000000001FFFFFF81FFFFFF8000095
:102160000078000000781FFFFFF81FFFFFF8000055
:10217000007800000078000000783FFFFFF83FFF84
:10218000FFF80000007800000000000000000000E0
:1021900000000000000000000000B5E700000000A3
:1021A000000000000000000000000000000000002F
:1021B000000000000007800000078000000780008A
:1021C000000780007FFFFFF87FFFFFF8780780F8A7
:1021D000780780F8780780F8780780F8780780F823
:1021E000780780F87FFFFFF87FFFFFF8780780F817
:1021F000780780F8780780F8780780F8780780F803
:10220000780780F87FFFFFF87FFFFFF87807800EE0
:102210007807800F0007800F0007800F0007801FDE
:102220000007801E0003FFFE0001FFFC000000000D
:10223000000000000000000000000000000000009E
:10224000D7D30000000000000000000000000000E4
:10225000000000000000000000000000000000007E
:1022600000001FFFFFF81FFFFFF8000001F800004B
:1022700007E000000FC000001F8000003E000000CB
:10228000FC000001F8000003E0000003E000000390
:10229000E000FFFFFFFFFFFFFFFF0003E000000380
:1022A000E0000003E0000003E0000003E0000003A2
:1022B000E0000003E0000003E0000003E000000392
:1022C000E0000003E0000003C00001FFC00000FFC9
:1022D000800000000000000000000000000000007E
:1022E00000000000000000000000000000000102EB
:1022F00003040607080900000000010203040000AF
:1023000044656275673A206D6972726F72207368F6
:102310006F756C64206265204D4952524F525F4E7A
:102320004F4E452C204D4952524F525F484F524913
:102330005A4F4E54414C2C20202020202020202079
:102340004D4952524F525F564552544943414C20D9
:102350006F72204D4952524F525F4F524947494E7A
:102360000D0A000044656275673A205061696E7419
:102370005F44726177537472696E675F454E20499E
:102380006E70757420657863656564732074686524
:10239000206E6F726D616C20646973706C6179205E
:1023A00072616E67650D0A0044656275673A205078
:1023B00061696E745F44726177436972636C652012
:1023C000496E707574206578636565647320746800
:1023D00065206E6F726D616C20646973706C6179D9
:1023E0002072616E67650D0A000000000C2403086E
:1023F0000000002040000000446600084C24030850
:1024000040000020B0D000005466000858E60208E2
:1024100007000C00CCEA02080B001000ACF6020822
:1024200011001800641103081B0018002000290087
:1024300000A24A040100000010000000000000009B
:0C24400000000000000000000000000090
:0400000508000131BD
:00000001FF
